#
# There is insufficient memory for the Java Runtime Environment to continue.
# Native memory allocation (mmap) failed to map 65536 bytes. Error detail: Failed to commit metaspace.
# Possible reasons:
#   The system is out of physical RAM or swap space
#   This process is running with CompressedOops enabled, and the Java Heap may be blocking the growth of the native heap
# Possible solutions:
#   Reduce memory load on the system
#   Increase physical memory or swap space
#   Check if swap backing store is full
#   Decrease Java heap size (-Xmx/-Xms)
#   Decrease number of Java threads
#   Decrease Java thread stack sizes (-Xss)
#   Set larger code cache with -XX:ReservedCodeCacheSize=
#   JVM is running with Zero Based Compressed Oops mode in which the Java heap is
#     placed in the first 32GB address space. The Java Heap base address is the
#     maximum limit for the native heap growth. Please use -XX:HeapBaseMinAddress
#     to set the Java Heap base and to place the Java Heap above 32GB virtual address.
# This output file may be truncated or incomplete.
#
#  Out of Memory Error (virtualSpaceNode.cpp:113), pid=5432, tid=10912
#
# JRE version: OpenJDK Runtime Environment Temurin-25.0.4+7 (25.0.4+7) (build 25.0.4+7-LTS)
# Java VM: OpenJDK 64-Bit Server VM Temurin-25.0.4+7 (25.0.4+7-LTS, mixed mode, sharing, tiered, compressed oops, compressed class ptrs, g1 gc, windows-amd64)
# No core dump will be written. Minidumps are not enabled by default on client versions of Windows
#

---------------  S U M M A R Y ------------

Command Line: C:\Users\HASAN\AppData\Local\Temp\surefire6429961550371606851\surefirebooter-20260913025347724_3.jar C:\Users\HASAN\AppData\Local\Temp\surefire6429961550371606851 2026-09-13T02-53-47_597-jvmRun1 surefire-20260913025347724_1tmp surefire_0-20260913025347724_2tmp

Host: 13th Gen Intel(R) Core(TM) i7-13700H, 20 cores, 15G,  Windows 11 , 64 bit Build 26100 (10.0.26100.9444)
Time: Sun Sep 13 02:54:07 2026 Egypt Daylight Time elapsed time: 19.770690 seconds (0d 0h 0m 19s)

---------------  T H R E A D  ---------------

Current thread (0x0000028a272e3830):  JavaThread "main"             [_thread_in_vm, id=10912, stack(0x0000009955100000,0x0000009955200000) (1024K)]

Stack: [0x0000009955100000,0x0000009955200000]
Native frames: (J=compiled Java code, j=interpreted, Vv=VM code, C=native code)
V  [jvm.dll+0x7aba79]  (no source info available)
V  [jvm.dll+0x775a3d]  (no source info available)
V  [jvm.dll+0x9fb9ed]  (no source info available)
V  [jvm.dll+0x9fdfe1]  (no source info available)
V  [jvm.dll+0x9fe6f3]  (no source info available)
V  [jvm.dll+0x2fdb36]  (no source info available)
V  [jvm.dll+0x9f88be]  (no source info available)
V  [jvm.dll+0x740974]  (no source info available)
V  [jvm.dll+0x258f0b]  (no source info available)
V  [jvm.dll+0x258cce]  (no source info available)
V  [jvm.dll+0x7433a5]  (no source info available)
V  [jvm.dll+0x743055]  (no source info available)
V  [jvm.dll+0x29b5c2]  (no source info available)
V  [jvm.dll+0x74139e]  (no source info available)
V  [jvm.dll+0x45db44]  (no source info available)
V  [jvm.dll+0x28273b]  (no source info available)
V  [jvm.dll+0x66b1d5]  (no source info available)
V  [jvm.dll+0x96b6e6]  (no source info available)
V  [jvm.dll+0x51c632]  (no source info available)
V  [jvm.dll+0x522458]  (no source info available)
C  [java.dll+0x17c2]  (no source info available)
C  0x0000028a39eaa97a  (no source info available)

The last pc belongs to native nmethod (printed below).
Java frames: (J=compiled Java code, j=interpreted, Vv=VM code)
J 685  java.lang.ClassLoader.defineClass1(Ljava/lang/ClassLoader;Ljava/lang/String;[BIILjava/security/ProtectionDomain;Ljava/lang/String;)Ljava/lang/Class; java.base@25.0.4 (0 bytes) @ 0x0000028a39eaa941 [0x0000028a39eaa880+0x00000000000000c1]
J 13085 c2 java.security.SecureClassLoader.defineClass(Ljava/lang/String;[BIILjava/security/CodeSource;)Ljava/lang/Class; java.base@25.0.4 (16 bytes) @ 0x0000028a3a129014 [0x0000028a3a128e80+0x0000000000000194]
J 9947 c2 jdk.internal.loader.BuiltinClassLoader.findClassOnClassPathOrNull(Ljava/lang/String;)Ljava/lang/Class; java.base@25.0.4 (38 bytes) @ 0x0000028a3a39f500 [0x0000028a3a39df00+0x0000000000001600]
J 6376 c2 java.lang.ClassLoader.loadClass(Ljava/lang/String;)Ljava/lang/Class; java.base@25.0.4 (7 bytes) @ 0x0000028a3a1376b8 [0x0000028a3a136300+0x00000000000013b8]
v  ~StubRoutines::call_stub 0x0000028a397312ed
J 685  java.lang.ClassLoader.defineClass1(Ljava/lang/ClassLoader;Ljava/lang/String;[BIILjava/security/ProtectionDomain;Ljava/lang/String;)Ljava/lang/Class; java.base@25.0.4 (0 bytes) @ 0x0000028a39eaa941 [0x0000028a39eaa880+0x00000000000000c1]
J 13085 c2 java.security.SecureClassLoader.defineClass(Ljava/lang/String;[BIILjava/security/CodeSource;)Ljava/lang/Class; java.base@25.0.4 (16 bytes) @ 0x0000028a3a129014 [0x0000028a3a128e80+0x0000000000000194]
J 9947 c2 jdk.internal.loader.BuiltinClassLoader.findClassOnClassPathOrNull(Ljava/lang/String;)Ljava/lang/Class; java.base@25.0.4 (38 bytes) @ 0x0000028a3a39f500 [0x0000028a3a39df00+0x0000000000001600]
J 6376 c2 java.lang.ClassLoader.loadClass(Ljava/lang/String;)Ljava/lang/Class; java.base@25.0.4 (7 bytes) @ 0x0000028a3a1376b8 [0x0000028a3a136300+0x00000000000013b8]
v  ~StubRoutines::call_stub 0x0000028a397312ed
j  com.fasterxml.jackson.databind.deser.BasicDeserializerFactory.findDefaultDeserializer(Lcom/fasterxml/jackson/databind/DeserializationContext;Lcom/fasterxml/jackson/databind/JavaType;Lcom/fasterxml/jackson/databind/BeanDescription;)Lcom/fasterxml/jackson/databind/JsonDeserializer;+284
j  com.fasterxml.jackson.databind.deser.BeanDeserializerFactory.findStdDeserializer(Lcom/fasterxml/jackson/databind/DeserializationContext;Lcom/fasterxml/jackson/databind/JavaType;Lcom/fasterxml/jackson/databind/BeanDescription;)Lcom/fasterxml/jackson/databind/JsonDeserializer;+4
j  com.fasterxml.jackson.databind.deser.BeanDeserializerFactory.createBeanDeserializer(Lcom/fasterxml/jackson/databind/DeserializationContext;Lcom/fasterxml/jackson/databind/JavaType;Lcom/fasterxml/jackson/databind/BeanDescription;)Lcom/fasterxml/jackson/databind/JsonDeserializer;+158
j  com.fasterxml.jackson.databind.deser.DeserializerCache._createDeserializer2(Lcom/fasterxml/jackson/databind/DeserializationContext;Lcom/fasterxml/jackson/databind/deser/DeserializerFactory;Lcom/fasterxml/jackson/databind/JavaType;Lcom/fasterxml/jackson/databind/BeanDescription;)Lcom/fasterxml/jackson/databind/JsonDeserializer;+218
j  com.fasterxml.jackson.databind.deser.DeserializerCache._createDeserializer(Lcom/fasterxml/jackson/databind/DeserializationContext;Lcom/fasterxml/jackson/databind/deser/DeserializerFactory;Lcom/fasterxml/jackson/databind/JavaType;)Lcom/fasterxml/jackson/databind/JsonDeserializer;+191
j  com.fasterxml.jackson.databind.deser.DeserializerCache._createAndCache2(Lcom/fasterxml/jackson/databind/DeserializationContext;Lcom/fasterxml/jackson/databind/deser/DeserializerFactory;Lcom/fasterxml/jackson/databind/JavaType;Z)Lcom/fasterxml/jackson/databind/JsonDeserializer;+4
j  com.fasterxml.jackson.databind.deser.DeserializerCache._createAndCacheValueDeserializer(Lcom/fasterxml/jackson/databind/DeserializationContext;Lcom/fasterxml/jackson/databind/deser/DeserializerFactory;Lcom/fasterxml/jackson/databind/JavaType;)Lcom/fasterxml/jackson/databind/JsonDeserializer;+133
j  com.fasterxml.jackson.databind.deser.DeserializerCache.findValueDeserializer(Lcom/fasterxml/jackson/databind/DeserializationContext;Lcom/fasterxml/jackson/databind/deser/DeserializerFactory;Lcom/fasterxml/jackson/databind/JavaType;)Lcom/fasterxml/jackson/databind/JsonDeserializer;+23
j  com.fasterxml.jackson.databind.DeserializationContext.findNonContextualValueDeserializer(Lcom/fasterxml/jackson/databind/JavaType;)Lcom/fasterxml/jackson/databind/JsonDeserializer;+10
j  com.fasterxml.jackson.databind.deser.std.UntypedObjectDeserializer._findCustomDeser(Lcom/fasterxml/jackson/databind/DeserializationContext;Lcom/fasterxml/jackson/databind/JavaType;)Lcom/fasterxml/jackson/databind/JsonDeserializer;+2
j  com.fasterxml.jackson.databind.deser.std.UntypedObjectDeserializer.resolve(Lcom/fasterxml/jackson/databind/DeserializationContext;)V+134
j  com.fasterxml.jackson.databind.deser.DeserializerCache._createAndCache2(Lcom/fasterxml/jackson/databind/DeserializationContext;Lcom/fasterxml/jackson/databind/deser/DeserializerFactory;Lcom/fasterxml/jackson/databind/JavaType;Z)Lcom/fasterxml/jackson/databind/JsonDeserializer;+80
j  com.fasterxml.jackson.databind.deser.DeserializerCache._createAndCacheValueDeserializer(Lcom/fasterxml/jackson/databind/DeserializationContext;Lcom/fasterxml/jackson/databind/deser/DeserializerFactory;Lcom/fasterxml/jackson/databind/JavaType;)Lcom/fasterxml/jackson/databind/JsonDeserializer;+133
j  com.fasterxml.jackson.databind.deser.DeserializerCache.findValueDeserializer(Lcom/fasterxml/jackson/databind/DeserializationContext;Lcom/fasterxml/jackson/databind/deser/DeserializerFactory;Lcom/fasterxml/jackson/databind/JavaType;)Lcom/fasterxml/jackson/databind/JsonDeserializer;+23
j  com.fasterxml.jackson.databind.DeserializationContext.findRootValueDeserializer(Lcom/fasterxml/jackson/databind/JavaType;)Lcom/fasterxml/jackson/databind/JsonDeserializer;+10
j  com.fasterxml.jackson.databind.ObjectMapper._findRootDeserializer(Lcom/fasterxml/jackson/databind/DeserializationContext;Lcom/fasterxml/jackson/databind/JavaType;)Lcom/fasterxml/jackson/databind/JsonDeserializer;+20
j  com.fasterxml.jackson.databind.ObjectMapper._readMapAndClose(Lcom/fasterxml/jackson/core/JsonParser;Lcom/fasterxml/jackson/databind/JavaType;)Ljava/lang/Object;+97
j  com.fasterxml.jackson.databind.ObjectMapper.readValue(Ljava/io/Reader;Ljava/lang/Class;)Ljava/lang/Object;+24
j  io.jsonwebtoken.jackson.io.JacksonDeserializer.doDeserialize(Ljava/io/Reader;)Ljava/lang/Object;+9
j  io.jsonwebtoken.io.AbstractDeserializer.deserialize(Ljava/io/Reader;)Ljava/lang/Object;+9
j  io.jsonwebtoken.impl.io.JsonObjectDeserializer.apply(Ljava/io/Reader;)Ljava/util/Map;+12
j  io.jsonwebtoken.impl.DefaultJwtParser.deserialize(Ljava/io/InputStream;Ljava/lang/String;)Ljava/util/Map;+22
j  io.jsonwebtoken.impl.DefaultJwtParser.parse(Ljava/io/Reader;Lio/jsonwebtoken/impl/Payload;)Lio/jsonwebtoken/Jwt;+70
j  io.jsonwebtoken.impl.DefaultJwtParser.parse(Ljava/io/Reader;)Lio/jsonwebtoken/Jwt;+12
j  io.jsonwebtoken.impl.DefaultJwtParser.parse(Ljava/io/Reader;)Ljava/lang/Object;+2
j  io.jsonwebtoken.impl.io.AbstractParser.parse(Ljava/lang/CharSequence;II)Ljava/lang/Object;+22
j  io.jsonwebtoken.impl.io.AbstractParser.parse(Ljava/lang/CharSequence;)Ljava/lang/Object;+16
j  io.jsonwebtoken.impl.DefaultJwtParser.parseSignedClaims(Ljava/lang/CharSequence;)Lio/jsonwebtoken/Jws;+2
j  com.food.foodapp.auth.jwt.JwtUtil.parseClaims(Ljava/lang/String;)Lio/jsonwebtoken/Claims;+18
j  com.food.foodapp.auth.jwt.JwtUtil.parseUserId(Ljava/lang/String;)Ljava/lang/Long;+2
j  com.food.foodapp.auth.jwt.JwtUtilTest.lambda$parseUserId_throws_forExpiredToken$0(Lcom/food/foodapp/auth/jwt/JwtUtil;Ljava/lang/String;)V+2
j  com.food.foodapp.auth.jwt.JwtUtilTest$$Lambda+0x000000008eefd978.call()V+8
j  org.assertj.core.api.ThrowableAssert.catchThrowable(Lorg/assertj/core/api/ThrowableAssert$ThrowingCallable;)Ljava/lang/Throwable;+1
j  org.assertj.core.api.AssertionsForClassTypes.catchThrowable(Lorg/assertj/core/api/ThrowableAssert$ThrowingCallable;)Ljava/lang/Throwable;+1
j  org.assertj.core.api.Assertions.catchThrowable(Lorg/assertj/core/api/ThrowableAssert$ThrowingCallable;)Ljava/lang/Throwable;+1
j  org.assertj.core.api.Assertions.assertThatThrownBy(Lorg/assertj/core/api/ThrowableAssert$ThrowingCallable;)Lorg/assertj/core/api/AbstractThrowableAssert;+1
j  com.food.foodapp.auth.jwt.JwtUtilTest.parseUserId_throws_forExpiredToken()V+59
j  java.lang.invoke.LambdaForm$DMH+0x000000008e1cc400.invokeVirtual(Ljava/lang/Object;Ljava/lang/Object;)V+10 java.base@25.0.4
j  java.lang.invoke.LambdaForm$MH+0x000000008e6c0400.invoke(Ljava/lang/Object;Ljava/lang/Object;)Ljava/lang/Object;+31 java.base@25.0.4
J 10535 c2 jdk.internal.reflect.DirectMethodHandleAccessor.invoke(Ljava/lang/Object;[Ljava/lang/Object;)Ljava/lang/Object; java.base@25.0.4 (92 bytes) @ 0x0000028a3a3949f8 [0x0000028a3a394900+0x00000000000000f8]
J 6951 c1 java.lang.reflect.Method.invoke(Ljava/lang/Object;[Ljava/lang/Object;)Ljava/lang/Object; java.base@25.0.4 (108 bytes) @ 0x0000028a32c6d374 [0x0000028a32c6cd80+0x00000000000005f4]
j  org.junit.platform.commons.util.ReflectionUtils.invokeMethod(Ljava/lang/reflect/Method;Ljava/lang/Object;[Ljava/lang/Object;)Ljava/lang/Object;+42
j  org.junit.platform.commons.support.ReflectionSupport.invokeMethod(Ljava/lang/reflect/Method;Ljava/lang/Object;[Ljava/lang/Object;)Ljava/lang/Object;+3
j  org.junit.jupiter.engine.support.MethodReflectionUtils.invoke(Ljava/lang/reflect/Method;Ljava/lang/Object;[Ljava/lang/Object;)Ljava/lang/Object;+17
j  org.junit.jupiter.engine.execution.MethodInvocation.proceed()Ljava/lang/Object;+18
j  org.junit.jupiter.engine.execution.InvocationInterceptorChain$ValidatingInvocation.proceed()Ljava/lang/Object;+8
j  org.junit.jupiter.engine.extension.TimeoutExtension.intercept(Lorg/junit/jupiter/api/extension/InvocationInterceptor$Invocation;Lorg/junit/jupiter/api/extension/ReflectiveInvocationContext;Lorg/junit/jupiter/api/extension/ExtensionContext;Lorg/junit/jupiter/engine/extension/TimeoutDuration;Lorg/junit/jupiter/engine/extension/TimeoutExtension$TimeoutProvider;)Ljava/lang/Object;+53
j  org.junit.jupiter.engine.extension.TimeoutExtension.interceptTestableMethod(Lorg/junit/jupiter/api/extension/InvocationInterceptor$Invocation;Lorg/junit/jupiter/api/extension/ReflectiveInvocationContext;Lorg/junit/jupiter/api/extension/ExtensionContext;Lorg/junit/jupiter/engine/extension/TimeoutExtension$TimeoutProvider;)Ljava/lang/Object;+31
j  org.junit.jupiter.engine.extension.TimeoutExtension.interceptTestMethod(Lorg/junit/jupiter/api/extension/InvocationInterceptor$Invocation;Lorg/junit/jupiter/api/extension/ReflectiveInvocationContext;Lorg/junit/jupiter/api/extension/ExtensionContext;)V+9
j  org.junit.jupiter.engine.descriptor.TestMethodTestDescriptor$$Lambda+0x000000008e0bfa68.apply(Lorg/junit/jupiter/api/extension/InvocationInterceptor;Lorg/junit/jupiter/api/extension/InvocationInterceptor$Invocation;Lorg/junit/jupiter/api/extension/ReflectiveInvocationContext;Lorg/junit/jupiter/api/extension/ExtensionContext;)V+5
j  org.junit.jupiter.engine.execution.InterceptingExecutableInvoker$ReflectiveInterceptorCall.lambda$ofVoidMethod$0(Lorg/junit/jupiter/engine/execution/InterceptingExecutableInvoker$ReflectiveInterceptorCall$VoidMethodInterceptorCall;Lorg/junit/jupiter/api/extension/InvocationInterceptor;Lorg/junit/jupiter/api/extension/InvocationInterceptor$Invocation;Lorg/junit/jupiter/api/extension/ReflectiveInvocationContext;Lorg/junit/jupiter/api/extension/ExtensionContext;)Ljava/lang/Void;+6
j  org.junit.jupiter.engine.execution.InterceptingExecutableInvoker$ReflectiveInterceptorCall$$Lambda+0x000000008e6bc990.apply(Lorg/junit/jupiter/api/extension/InvocationInterceptor;Lorg/junit/jupiter/api/extension/InvocationInterceptor$Invocation;Lorg/junit/jupiter/api/extension/ReflectiveInvocationContext;Lorg/junit/jupiter/api/extension/ExtensionContext;)Ljava/lang/Object;+9
j  org.junit.jupiter.engine.execution.InterceptingExecutableInvoker.lambda$invoke$0(Lorg/junit/jupiter/engine/execution/InterceptingExecutableInvoker$ReflectiveInterceptorCall;Lorg/junit/jupiter/api/extension/ReflectiveInvocationContext;Lorg/junit/jupiter/api/extension/ExtensionContext;Lorg/junit/jupiter/api/extension/InvocationInterceptor;Lorg/junit/jupiter/api/extension/InvocationInterceptor$Invocation;)Ljava/lang/Object;+6
j  org.junit.jupiter.engine.execution.InterceptingExecutableInvoker$$Lambda+0x000000008e6bd090.apply(Lorg/junit/jupiter/api/extension/InvocationInterceptor;Lorg/junit/jupiter/api/extension/InvocationInterceptor$Invocation;)Ljava/lang/Object;+14
j  org.junit.jupiter.engine.execution.InvocationInterceptorChain$InterceptedInvocation.proceed()Ljava/lang/Object;+12
j  org.junit.jupiter.engine.execution.InvocationInterceptorChain.proceed(Lorg/junit/jupiter/api/extension/InvocationInterceptor$Invocation;)Ljava/lang/Object;+1
j  org.junit.jupiter.engine.execution.InvocationInterceptorChain.chainAndInvoke(Lorg/junit/jupiter/api/extension/InvocationInterceptor$Invocation;Lorg/junit/jupiter/engine/execution/InvocationInterceptorChain$InterceptorCall;Ljava/util/List;)Ljava/lang/Object;+24
j  org.junit.jupiter.engine.execution.InvocationInterceptorChain.invoke(Lorg/junit/jupiter/api/extension/InvocationInterceptor$Invocation;Lorg/junit/jupiter/engine/extension/ExtensionRegistry;Lorg/junit/jupiter/engine/execution/InvocationInterceptorChain$InterceptorCall;)Ljava/lang/Object;+31
j  org.junit.jupiter.engine.execution.InterceptingExecutableInvoker.invoke(Lorg/junit/jupiter/api/extension/InvocationInterceptor$Invocation;Lorg/junit/jupiter/api/extension/ReflectiveInvocationContext;Lorg/junit/jupiter/api/extension/ExtensionContext;Lorg/junit/jupiter/engine/extension/ExtensionRegistry;Lorg/junit/jupiter/engine/execution/InterceptingExecutableInvoker$ReflectiveInterceptorCall;)Ljava/lang/Object;+15
j  org.junit.jupiter.engine.execution.InterceptingExecutableInvoker.invoke(Ljava/lang/reflect/Method;Ljava/lang/Object;Lorg/junit/jupiter/api/extension/ExtensionContext;Lorg/junit/jupiter/engine/extension/ExtensionRegistry;Lorg/junit/jupiter/engine/execution/InterceptingExecutableInvoker$ReflectiveInterceptorCall;)Ljava/lang/Object;+59
j  org.junit.jupiter.engine.execution.InterceptingExecutableInvoker.invokeVoid(Ljava/lang/reflect/Method;Ljava/lang/Object;Lorg/junit/jupiter/api/extension/ExtensionContext;Lorg/junit/jupiter/engine/extension/ExtensionRegistry;Lorg/junit/jupiter/engine/execution/InterceptingExecutableInvoker$ReflectiveInterceptorCall$VoidMethodInterceptorCall;)V+11
j  org.junit.jupiter.engine.descriptor.TestMethodTestDescriptor.lambda$invokeTestMethod$0(Lorg/junit/jupiter/api/extension/ExtensionContext;Lorg/junit/jupiter/engine/execution/JupiterEngineExecutionContext;)V+28
j  org.junit.jupiter.engine.descriptor.TestMethodTestDescriptor$$Lambda+0x000000008e6bc760.execute()V+12
J 7892 c1 org.junit.platform.engine.support.hierarchical.ThrowableCollector.execute(Lorg/junit/platform/engine/support/hierarchical/ThrowableCollector$Executable;)V (20 bytes) @ 0x0000028a32dea28c [0x0000028a32dea180+0x000000000000010c]
j  org.junit.jupiter.engine.descriptor.TestMethodTestDescriptor.invokeTestMethod(Lorg/junit/jupiter/engine/execution/JupiterEngineExecutionContext;Lorg/junit/platform/engine/support/hierarchical/Node$DynamicTestExecutor;)V+21
j  org.junit.jupiter.engine.descriptor.TestMethodTestDescriptor.execute(Lorg/junit/jupiter/engine/execution/JupiterEngineExecutionContext;Lorg/junit/platform/engine/support/hierarchical/Node$DynamicTestExecutor;)Lorg/junit/jupiter/engine/execution/JupiterEngineExecutionContext;+44
j  org.junit.jupiter.engine.descriptor.TestMethodTestDescriptor.execute(Lorg/junit/platform/engine/support/hierarchical/EngineExecutionContext;Lorg/junit/platform/engine/support/hierarchical/Node$DynamicTestExecutor;)Lorg/junit/platform/engine/support/hierarchical/EngineExecutionContext;+6
j  org.junit.platform.engine.support.hierarchical.NodeTestTask.lambda$executeRecursively$2(Lorg/junit/platform/engine/support/hierarchical/ThrowableCollector;)V+78
j  org.junit.platform.engine.support.hierarchical.NodeTestTask$$Lambda+0x000000008e13f400.execute()V+8
J 7892 c1 org.junit.platform.engine.support.hierarchical.ThrowableCollector.execute(Lorg/junit/platform/engine/support/hierarchical/ThrowableCollector$Executable;)V (20 bytes) @ 0x0000028a32dea28c [0x0000028a32dea180+0x000000000000010c]
j  org.junit.platform.engine.support.hierarchical.NodeTestTask.lambda$executeRecursively$1(Lorg/junit/platform/engine/support/hierarchical/ThrowableCollector;Lorg/junit/platform/engine/support/hierarchical/EngineExecutionContext;)V+13
j  org.junit.platform.engine.support.hierarchical.NodeTestTask$$Lambda+0x000000008e13f1d0.invoke(Lorg/junit/platform/engine/support/hierarchical/EngineExecutionContext;)V+9
j  org.junit.platform.engine.support.hierarchical.Node.around(Lorg/junit/platform/engine/support/hierarchical/EngineExecutionContext;Lorg/junit/platform/engine/support/hierarchical/Node$Invocation;)V+2
j  org.junit.platform.engine.support.hierarchical.NodeTestTask.lambda$executeRecursively$0(Lorg/junit/platform/engine/support/hierarchical/ThrowableCollector;)V+15
j  org.junit.platform.engine.support.hierarchical.NodeTestTask$$Lambda+0x000000008e13ed98.execute()V+8
J 7892 c1 org.junit.platform.engine.support.hierarchical.ThrowableCollector.execute(Lorg/junit/platform/engine/support/hierarchical/ThrowableCollector$Executable;)V (20 bytes) @ 0x0000028a32dea28c [0x0000028a32dea180+0x000000000000010c]
j  org.junit.platform.engine.support.hierarchical.NodeTestTask.executeRecursively()V+34
j  org.junit.platform.engine.support.hierarchical.NodeTestTask.execute()V+79
j  org.junit.platform.engine.support.hierarchical.SameThreadHierarchicalTestExecutorService$$Lambda+0x000000008e144000.accept(Ljava/lang/Object;)V+4
J 2373 c1 java.util.ArrayList.forEach(Ljava/util/function/Consumer;)V java.base@25.0.4 (74 bytes) @ 0x0000028a3265f9ac [0x0000028a3265f780+0x000000000000022c]
j  org.junit.platform.engine.support.hierarchical.SameThreadHierarchicalTestExecutorService.invokeAll(Ljava/util/List;)V+6
j  org.junit.platform.engine.support.hierarchical.NodeTestTask.lambda$executeRecursively$2(Lorg/junit/platform/engine/support/hierarchical/ThrowableCollector;)V+115
j  org.junit.platform.engine.support.hierarchical.NodeTestTask$$Lambda+0x000000008e13f400.execute()V+8
J 7892 c1 org.junit.platform.engine.support.hierarchical.ThrowableCollector.execute(Lorg/junit/platform/engine/support/hierarchical/ThrowableCollector$Executable;)V (20 bytes) @ 0x0000028a32dea28c [0x0000028a32dea180+0x000000000000010c]
j  org.junit.platform.engine.support.hierarchical.NodeTestTask.lambda$executeRecursively$1(Lorg/junit/platform/engine/support/hierarchical/ThrowableCollector;Lorg/junit/platform/engine/support/hierarchical/EngineExecutionContext;)V+13
j  org.junit.platform.engine.support.hierarchical.NodeTestTask$$Lambda+0x000000008e13f1d0.invoke(Lorg/junit/platform/engine/support/hierarchical/EngineExecutionContext;)V+9
j  org.junit.platform.engine.support.hierarchical.Node.around(Lorg/junit/platform/engine/support/hierarchical/EngineExecutionContext;Lorg/junit/platform/engine/support/hierarchical/Node$Invocation;)V+2
j  org.junit.platform.engine.support.hierarchical.NodeTestTask.lambda$executeRecursively$0(Lorg/junit/platform/engine/support/hierarchical/ThrowableCollector;)V+15
j  org.junit.platform.engine.support.hierarchical.NodeTestTask$$Lambda+0x000000008e13ed98.execute()V+8
J 7892 c1 org.junit.platform.engine.support.hierarchical.ThrowableCollector.execute(Lorg/junit/platform/engine/support/hierarchical/ThrowableCollector$Executable;)V (20 bytes) @ 0x0000028a32dea28c [0x0000028a32dea180+0x000000000000010c]
j  org.junit.platform.engine.support.hierarchical.NodeTestTask.executeRecursively()V+34
j  org.junit.platform.engine.support.hierarchical.NodeTestTask.execute()V+79
j  org.junit.platform.engine.support.hierarchical.SameThreadHierarchicalTestExecutorService$$Lambda+0x000000008e144000.accept(Ljava/lang/Object;)V+4
J 2373 c1 java.util.ArrayList.forEach(Ljava/util/function/Consumer;)V java.base@25.0.4 (74 bytes) @ 0x0000028a3265f9ac [0x0000028a3265f780+0x000000000000022c]
j  org.junit.platform.engine.support.hierarchical.SameThreadHierarchicalTestExecutorService.invokeAll(Ljava/util/List;)V+6
j  org.junit.platform.engine.support.hierarchical.NodeTestTask.lambda$executeRecursively$2(Lorg/junit/platform/engine/support/hierarchical/ThrowableCollector;)V+115
j  org.junit.platform.engine.support.hierarchical.NodeTestTask$$Lambda+0x000000008e13f400.execute()V+8
j  org.junit.platform.engine.support.hierarchical.ThrowableCollector.execute(Lorg/junit/platform/engine/support/hierarchical/ThrowableCollector$Executable;)V+1
j  org.junit.platform.engine.support.hierarchical.NodeTestTask.lambda$executeRecursively$1(Lorg/junit/platform/engine/support/hierarchical/ThrowableCollector;Lorg/junit/platform/engine/support/hierarchical/EngineExecutionContext;)V+13
j  org.junit.platform.engine.support.hierarchical.NodeTestTask$$Lambda+0x000000008e13f1d0.invoke(Lorg/junit/platform/engine/support/hierarchical/EngineExecutionContext;)V+9
j  org.junit.platform.engine.support.hierarchical.Node.around(Lorg/junit/platform/engine/support/hierarchical/EngineExecutionContext;Lorg/junit/platform/engine/support/hierarchical/Node$Invocation;)V+2
j  org.junit.platform.engine.support.hierarchical.NodeTestTask.lambda$executeRecursively$0(Lorg/junit/platform/engine/support/hierarchical/ThrowableCollector;)V+15
j  org.junit.platform.engine.support.hierarchical.NodeTestTask$$Lambda+0x000000008e13ed98.execute()V+8
j  org.junit.platform.engine.support.hierarchical.ThrowableCollector.execute(Lorg/junit/platform/engine/support/hierarchical/ThrowableCollector$Executable;)V+1
j  org.junit.platform.engine.support.hierarchical.NodeTestTask.executeRecursively()V+34
j  org.junit.platform.engine.support.hierarchical.NodeTestTask.execute()V+79
j  org.junit.platform.engine.support.hierarchical.SameThreadHierarchicalTestExecutorService.submit(Lorg/junit/platform/engine/support/hierarchical/HierarchicalTestExecutorService$TestTask;)Ljava/util/concurrent/Future;+1
j  org.junit.platform.engine.support.hierarchical.HierarchicalTestExecutor.execute()Ljava/util/concurrent/Future;+8
j  org.junit.platform.engine.support.hierarchical.HierarchicalTestEngine.execute(Lorg/junit/platform/engine/ExecutionRequest;)V+31
j  org.junit.platform.launcher.core.EngineExecutionOrchestrator.executeEngine(Lorg/junit/platform/engine/TestDescriptor;Lorg/junit/platform/engine/EngineExecutionListener;Lorg/junit/platform/engine/ConfigurationParameters;Lorg/junit/platform/engine/TestEngine;Lorg/junit/platform/engine/OutputDirectoryCreator;Lorg/junit/platform/launcher/core/DiscoveryIssueNotifier;Lorg/junit/platform/engine/support/store/NamespacedHierarchicalStore;Lorg/junit/platform/engine/CancellationToken;)V+26
j  org.junit.platform.launcher.core.EngineExecutionOrchestrator.failOrExecuteEngine(Lorg/junit/platform/launcher/core/LauncherDiscoveryResult;Lorg/junit/platform/engine/EngineExecutionListener;Lorg/junit/platform/engine/TestEngine;Lorg/junit/platform/engine/support/store/NamespacedHierarchicalStore;Lorg/junit/platform/engine/CancellationToken;)V+177
j  org.junit.platform.launcher.core.EngineExecutionOrchestrator.execute(Lorg/junit/platform/launcher/core/LauncherDiscoveryResult;Lorg/junit/platform/engine/EngineExecutionListener;Lorg/junit/platform/engine/support/store/NamespacedHierarchicalStore;Lorg/junit/platform/engine/CancellationToken;)V+70
j  org.junit.platform.launcher.core.EngineExecutionOrchestrator.execute(Lorg/junit/platform/launcher/core/InternalTestPlan;Lorg/junit/platform/engine/EngineExecutionListener;Lorg/junit/platform/launcher/TestExecutionListener;Lorg/junit/platform/engine/support/store/NamespacedHierarchicalStore;Lorg/junit/platform/engine/CancellationToken;)V+59
j  org.junit.platform.launcher.core.EngineExecutionOrchestrator.lambda$execute$0(Lorg/junit/platform/launcher/core/InternalTestPlan;Lorg/junit/platform/engine/support/store/NamespacedHierarchicalStore;Lorg/junit/platform/engine/CancellationToken;Lorg/junit/platform/launcher/TestExecutionListener;)V+9
j  org.junit.platform.launcher.core.EngineExecutionOrchestrator$$Lambda+0x000000008e12c478.accept(Ljava/lang/Object;)V+20
j  org.junit.platform.launcher.core.EngineExecutionOrchestrator.withInterceptedStreams(Lorg/junit/platform/engine/ConfigurationParameters;Lorg/junit/platform/launcher/core/ListenerRegistry;Ljava/util/function/Consumer;)V+51
j  org.junit.platform.launcher.core.EngineExecutionOrchestrator.execute(Lorg/junit/platform/launcher/core/InternalTestPlan;Lorg/junit/platform/engine/support/store/NamespacedHierarchicalStore;Ljava/util/Collection;Lorg/junit/platform/engine/CancellationToken;)V+28
j  org.junit.platform.launcher.core.DefaultLauncher.execute(Lorg/junit/platform/launcher/core/InternalTestPlan;Ljava/util/Collection;Lorg/junit/platform/engine/CancellationToken;)V+15
j  org.junit.platform.launcher.core.DefaultLauncher.execute(Lorg/junit/platform/launcher/LauncherExecutionRequest;)V+42
j  org.junit.platform.launcher.core.DelegatingLauncher.execute(Lorg/junit/platform/launcher/LauncherExecutionRequest;)V+5
j  org.junit.platform.launcher.core.InterceptingLauncher.lambda$execute$2(Lorg/junit/platform/launcher/LauncherExecutionRequest;)Ljava/lang/Object;+2
j  org.junit.platform.launcher.core.InterceptingLauncher$$Lambda+0x000000008e127bd8.proceed()Ljava/lang/Object;+8
j  org.junit.platform.launcher.core.ClasspathAlignmentCheckingLauncherInterceptor.intercept(Lorg/junit/platform/launcher/LauncherInterceptor$Invocation;)Ljava/lang/Object;+1
j  org.junit.platform.launcher.core.InterceptingLauncher.execute(Lorg/junit/platform/launcher/LauncherExecutionRequest;)V+11
j  org.junit.platform.launcher.core.DelegatingLauncher.execute(Lorg/junit/platform/launcher/LauncherExecutionRequest;)V+5
j  java.lang.invoke.LambdaForm$DMH+0x000000008e0b0800.invokeInterface(Ljava/lang/Object;Ljava/lang/Object;Ljava/lang/Object;)V+24 java.base@25.0.4
j  java.lang.invoke.LambdaForm$MH+0x000000008e12a000.invoke(Ljava/lang/Object;Ljava/lang/Object;Ljava/lang/Object;)Ljava/lang/Object;+52 java.base@25.0.4
j  java.lang.invoke.Invokers$Holder.invokeExact_MT(Ljava/lang/Object;Ljava/lang/Object;Ljava/lang/Object;Ljava/lang/Object;)Ljava/lang/Object;+20 java.base@25.0.4
j  jdk.internal.reflect.DirectMethodHandleAccessor.invokeImpl(Ljava/lang/Object;[Ljava/lang/Object;)Ljava/lang/Object;+55 java.base@25.0.4
j  jdk.internal.reflect.DirectMethodHandleAccessor.invoke(Ljava/lang/Object;[Ljava/lang/Object;)Ljava/lang/Object;+23 java.base@25.0.4
j  java.lang.reflect.Method.invoke(Ljava/lang/Object;[Ljava/lang/Object;)Ljava/lang/Object;+102 java.base@25.0.4
j  org.apache.maven.surefire.api.util.ReflectionUtils.invokeMethodWithArray(Ljava/lang/Object;Ljava/lang/reflect/Method;[Ljava/lang/Object;)Ljava/lang/Object;+3
j  org.apache.maven.surefire.junitplatform.LauncherAdapter.executeWithCancellationToken(Lorg/junit/platform/launcher/LauncherDiscoveryRequest;[Lorg/junit/platform/launcher/TestExecutionListener;)V+32
j  org.apache.maven.surefire.junitplatform.LauncherAdapter.execute(Lorg/junit/platform/launcher/LauncherDiscoveryRequest;[Lorg/junit/platform/launcher/TestExecutionListener;)V+19
j  org.apache.maven.surefire.junitplatform.JUnitPlatformProvider.execute(Lorg/apache/maven/surefire/junitplatform/LauncherAdapter;Lorg/apache/maven/surefire/api/util/TestsToRun;Lorg/apache/maven/surefire/junitplatform/RunListenerAdapter;)V+61
j  org.apache.maven.surefire.junitplatform.JUnitPlatformProvider.invokeAllTests(Lorg/apache/maven/surefire/junitplatform/LauncherAdapter;Lorg/apache/maven/surefire/api/util/TestsToRun;Lorg/apache/maven/surefire/junitplatform/RunListenerAdapter;)V+36
j  org.apache.maven.surefire.junitplatform.JUnitPlatformProvider.invoke(Ljava/lang/Object;)Lorg/apache/maven/surefire/api/suite/RunResult;+144
j  org.apache.maven.surefire.booter.ForkedBooter.runSuitesInProcess()V+8
j  org.apache.maven.surefire.booter.ForkedBooter.execute()V+1
j  org.apache.maven.surefire.booter.ForkedBooter.run(Lorg/apache/maven/surefire/booter/ForkedBooter;[Ljava/lang/String;)V+27
j  org.apache.maven.surefire.booter.ForkedBooter.main([Ljava/lang/String;)V+10
v  ~StubRoutines::call_stub 0x0000028a397312ed
Lock stack of current Java thread (top to bottom):
LockStack[2]: java.lang.Object 
{0x000000070d2b3da0} - klass: 'java/lang/Object' - flags: 

 - ---- fields (total size 2 words):
LockStack[1]: java.lang.Object 
{0x000000070d2af6f0} - klass: 'java/lang/Object' - flags: 

 - ---- fields (total size 2 words):
LockStack[0]: [I 
{0x000000070d2af5b0} - klass: {type array int} - flags: is_cloneable_fast 

 - length: 0


Compiled method (n/a) 19977  685     n 0       java.lang.ClassLoader::defineClass1 (native)
 total in heap  [0x0000028a39eaa788,0x0000028a39eaaba8] = 1056
 main code      [0x0000028a39eaa880,0x0000028a39eaaba8] = 808
 mutable data [0x0000028a4ee7fe40,0x0000028a4ee7fe60] = 32
 relocation     [0x0000028a4ee7fe40,0x0000028a4ee7fe60] = 32

[Constant Pool (empty)]

[MachCode]
[Entry Point]
  # {method} {0x000000008d4a2578} 'defineClass1' '(Ljava/lang/ClassLoader;Ljava/lang/String;[BIILjava/security/ProtectionDomain;Ljava/lang/String;)Ljava/lang/Class;' in 'java/lang/ClassLoader'
  # parm0:    rdx:rdx   = 'java/lang/ClassLoader'
  # parm1:    r8:r8     = 'java/lang/String'
  # parm2:    r9:r9     = '[B'
  # parm3:    rdi       = int
  # parm4:    rsi       = int
  # parm5:    rcx:rcx   = 'java/security/ProtectionDomain'
  # parm6:    [sp+0xa0]   = 'java/lang/String'  (sp of caller)
  0x0000028a39eaa880: 6690 448b | 5208 443b 

  0x0000028a39eaa888: ;   {runtime_call Shared Runtime ic_miss_blob}
  0x0000028a39eaa888: 5008 0f85 | 5042 8dff 
[Verified Entry Point]
  0x0000028a39eaa890: 8984 2400 | 80ff ff55 | 488b ec48 | 81ec 9000 | 0000 6690 | 4181 7f20 | 0d00 0000 

  0x0000028a39eaa8ac: ;   {runtime_call Stub::method_entry_barrier}
  0x0000028a39eaa8ac: 7405 e88d | 998b ff48 | 837d 1000 | 488d 4510 | 480f 4445 | 1048 8944 | 2440 4889 | 4c24 7048 
  0x0000028a39eaa8cc: 83f9 0048 | 8d44 2470 | 480f 4444 | 2470 4889 | 4424 3848 | 8974 2430 | 4889 7c24 | 284c 894c 
  0x0000028a39eaa8ec: 2458 4983 | f900 488d | 4424 5848 | 0f44 4424 | 5848 8944 | 2420 4c89 | 4424 5049 | 83f8 004c 
  0x0000028a39eaa90c: 8d4c 2450 | 4c0f 444c | 2450 4889 | 5424 4848 | 83fa 004c | 8d44 2448 | 4c0f 4444 

  0x0000028a39eaa928: ;   {oop(a 'java/lang/Class'{0x00000007ff953070} = 'java/lang/ClassLoader')}
  0x0000028a39eaa928: 2448 49be | 7030 95ff | 0700 0000 | 4c89 7424 | 784c 8d74 | 2478 498b | d6c5 f877 

  0x0000028a39eaa944: ;   {internal_word}
  0x0000028a39eaa944: 49ba 41a9 | ea39 8a02 | 0000 4d89 | 9730 0400 | 0049 89a7 | 2804 0000 | 498d 8f48 | 0400 0041 
  0x0000028a39eaa964: c787 d404 | 0000 0400 

  0x0000028a39eaa96c: ;   {runtime_call}
  0x0000028a39eaa96c: 0000 48b8 | 8016 bf95 | ff7f 0000 | ffd0 c5f8 | 7741 c787 | d404 0000 | 0500 0000 | f083 4424 
  0x0000028a39eaa98c: c000 493b | 6f28 0f87 | 0e00 0000 | 4183 bfd0 | 0400 0000 | 0f84 2b00 | 0000 c5f8 | 7748 8945 
  0x0000028a39eaa9ac: f849 8bcf | 4c8b e448 | 83ec 2048 

  0x0000028a39eaa9b8: ;   {runtime_call}
  0x0000028a39eaa9b8: 83e4 f048 | b8e0 d810 | e5fe 7f00 | 00ff d049 | 8be4 4d33 | e448 8b45 | f841 c787 | d404 0000 
  0x0000028a39eaa9d8: 0800 0000 | 4183 bf50 | 0500 0002 | 0f84 9101 | 0000 49c7 | 8728 0400 | 0000 0000 | 0049 c787 
  0x0000028a39eaa9f8: 3004 0000 | 0000 0000 | c5f8 7748 | 85c0 0f84 | 2f01 0000 | a803 0f85 | 0800 0000 | 488b 00e9 
  0x0000028a39eaaa18: 1f01 0000 | a801 0f85 | 0900 0000 | 488b 40fe | e90e 0100 | 0048 8b40 | ff41 807f | 4800 0f84 
  0x0000028a39eaaa38: ff00 0000 | 4883 f800 | 0f84 f500 | 0000 498b | 4f38 4885 | c90f 8414 | 0000 0048 | 83e9 0849 
  0x0000028a39eaaa58: 894f 3849 | 034f 4048 | 8901 e9d4 | 0000 0048 | 83ec 7048 | 8904 2448 | 894c 2408 | 4889 5424 
  0x0000028a39eaaa78: 104c 8944 | 2418 4c89 | 4c24 204c | 8954 2428 | 4c89 5c24 | 30c5 fb11 | 4424 40c5 | fb11 4c24 
  0x0000028a39eaaa98: 48c5 fb11 | 5424 50c5 | fb11 5c24 | 58c5 fb11 | 6424 60c5 | fb11 6c24 | 6849 8bd7 | 488b c848 
  0x0000028a39eaaab8: ;   {other}
  0x0000028a39eaaab8: 83ec 2040 | f6c4 0f0f | 8419 0000 | 0048 83ec 

  0x0000028a39eaaac8: ;   {runtime_call}
  0x0000028a39eaaac8: 0848 b800 | 9503 e5fe | 7f00 00ff | d048 83c4 | 08e9 0c00 

  0x0000028a39eaaadc: ;   {runtime_call}
  0x0000028a39eaaadc: 0000 48b8 | 0095 03e5 | fe7f 0000 | ffd0 4883 | c420 c5fb | 106c 2468 | c5fb 1064 | 2460 c5fb 
  0x0000028a39eaaafc: 105c 2458 | c5fb 1054 | 2450 c5fb | 104c 2448 | c5fb 1044 | 2440 4c8b | 5c24 304c | 8b54 2428 
  0x0000028a39eaab1c: 4c8b 4c24 | 204c 8b44 | 2418 488b | 5424 1048 | 8b4c 2408 | 488b 0424 | 4883 c470 | c5f8 7749 
  0x0000028a39eaab3c: 8b8f b804 | 0000 c781 | 0001 0000 | 0000 0000 

  0x0000028a39eaab4c: ;   {poll_return}
  0x0000028a39eaab4c: c941 f647 | 2801 7416 

  0x0000028a39eaab54: ;   {internal_word}
  0x0000028a39eaab54: 49ba 4dab | ea39 8a02 | 0000 4d89 | 97e0 0400 

  0x0000028a39eaab64: ;   {runtime_call SafepointBlob}
  0x0000028a39eaab64: 00e9 f663 | 8dff 4983 | 7f08 000f | 8501 0000 

  0x0000028a39eaab74: ;   {runtime_call Stub::forward_exception}
  0x0000028a39eaab74: 00c3 e965 | 6688 ffc5 | f877 4889 | 45f8 4c8b | e448 83ec | 2048 83e4 

  0x0000028a39eaab8c: ;   {runtime_call}
  0x0000028a39eaab8c: f048 b800 | 474a e5fe | 7f00 00ff | d049 8be4 | 4d33 e448 | 8b45 f8e9 | 42fe ffff 
[/MachCode]


Compiled method (c2) 19989 13085       4       java.security.SecureClassLoader::defineClass (16 bytes)
 total in heap  [0x0000028a3a128d88,0x0000028a3a129268] = 1248
 main code      [0x0000028a3a128e80,0x0000028a3a129208] = 904
 stub code      [0x0000028a3a129208,0x0000028a3a129268] = 96
 mutable data [0x0000028a4ea98960,0x0000028a4ea98aa8] = 328
 relocation     [0x0000028a4ea98960,0x0000028a4ea989f8] = 152
 metadata       [0x0000028a4ea989f8,0x0000028a4ea98aa8] = 176
 immutable data [0x0000028a52b6fad0,0x0000028a52b6feb8] = 1000
 dependencies   [0x0000028a52b6fad0,0x0000028a52b6fb00] = 48
 nul chk table  [0x0000028a52b6fb00,0x0000028a52b6fb28] = 40
 handler table  [0x0000028a52b6fb28,0x0000028a52b6fbd0] = 168
 scopes pcs     [0x0000028a52b6fbd0,0x0000028a52b6fce0] = 272
 scopes data    [0x0000028a52b6fce0,0x0000028a52b6feb8] = 472

[Constant Pool (empty)]

[MachCode]
[Instructions begin]
  0x0000028a3a128e80: 6690 448b | 5208 443b 

  0x0000028a3a128e88: ;   {runtime_call Shared Runtime ic_miss_blob}
  0x0000028a3a128e88: 5008 0f85 | 505c 65ff 
[Verified Entry Point]
  0x0000028a3a128e90: 8984 2400 | 80ff ff55 | 4883 ec50 | 4181 7f20 | 0d00 0000 | 0f85 5403 | 0000 8974 | 2424 897c 
  0x0000028a3a128eb0: 2420 4c89 | 4c24 184c | 8944 2410 | 4889 5424 | 0848 8be9 | 4885 c90f | 84ff 0100 | 004d 8b87 
  0x0000028a3a128ed0: c801 0000 | 4d8b d049 | 83c2 104d | 3b97 d801 | 0000 0f83 | 6b01 0000 | 4d89 97c8 | 0100 0041 
  0x0000028a3a128ef0: 0f0d 8ac0 | 0000 0049 | c700 0100 

  0x0000028a3a128efc: ;   {metadata('java/security/SecureClassLoader$CodeSourceKey')}
  0x0000028a3a128efc: 0000 41c7 | 4008 e88b | 2500 4c8b | d549 c1ea | 0345 8950 | 0c4d 8b8f | c801 0000 | 4c8b 5424 
  0x0000028a3a128f1c: 0841 8b6a | 504d 8bd1 | 4983 c210 | 4d3b 97d8 | 0100 000f | 833f 0100 | 004d 8997 | c801 0000 
  0x0000028a3a128f3c: 410f 0d8a | c000 0000 | 49c7 0101 

  0x0000028a3a128f48: ;   {metadata('java/security/SecureClassLoader$1')}
  0x0000028a3a128f48: 0000 0041 | c741 0800 | 9025 004c | 8b54 2408 | 49c1 ea03 | 4589 510c 

  0x0000028a3a128f60: ; implicit exception: dispatches to 0x0000028a3a129124
  0x0000028a3a128f60: 458b 54ec 

  0x0000028a3a128f64: ;   {metadata('java/util/concurrent/ConcurrentHashMap')}
  0x0000028a3a128f64: 0841 81fa | b034 1d00 | 0f85 3e01 | 0000 498d 

  0x0000028a3a128f74: ;   {optimized virtual_call}
  0x0000028a3a128f74: 14ec 90e8 

  0x0000028a3a128f78: ; ImmutableOopMap {[8]=Oop [16]=Oop [24]=Oop }
                      ;*invokeinterface computeIfAbsent {reexecute=0 rethrow=0 return_oop=1}
                      ; - java.security.SecureClassLoader::getProtectionDomain@28 (line 209)
                      ; - java.security.SecureClassLoader::defineClass@9 (line 144)
  0x0000028a3a128f78: 14a9 0f00 

  0x0000028a3a128f7c: ;   {post_call_nop}
  0x0000028a3a128f7c: 0f1f 8400 | f401 0000 

  0x0000028a3a128f84: ; implicit exception: dispatches to 0x0000028a3a129140
  0x0000028a3a128f84: 448b 5808 

  0x0000028a3a128f88: ;   {metadata('java/security/ProtectionDomain')}
  0x0000028a3a128f88: 4181 fbf8 | 9a1c 000f | 854b 0100 | 004c 8bc8 | 488b 5424 | 084c 8b44 

  0x0000028a3a128fa0: ;   {optimized virtual_call}
  0x0000028a3a128fa0: 2410 90e8 

  0x0000028a3a128fa4: ; ImmutableOopMap {[8]=Oop [16]=Oop [24]=Oop }
                      ;*invokevirtual preDefineClass {reexecute=0 rethrow=0 return_oop=1}
                      ; - java.lang.ClassLoader::defineClass@4 (line 960)
                      ; - java.security.SecureClassLoader::defineClass@12 (line 144)
  0x0000028a3a128fa4: e803 0000 

  0x0000028a3a128fa8: ;   {post_call_nop}
  0x0000028a3a128fa8: 0f1f 8400 | 2002 0001 | 4889 4424 | 2844 8b50 | 1043 8b6c | d40c 85ed | 0f84 8900 | 0000 458b 
  0x0000028a3a128fc8: 5cec 3845 | 85db 0f84 | c900 0000 | 4b8d 14dc | 4d8d 04ec 

  0x0000028a3a128fdc: ;   {optimized virtual_call}
  0x0000028a3a128fdc: 6666 90e8 

  0x0000028a3a128fe0: ; ImmutableOopMap {[8]=Oop [16]=Oop [24]=Oop [40]=Oop }
                      ;*invokevirtual toExternalForm {reexecute=0 rethrow=0 return_oop=1}
                      ; - java.net.URL::toExternalForm@5 (line 1153)
                      ; - java.net.URL::toString@1 (line 1139)
                      ; - java.lang.ClassLoader::defineClassSourceLocation@22 (line 864)
                      ; - java.lang.ClassLoader::defineClass@12 (line 961)
                      ; - java.security.SecureClassLoader::defineClass@12 (line 144)
  0x0000028a3a128fe0: ac90 fcff 

  0x0000028a3a128fe4: ;   {post_call_nop}
  0x0000028a3a128fe4: 0f1f 8400 | 5c02 0002 | 488b 5424 | 084c 8b44 | 2410 4c8b | 4c24 188b | 7c24 208b | 7424 2448 
  0x0000028a3a129004: 8b4c 2428 | 4889 0424 

  0x0000028a3a12900c: ;   {static_call}
  0x0000028a3a12900c: 6666 90e8 

  0x0000028a3a129010: ; ImmutableOopMap {[8]=Oop [40]=Oop }
                      ;*invokestatic defineClass1 {reexecute=0 rethrow=0 return_oop=1}
                      ; - java.lang.ClassLoader::defineClass@27 (line 962)
                      ; - java.security.SecureClassLoader::defineClass@12 (line 144)
  0x0000028a3a129010: 7c18 d8ff 

  0x0000028a3a129014: ;   {post_call_nop}
  0x0000028a3a129014: 0f1f 8400 | 8c02 0003 | 488b e848 | 8b54 2408 | 4c8b c04c | 8b4c 2428 

  0x0000028a3a12902c: ;   {optimized virtual_call}
  0x0000028a3a12902c: 6666 90e8 

  0x0000028a3a129030: ; ImmutableOopMap {rbp=Oop }
                      ;*invokevirtual postDefineClass {reexecute=0 rethrow=0 return_oop=0}
                      ; - java.lang.ClassLoader::defineClass@37 (line 963)
                      ; - java.security.SecureClassLoader::defineClass@12 (line 144)
  0x0000028a3a129030: dc5b 0900 

  0x0000028a3a129034: ;   {post_call_nop}
  0x0000028a3a129034: 0f1f 8400 | ac02 0004 | 488b c548 | 83c4 505d 

  0x0000028a3a129044: ;   {poll_return}
  0x0000028a3a129044: 493b 6728 | 0f87 9a01 | 0000 c333 

  0x0000028a3a129050: ;   {metadata('java/security/SecureClassLoader$CodeSourceKey')}
  0x0000028a3a129050: c0eb 9948 | bae8 8b25 | 8d00 0000 

  0x0000028a3a12905c: ;   {runtime_call C2 Runtime new_instance}
  0x0000028a3a12905c: 0066 90e8 

  0x0000028a3a129060: ; ImmutableOopMap {rbp=Oop [8]=Oop [16]=Oop [24]=Oop }
                      ;*new {reexecute=0 rethrow=0 return_oop=1}
                      ; - java.security.SecureClassLoader::getProtectionDomain@6 (line 208)
                      ; - java.security.SecureClassLoader::defineClass@9 (line 144)
  0x0000028a3a129060: 7ccc 72ff 

  0x0000028a3a129064: ;   {post_call_nop}
  0x0000028a3a129064: 0f1f 8400 | dc02 0005 | 4c8b c0e9 | 92fe ffff 

  0x0000028a3a129074: ;   {metadata('java/security/SecureClassLoader$1')}
  0x0000028a3a129074: 48ba 0090 | 258d 0000 | 0000 4c89 

  0x0000028a3a129080: ;   {runtime_call C2 Runtime new_instance}
  0x0000028a3a129080: 4424 38e8 

  0x0000028a3a129084: ; ImmutableOopMap {rbp=NarrowOop [8]=Oop [16]=Oop [24]=Oop [56]=Oop }
                      ;*new {reexecute=0 rethrow=0 return_oop=1}
                      ; - java.security.SecureClassLoader::getProtectionDomain@20 (line 209)
                      ; - java.security.SecureClassLoader::defineClass@9 (line 144)
  0x0000028a3a129084: 58cc 72ff 

  0x0000028a3a129088: ;   {post_call_nop}
  0x0000028a3a129088: 0f1f 8400 | 0003 0006 | 4c8b c84c | 8b44 2438 | e9b6 feff | ffba f6ff 

  0x0000028a3a1290a0: ;   {runtime_call UncommonTrapBlob}
  0x0000028a3a1290a0: ffff 90e8 

  0x0000028a3a1290a4: ; ImmutableOopMap {rbp=NarrowOop }
                      ;*invokevirtual toExternalForm {reexecute=0 rethrow=0 return_oop=0}
                      ; - java.net.URL::toExternalForm@5 (line 1153)
                      ; - java.net.URL::toString@1 (line 1139)
                      ; - java.lang.ClassLoader::defineClassSourceLocation@22 (line 864)
                      ; - java.lang.ClassLoader::defineClass@12 (line 961)
                      ; - java.security.SecureClassLoader::defineClass@12 (line 144)
  0x0000028a3a1290a4: 388d 72ff 

  0x0000028a3a1290a8: ;   {post_call_nop}
  0x0000028a3a1290a8: 0f1f 8400 | 2003 0007 | bade ffff | ff4c 8944 | 2428 4c89 

  0x0000028a3a1290bc: ;   {runtime_call UncommonTrapBlob}
  0x0000028a3a1290bc: 4c24 30e8 

  0x0000028a3a1290c0: ; ImmutableOopMap {rbp=NarrowOop [8]=Oop [16]=Oop [24]=Oop [40]=Oop [48]=Oop }
                      ;*invokeinterface computeIfAbsent {reexecute=0 rethrow=0 return_oop=0}
                      ; - java.security.SecureClassLoader::getProtectionDomain@28 (line 209)
                      ; - java.security.SecureClassLoader::defineClass@9 (line 144)
  0x0000028a3a1290c0: 1c8d 72ff 

  0x0000028a3a1290c4: ;   {post_call_nop}
  0x0000028a3a1290c4: 0f1f 8400 | 3c03 0008 | ba45 ffff 

  0x0000028a3a1290d0: ;   {runtime_call UncommonTrapBlob}
  0x0000028a3a1290d0: ff66 90e8 

  0x0000028a3a1290d4: ; ImmutableOopMap {rbp=Oop [8]=Oop [16]=Oop [24]=Oop }
                      ;*ifnonnull {reexecute=1 rethrow=0 return_oop=0}
                      ; - (reexecute) java.security.SecureClassLoader::getProtectionDomain@1 (line 200)
                      ; - java.security.SecureClassLoader::defineClass@9 (line 144)
  0x0000028a3a1290d4: 088d 72ff 

  0x0000028a3a1290d8: ;   {post_call_nop}
  0x0000028a3a1290d8: 0f1f 8400 | 5003 0009 | bade ffff | ff48 8b6c | 2408 4c8b | 5424 104c | 8954 2408 | 4c8b 5424 
  0x0000028a3a1290f8: 184c 8954 | 2410 448b | 5424 2044 | 8954 2418 | 448b 5c24 | 2444 895c | 241c 4889 

  0x0000028a3a129114: ;   {runtime_call UncommonTrapBlob}
  0x0000028a3a129114: 4424 20e8 

  0x0000028a3a129118: ; ImmutableOopMap {rbp=Oop [8]=Oop [16]=Oop [32]=Oop }
                      ;*checkcast {reexecute=0 rethrow=0 return_oop=0}
                      ; - java.security.SecureClassLoader::getProtectionDomain@33 (line 209)
                      ; - java.security.SecureClassLoader::defineClass@9 (line 144)
  0x0000028a3a129118: c48c 72ff 

  0x0000028a3a12911c: ;   {post_call_nop}
  0x0000028a3a12911c: 0f1f 8400 | 9403 000a | baf6 ffff | ff49 8be8 | 4c89 4c24 

  0x0000028a3a129130: ;   {runtime_call UncommonTrapBlob}
  0x0000028a3a129130: 0866 90e8 

  0x0000028a3a129134: ; ImmutableOopMap {rbp=Oop [8]=Oop }
                      ;*invokeinterface computeIfAbsent {reexecute=0 rethrow=0 return_oop=0}
                      ; - java.security.SecureClassLoader::getProtectionDomain@28 (line 209)
                      ; - java.security.SecureClassLoader::defineClass@9 (line 144)
  0x0000028a3a129134: a88c 72ff 

  0x0000028a3a129138: ;   {post_call_nop}
  0x0000028a3a129138: 0f1f 8400 | b003 000b | baf4 ffff | ff48 8b6c | 2408 4c8b | 5424 104c | 8954 2408 | 4c8b 5424 
  0x0000028a3a129158: 184c 8954 

  0x0000028a3a12915c: ;   {runtime_call UncommonTrapBlob}
  0x0000028a3a12915c: 2410 90e8 

  0x0000028a3a129160: ; ImmutableOopMap {rbp=Oop [8]=Oop [16]=Oop }
                      ;*checkcast {reexecute=0 rethrow=0 return_oop=0}
                      ; - java.security.SecureClassLoader::getProtectionDomain@33 (line 209)
                      ; - java.security.SecureClassLoader::defineClass@9 (line 144)
  0x0000028a3a129160: 7c8c 72ff 

  0x0000028a3a129164: ;   {post_call_nop}
  0x0000028a3a129164: 0f1f 8400 | dc03 000c | baf6 ffff 

  0x0000028a3a129170: ;   {runtime_call UncommonTrapBlob}
  0x0000028a3a129170: ff66 90e8 

  0x0000028a3a129174: ; ImmutableOopMap {}
                      ;*invokevirtual getCodeSource {reexecute=0 rethrow=0 return_oop=0}
                      ; - java.lang.ClassLoader::defineClassSourceLocation@1 (line 861)
                      ; - java.lang.ClassLoader::defineClass@12 (line 961)
                      ; - java.security.SecureClassLoader::defineClass@12 (line 144)
  0x0000028a3a129174: 688c 72ff 

  0x0000028a3a129178: ;   {post_call_nop}
  0x0000028a3a129178: 0f1f 8400 | f003 000d | ba45 ffff | ff48 8b6c | 2408 4c8b | 5c24 104c | 895c 2408 | 4c8b 5c24 
  0x0000028a3a129198: 184c 895c | 2410 448b | 5c24 2044 | 895c 2418 | 448b 4424 | 2444 8944 | 241c 4889 | 4424 2044 
  0x0000028a3a1291b8: 8954 242c 

  0x0000028a3a1291bc: ;   {runtime_call UncommonTrapBlob}
  0x0000028a3a1291bc: 6666 90e8 

  0x0000028a3a1291c0: ; ImmutableOopMap {rbp=Oop [8]=Oop [16]=Oop [32]=Oop [44]=NarrowOop }
                      ;*ifnull {reexecute=1 rethrow=0 return_oop=0}
                      ; - (reexecute) java.lang.ClassLoader::defineClassSourceLocation@8 (line 863)
                      ; - java.lang.ClassLoader::defineClass@12 (line 961)
                      ; - java.security.SecureClassLoader::defineClass@12 (line 144)
  0x0000028a3a1291c0: 1c8c 72ff 

  0x0000028a3a1291c4: ;   {post_call_nop}
  0x0000028a3a1291c4: 0f1f 8400 | 3c04 000e | eb0d eb0b | eb04 eb02 | eb00 488b | d0eb 0348 | 8bd0 4883 

  0x0000028a3a1291e0: ;   {runtime_call C2 Runtime rethrow}
  0x0000028a3a1291e0: c450 5de9 | f84f 73ff 

  0x0000028a3a1291e8: ;   {internal_word}
  0x0000028a3a1291e8: 49ba 4490 | 123a 8a02 | 0000 4d89 | 97e0 0400 

  0x0000028a3a1291f8: ;   {runtime_call SafepointBlob}
  0x0000028a3a1291f8: 00e9 627d 

  0x0000028a3a1291fc: ;   {runtime_call Stub::method_entry_barrier}
  0x0000028a3a1291fc: 65ff e83d | b063 ffe9 | a2fc ffff 
[Stub Code]
  0x0000028a3a129208: ;   {static_stub}
  0x0000028a3a129208: 48bb 0000 | 0000 0000 

  0x0000028a3a129210: ;   {runtime_call nmethod}
  0x0000028a3a129210: 0000 e9fb 

  0x0000028a3a129214: ;   {static_stub}
  0x0000028a3a129214: ffff ff48 | bb00 0000 | 0000 0000 

  0x0000028a3a129220: ;   {runtime_call nmethod}
  0x0000028a3a129220: 00e9 fbff 

  0x0000028a3a129224: ;   {static_stub}
  0x0000028a3a129224: ffff 48bb | 0000 0000 | 0000 0000 

  0x0000028a3a129230: ;   {runtime_call nmethod}
  0x0000028a3a129230: e9fb ffff 

  0x0000028a3a129234: ;   {static_stub}
  0x0000028a3a129234: ff48 bb00 | 0000 0000 

  0x0000028a3a12923c: ;   {runtime_call nmethod}
  0x0000028a3a12923c: 0000 00e9 | fbff ffff 

  0x0000028a3a129244: ;   {static_stub}
  0x0000028a3a129244: 48bb 0000 | 0000 0000 

  0x0000028a3a12924c: ;   {runtime_call nmethod}
  0x0000028a3a12924c: 0000 e9fb 

  0x0000028a3a129250: ;   {runtime_call ExceptionBlob}
  0x0000028a3a129250: ffff ffe9 | 888e 72ff 
[Deopt Handler Code]
  0x0000028a3a129258: e800 0000 | 0048 832c 

  0x0000028a3a129260: ;   {runtime_call DeoptimizationBlob}
  0x0000028a3a129260: 2405 e9f9 | 7f65 fff4 
[/MachCode]


Compiled method (c2) 20008 9947   !   4       jdk.internal.loader.BuiltinClassLoader::findClassOnClassPathOrNull (38 bytes)
 total in heap  [0x0000028a3a39de08,0x0000028a3a3aa3b8] = 50608
 main code      [0x0000028a3a39df00,0x0000028a3a3aa1d0] = 49872
 stub code      [0x0000028a3a3aa1d0,0x0000028a3a3aa388] = 440
 oops           [0x0000028a3a3aa388,0x0000028a3a3aa3b8] = 48
 mutable data [0x0000028a50f9d410,0x0000028a50f9e2b0] = 3744
 relocation     [0x0000028a50f9d410,0x0000028a50f9dd00] = 2288
 metadata       [0x0000028a50f9dd00,0x0000028a50f9e2b0] = 1456
 immutable data [0x0000028a51aed530,0x0000028a51af2de0] = 22704
 dependencies   [0x0000028a51aed530,0x0000028a51aed6c8] = 408
 nul chk table  [0x0000028a51aed6c8,0x0000028a51aed8f8] = 560
 handler table  [0x0000028a51aed8f8,0x0000028a51aedf10] = 1560
 scopes pcs     [0x0000028a51aedf10,0x0000028a51aef490] = 5504
 scopes data    [0x0000028a51aef490,0x0000028a51af2de0] = 14672

[Constant Pool (empty)]

[MachCode]
[Instructions begin]
  0x0000028a3a39df00: 6690 448b | 5208 443b 

  0x0000028a3a39df08: ;   {runtime_call Shared Runtime ic_miss_blob}
  0x0000028a3a39df08: 5008 0f85 | d00b 3eff 
[Verified Entry Point]
  0x0000028a3a39df10: 8984 2400 | 80ff ff55 | 4881 ec30 | 0100 0090 | 4181 7f20 | 0d00 0000 | 0f85 97c2 | 0000 4889 
  0x0000028a3a39df30: 5424 384c | 8944 2448 

  0x0000028a3a39df38: ; implicit exception: dispatches to 0x0000028a3a3a77c0
  0x0000028a3a39df38: 450f be68 | 1045 85ed | 0f85 bd64 | 0000 458b | 4814 438b | 4ccc 0c85 | c90f 8667 | 2200 008d 
  0x0000028a3a39df58: 51ff 3bd1 | 0f83 0259 | 0000 8d41 | fd4b 8d34 | cc43 807c | cc10 2e0f | 8452 2400 | 0083 f801 
  0x0000028a3a39df78: 0f8e 2122 | 0000 bd01 | 0000 0044 | 8bd1 442b | d541 83c2 | fd45 33db | 3bc5 450f | 4cd3 4181 
  0x0000028a3a39df98: faa0 0f00 | 0041 bba0 | 0f00 0045 | 0f47 d344 | 03d5 eb06 | 0f1f 4000 | 8beb 4c63 | dd42 0fbe 
  0x0000028a3a39dfb8: 5c1e 1083 | fb2e 745e | 420f be5c | 1e11 83fb | 2e74 4c42 | 0fbe 5c1e | 1283 fb2e | 7445 460f 
  0x0000028a3a39dfd8: be5c 1e13 | 4183 fb2e | 7432 8d5d | 0441 3bda | 7cc6 498b | 7f30 83c5 | 034c 8b54 | 2448 4d8b 
  0x0000028a3a39dff8: ; ImmutableOopMap {r8=Oop r9=NarrowOop rsi=Oop [56]=Oop [72]=Oop }
                      ;*if_icmpne {reexecute=1 rethrow=0 return_oop=0}
                      ; - (reexecute) java.lang.StringLatin1::replace@28 (line 297)
                      ; - java.lang.String::replace@18 (line 2998)
                      ; - jdk.internal.loader.BuiltinClassLoader::findClassOnClassPathOrNull@5 (line 687)
                      ;   {poll}
  0x0000028a3a39dff8: c285 073b | d80f 8da1 | 2100 008b | ebe9 79ff | ffff c4c1 | f97e c3e9 | ba00 0000 | 83c5 02ff 
  0x0000028a3a39e018: c5eb 0383 | c502 3be9 | 0f8d 9821 | 0000 81f9 | 0000 1000 | 0f87 104e | 0000 4d8b | 9fc8 0100 
  0x0000028a3a39e038: 004c 63d1 | 4983 c217 | 4983 e2f8 | 4d8b c34d | 03c2 4d3b | 87d8 0100 | 000f 83eb | 4d00 004d 
  0x0000028a3a39e058: 8987 c801 | 0000 410f | 0d88 c000 | 0000 49c7 | 0301 0000 | 0041 0f0d | 8800 0100 

  0x0000028a3a39e074: ;   {metadata({type array byte})}
  0x0000028a3a39e074: 0041 c743 | 08f8 4218 | 0041 894b | 0c41 0f0d | 8840 0100 | 0041 0f0d | 8880 0100 | 0085 ed0f 
  0x0000028a3a39e094: 8eb5 0000 | 0044 8d55 | ff44 3bd1 | 0f83 1a63 | 0000 85c9 | 0f86 1263 | 0000 430f | be5c cc10 
  0x0000028a3a39e0b4: 4188 5b10 | 4183 fa01 | 0f8e 3663 | 0000 41bd | d007 0000 | 41b8 0100 | 0000 8bfd | 412b f8ff 
  0x0000028a3a39e0d4: cf33 db45 | 3bd0 0f4c | fb81 ffd0 | 0700 0041 | 0f47 fd41 | 03f8 c4c1 | f96e c390 | 4d63 f046 
  0x0000028a3a39e0f4: 0fbe 5c36 | 10c4 e1f9 | 7ec3 4688 | 5c33 1042 | 0fbe 5c36 | 11c4 c1f9 | 7ec3 4388 | 5c33 1141 
  0x0000028a3a39e114: 83c0 0244 | 3bc7 7cd4 

  0x0000028a3a39e11c: ; ImmutableOopMap {r9=NarrowOop rsi=Oop xmm0=Oop [56]=Oop [72]=Oop }
                      ;*goto {reexecute=1 rethrow=0 return_oop=0}
                      ; - (reexecute) java.lang.StringLatin1::replace@75 (line 304)
                      ; - java.lang.String::replace@18 (line 2998)
                      ; - jdk.internal.loader.BuiltinClassLoader::findClassOnClassPathOrNull@5 (line 687)
  0x0000028a3a39e11c: 4d8b 5f30 

  0x0000028a3a39e120: ;   {poll}
  0x0000028a3a39e120: 4185 0345 | 3bc2 0f8c | defe ffff | c4c1 f97e | c344 3bc5 | 7d18 6690 | 4d63 d042 | 0fbe 5c16 
  0x0000028a3a39e140: 1043 885c | 1310 41ff | c044 3bc5 | 7cea 3be9 | 0f8d 3001 | 0000 3be9 | 0f83 da60 | 0000 3bd1 
  0x0000028a3a39e160: 0f83 d260 | 0000 448d | 5501 4c63 | c546 0fbe | 4c06 1041 | 83f9 2e0f | 847b 1f00 | 0047 884c 
  0x0000028a3a39e180: 0310 448d | 4501 453b | c27d 0541 | 8be8 ebda | 443b c00f | 8dc8 0000 | 00ff c5e9 | 8300 0000 
  0x0000028a3a39e1a0: 41b9 2f00 | 0000 6666 | 0f1f 8400 | 0000 0000 | 4788 4c13 | 1046 0fbe | 4416 1141 | 83f8 2e74 
  0x0000028a3a39e1c0: 4f47 8844 | 1311 460f | be44 1612 | 4183 f82e | 7436 4788 | 4413 1246 | 0fbe 4416 | 1341 83f8 
  0x0000028a3a39e1e0: 2e74 1d47 | 8844 1313 | 83c5 043b | eb7d 294c | 63d5 460f | be4c 1610 | 4183 f92e | 75b2 eba0 
  0x0000028a3a39e200: 41b8 2f00 | 0000 ebdb | 41b8 2f00 | 0000 ebc2 | 41b8 2f00 | 0000 eba9 

  0x0000028a3a39e218: ; ImmutableOopMap {r11=Oop rsi=Oop [56]=Oop [72]=Oop }
                      ;*goto {reexecute=1 rethrow=0 return_oop=0}
                      ; - (reexecute) java.lang.StringLatin1::replace@112 (line 311)
                      ; - java.lang.String::replace@18 (line 2998)
                      ; - jdk.internal.loader.BuiltinClassLoader::findClassOnClassPathOrNull@5 (line 687)
  0x0000028a3a39e218: 4d8b 5730 

  0x0000028a3a39e21c: ;   {poll}
  0x0000028a3a39e21c: 4185 023b | e87d 418b | d92b dd83 | c3fd 4533 | d23b c541 | 0f4c da81 | fba0 0f00 | 0041 baa0 
  0x0000028a3a39e23c: 0f00 0041 | 0f47 da03 | ddeb a841 | b82e 6300 | 0066 4789 | 4416 1043 | c744 1612 | 6c61 7373 
  0x0000028a3a39e25c: e992 0100 | 0041 8be8 | 3be9 7d1e | 4c63 d546 | 0fbe 4c16 | 1041 83f9 | 2e0f 84b6 | 1f00 0047 
  0x0000028a3a39e27c: 884c 1310 | ffc5 3be9 | 7ce2 498b | bfc8 0100 | 004c 8bd7 | 4983 c218 | 4d3b 97d8 | 0100 000f 
  0x0000028a3a39e29c: 8300 4c00 | 004d 8997 | c801 0000 | 410f 0d8a | c000 0000 | 48c7 0701 

  0x0000028a3a39e2b4: ;   {metadata('java/lang/String')}
  0x0000028a3a39e2b4: 0000 00c7 | 4708 c872 | 1800 4489 | 670c 4c89 | 6710 4d8b | c349 c1e8 | 0344 8947 | 1445 33ed 
  0x0000028a3a39e2d4: 418b 6b0c | c462 12f7 | c541 83c0 | 0645 85c0 | 0f8c 3e61 | 0000 c4c2 | 11f7 d885 | db0f 8c99 
  0x0000028a3a39e2f4: 6100 0081 | fb00 0010 | 000f 870b | 4a00 004d | 8bb7 c801 | 0000 448b | d34d 63d2 | 4983 c217 
  0x0000028a3a39e314: 4983 e2f8 | 4d8b c64d | 03c2 4d3b | 87d8 0100 | 000f 83e3 | 4900 004d | 8987 c801 | 0000 410f 
  0x0000028a3a39e334: 0d88 c000 | 0000 49c7 | 0601 0000 | 0041 0f0d | 8800 0100 

  0x0000028a3a39e348: ;   {metadata({type array byte})}
  0x0000028a3a39e348: 0041 c746 | 08f8 4218 | 0041 895e | 0c41 0f0d | 8840 0100 | 0041 0f0d | 8880 0100 | 003b dd0f 
  0x0000028a3a39e368: 821f 5500 | 0085 ed76 | 2949 83c3 | 1049 8bd6 | 4883 c210 | 4c63 c549 | 8bcb c5f8 

  0x0000028a3a39e384: ;   {runtime_call Stub::jbyte_disjoint_arraycopy}
  0x0000028a3a39e384: 7749 bae0 | 1e76 398a | 0200 0041 

  0x0000028a3a39e390: ;   {post_call_nop}
  0x0000028a3a39e390: ffd2 0f1f | 8400 0000 | 0000 448b | 5f14 478b | 54dc 0c44 | 0fbe 4710 | c442 3af7 | da45 85ed 
  0x0000028a3a39e3b0: 0f85 da41 | 0000 458d | 4306 413b | d80f 8209 | 5500 004d | 63d3 4585 | db0f 8e78 | feff ff43 
  0x0000028a3a39e3d0: c644 1615 | 7343 c644 | 1614 7343 | c644 1613 | 6143 c644 | 1612 6c43 | c644 1611 | 6343 c644 
  0x0000028a3a39e3f0: 1610 2e4d | 8b87 c801 | 0000 4d8b | d049 83c2 | 184d 3b97 | d801 0000 | 0f83 5549 | 0000 4d89 
  0x0000028a3a39e410: 97c8 0100 | 0041 0f0d | 8ac0 0000 | 0049 c700 | 0100 0000 

  0x0000028a3a39e424: ;   {metadata('java/lang/String')}
  0x0000028a3a39e424: 41c7 4008 | c872 1800 | 4589 600c | 4d89 6010 | 4588 6810 | 4d8b de49 | c1eb 0345 | 8958 144c 
  0x0000028a3a39e444: 8b54 2438 | 458b 5a58 | 4585 db0f | 84ef 5300 | 004b 8d14 | dc66 6690 

  0x0000028a3a39e45c: ;   {optimized virtual_call}
  0x0000028a3a39e45c: c5f8 77e8 

  0x0000028a3a39e460: ; ImmutableOopMap {[56]=Oop [72]=Oop }
                      ;*invokevirtual getResource {reexecute=0 rethrow=0 return_oop=1}
                      ; - jdk.internal.loader.BuiltinClassLoader::findClassOnClassPathOrNull@19 (line 688)
  0x0000028a3a39e460: 2c9a baff 

  0x0000028a3a39e464: ;   {post_call_nop}
  0x0000028a3a39e464: 0f1f 8400 | 5c06 0003 | 488b f048 | 85c0 0f84 | e41f 0000 | 448b 5808 

  0x0000028a3a39e47c: ;   {metadata('jdk/internal/loader/URLClassPath$JarLoader$1')}
  0x0000028a3a39e47c: 4181 fb28 | d431 000f | 85bf 2300 | 004c 8bd0 | 458b 5a20 

  0x0000028a3a39e490: ; implicit exception: dispatches to 0x0000028a3a3a782c
  0x0000028a3a39e490: 478b 5cdc | 1844 895c | 2470 4c8b | 5424 4845 | 8b5a 1447 | 8b44 dc0c | 410f be7a | 10c4 c242 
  0x0000028a3a39e4b0: f7d8 448d | 4bff 85ff | 0f85 965f | 0000 458d | 50ff 453b | d145 0f4f | d14b 8d2c | dc45 85d2 
  0x0000028a3a39e4d0: 0f8c ef00 | 0000 4585 | c00f 864d | 5400 0045 | 3bd0 0f83 | 4454 0000 | 458d 4aff | 420f be4c 
  0x0000028a3a39e4f0: 1510 83f9 | 2e0f 8432 | 1000 0041 | 8d4a ff41 | 3bc9 7e05 | 448b d1eb | e383 f902 | 0f8e 1e5d 
  0x0000028a3a39e510: 0000 41ff | ca41 8d4a | fe45 33c9 | 4183 fa02 | 410f 4cc9 | 81f9 a00f | 0000 41b9 | a00f 0000 
  0x0000028a3a39e530: 410f 47c9 | 418b d22b | d10f 1f80 | 0000 0000 | 4d63 ca42 | 0fbe 4c0d | 1083 f92e | 0f84 db0f 
  0x0000028a3a39e550: 0000 420f | be4c 0d0f | 83f9 2e0f | 84bd 0f00 | 0042 0fbe | 4c0d 0e83 | f92e 0f84 | b30f 0000 
  0x0000028a3a39e570: 460f be4c | 0d0d 4183 

  0x0000028a3a39e578: ;   {other}
  0x0000028a3a39e578: f92e 0f84 | a90f 0000 | 4183 c2fc | 443b d27f | b749 8b57 | 304c 8b4c | 2438 488b 

  0x0000028a3a39e594: ; ImmutableOopMap {r11=NarrowOop r9=Oop rcx=Oop rsi=Oop rbp=Oop [56]=Oop [72]=Oop [112]=NarrowOop }
                      ;*goto {reexecute=1 rethrow=0 return_oop=0}
                      ; - (reexecute) java.lang.StringLatin1::lastIndexOf@35 (line 284)
                      ; - java.lang.String::lastIndexOf@13 (line 2638)
                      ; - java.lang.String::lastIndexOf@8 (line 2600)
                      ; - jdk.internal.loader.BuiltinClassLoader::defineClass@8 (line 759)
                      ; - jdk.internal.loader.BuiltinClassLoader::findClassOnClassPathOrNull@30 (line 691)
                      ;   {poll}
  0x0000028a3a39e594: 4c24 4885 | 0241 83fa | 020f 8f72 | ffff ff41 | 83fa ff7e | 1c66 6690 | 460f be4c | 1510 4183 
  0x0000028a3a39e5b4: f92e 0f84 | 710f 0000 | 41ff ca41 | 83fa ff7f | e741 baff | ffff ffe9 | 5d0f 0000 

  0x0000028a3a39e5d0: ; implicit exception: dispatches to 0x0000028a3a3a7964
  0x0000028a3a39e5d0: 430f b66c | dc2d 85ed | 0f85 fe5e | 0000 4c8b | 4424 6841 | 0fb6 6a24 | 85ed 0f85 | c062 0000 
  0x0000028a3a39e5f0: 48ff 7424 | 6848 8f84 | 2488 0000 | 0045 8b4a | 0c45 8b5a | 1444 899c | 2490 0000 | 0047 8b54 
  0x0000028a3a39e610: dc0c 4489 | 9424 9400 | 0000 478b 

  0x0000028a3a39e61c: ;   {metadata('java/util/zip/ZipFile$ZipFileInputStream')}
  0x0000028a3a39e61c: 54cc 0841 | 81fa d0f8 | 3f00 0f85 | b059 0000 | 4f8d 14cc | 4c89 9424 | 9800 0000 | 458b 5a30 
  0x0000028a3a39e63c: 4489 9c24 | a000 0000 | 4585 db0f | 8453 5400 | 0044 8b9c | 2490 0000 | 004f 8d14 | dc4c 8954 
  0x0000028a3a39e65c: 2430 448b | 9424 a000 | 0000 49c1 | e203 4c89 | 5424 384c | 8b5c 2438 | 488d 9c24 | 1001 0000 
  0x0000028a3a39e67c: 4d8b 1341 | 8b9f d806 | 0000 41f6 | c202 0f85 | 3700 0000 | 81fb 2707 | 0000 0f8f | 4b00 0000 
  0x0000028a3a39e69c: 4d3b 5c1f | f874 1649 | 8bc2 4883 | c801 4983 | e2fe f04d | 0fb1 130f | 852e 0000 | 004d 891c 
  0x0000028a3a39e6bc: 1f41 8387 | d806 0000 | 08eb 1e48 | 33c0 498b | 9fc8 0400 | 00f0 490f | b15a 3e74 | 0c48 3bd8 
  0x0000028a3a39e6dc: 7509 49ff | 8286 0000 | 0033 c00f | 8563 5900 | 004c 8b94 | 2498 0000 | 0045 8b5a | 3043 0fb6 
  0x0000028a3a39e6fc: 6cdc 1085 | ed0f 8511 | 6200 0049 | 8b6a 1048 | 85ed 0f8f | f102 0000 | 498b 87c8 | 0100 004c 
  0x0000028a3a39e71c: ;   {other}
  0x0000028a3a39e71c: 8bd0 4983 | c230 4d3b | 97d8 0100 | 000f 83cd | 4600 004d | 8997 c801 | 0000 410f | 0d8a c000 
  0x0000028a3a39e73c: 0000 48c7 | 0001 0000 | 0041 0f0d | 8a00 0100 

  0x0000028a3a39e74c: ;   {metadata({type array byte})}
  0x0000028a3a39e74c: 00c7 4008 | f842 1800 | 410f 0d8a | 4001 0000 | 410f 0d8a | 8001 0000 | c740 0c1e | 0000 004c 
  0x0000028a3a39e76c: 8960 104c | 8960 184c | 8960 204c | 8960 2848 | 8984 24a8 | 0000 0048 | f7dd 4889 | ac24 b000 
  0x0000028a3a39e78c: 0000 4c8b | 9424 9800 | 0000 4989 | 6a10 458b | 5a30 478b | 54dc 2047 | 8b54 d418 | 4489 9424 
  0x0000028a3a39e7ac: a400 0000 

  0x0000028a3a39e7b0: ; implicit exception: dispatches to 0x0000028a3a3a7eb4
  0x0000028a3a39e7b0: 478b 5cd4 | 3044 899c | 24b8 0000 | 0045 85db | 0f84 9655 | 0000 4f8d | 14dc 4c89 | 5424 6844 
  0x0000028a3a39e7d0: 8b94 24a4 | 0000 0049 | c1e2 034c | 8994 24c0 | 0000 004c | 8b5c 2468 | 488d 9c24 | 1801 0000 
  0x0000028a3a39e7f0: 4d8b 1341 | 8b9f d806 | 0000 41f6 | c202 0f85 | 3700 0000 | 81fb 2707 | 0000 0f8f | 4b00 0000 
  0x0000028a3a39e810: 4d3b 5c1f | f874 1649 | 8bc2 4883 | c801 4983 | e2fe f04d | 0fb1 130f | 852e 0000 | 004d 891c 
  0x0000028a3a39e830: 1f41 8387 | d806 0000 | 08eb 1e48 | 33c0 498b | 9fc8 0400 | 00f0 490f | b15a 3e74 

  0x0000028a3a39e84c: ;   {other}
  0x0000028a3a39e84c: 0c48 3bd8 | 7509 49ff | 8286 0000 | 0033 c00f | 85f8 5800 | 0044 8b9c | 24a4 0000 | 0047 8b5c 
  0x0000028a3a39e86c: dc30 4585 | db0f 849d | 5500 004c | 8b94 24b0 | 0000 004d | 85d2 0f8c | c064 0000 | 4b8d 14dc 
  0x0000028a3a39e88c: 4d8b c244 | 8b5c 2478 | 4489 5c24 | 6448 8b6c | 2468 6690 

  0x0000028a3a39e8a0: ;   {optimized virtual_call}
  0x0000028a3a39e8a0: c5f8 77e8 

  0x0000028a3a39e8a4: ; ImmutableOopMap {rbp=Oop [40]=Oop [48]=Oop [56]=Oop [64]=Oop [72]=Oop [80]=Oop [88]=Oop [104]=Oop [112]=NarrowOop [128]=Oop [136]=Oop [144]=NarrowOop [152]=Oop [160]=NarrowOop [164]=NarrowOop [168]=Oop [184]=NarrowOop [192]=Oop }
                      ;*invokevirtual seek0 {reexecute=0 rethrow=0 return_oop=0}
                      ; - java.io.RandomAccessFile::seek@18 (line 675)
                      ; - java.util.zip.ZipFile$Source::readFullyAt@14 (line 1571)
                      ; - java.util.zip.ZipFile$ZipFileInputStream::initDataOffset@41 (line 910)
                      ; - java.util.zip.ZipFile$ZipFileInputStream::read@16 (line 926)
                      ; - java.util.zip.ZipFile$ZipFileInflaterInputStream::fill@32 (line 449)
                      ; - java.util.zip.InflaterInputStream::read@78 (line 208)
                      ; - jdk.internal.loader.Resource::getBytes@90 (line 106)
                      ; - jdk.internal.loader.URLClassPath$JarLoader$1::getBytes@1 (line 730)
                      ; - jdk.internal.loader.BuiltinClassLoader::defineClass@84 (line 773)
                      ; - jdk.internal.loader.BuiltinClassLoader::findClassOnClassPathOrNull@30 (line 691)
  0x0000028a3a39e8a4: 681c afff 

  0x0000028a3a39e8a8: ;   {post_call_nop}
  0x0000028a3a39e8a8: 0f1f 8400 | a00a 0005 | 448b 9424 | a400 0000 | 478b 54d4 | 3044 8994 | 24b0 0000 | 0045 85d2 
  0x0000028a3a39e8c8: 0f84 0656 

  0x0000028a3a39e8cc: ;   {oop(a 'java/lang/Class'{0x0000000708a49490} = 'java/io/RandomAccessFile')}
  0x0000028a3a39e8cc: 0000 49ba | 9094 a408 | 0700 0000 | 410f b6aa | 8c00 0000 | 85ed 0f85 | 0865 0000 | 448b 9424 
  0x0000028a3a39e8ec: b000 0000 | 4b8d 14d4 | 4c8b 8424 | a800 0000 | 4533 c9bf | 1e00 0000 | 498b e890 

  0x0000028a3a39e908: ;   {optimized virtual_call}
  0x0000028a3a39e908: c5f8 77e8 

  0x0000028a3a39e90c: ; ImmutableOopMap {rbp=Oop [40]=Oop [48]=Oop [56]=Oop [64]=Oop [72]=Oop [80]=Oop [88]=Oop [104]=Oop [112]=NarrowOop [128]=Oop [136]=Oop [144]=NarrowOop [152]=Oop [160]=NarrowOop [164]=NarrowOop [168]=Oop [176]=NarrowOop [184]=NarrowOop [192]=Oop }
                      ;*invokevirtual readBytes0 {reexecute=0 rethrow=0 return_oop=0}
                      ; - java.io.RandomAccessFile::readBytes@24 (line 395)
                      ; - java.io.RandomAccessFile::read@4 (line 437)
                      ; - java.io.RandomAccessFile::readFully@13 (line 501)
                      ; - java.util.zip.ZipFile$Source::readFullyAt@43 (line 1575)
                      ; - java.util.zip.ZipFile$ZipFileInputStream::initDataOffset@41 (line 910)
                      ; - java.util.zip.ZipFile$ZipFileInputStream::read@16 (line 926)
                      ; - java.util.zip.ZipFile$ZipFileInflaterInputStream::fill@32 (line 449)
                      ; - java.util.zip.InflaterInputStream::read@78 (line 208)
                      ; - jdk.internal.loader.Resource::getBytes@90 (line 106)
                      ; - jdk.internal.loader.URLClassPath$JarLoader$1::getBytes@1 (line 730)
                      ; - jdk.internal.loader.BuiltinClassLoader::defineClass@84 (line 773)
                      ; - jdk.internal.loader.BuiltinClassLoader::findClassOnClassPathOrNull@30 (line 691)
  0x0000028a3a39e90c: 00c6 aeff 

  0x0000028a3a39e910: ;   {post_call_nop}
  0x0000028a3a39e910: 0f1f 8400 | 080b 0006 | 85c0 0f8c | 6465 0000 | 83f8 1e0f | 8c1f 5d00 | 004c 8b5c | 2468 488d 
  0x0000028a3a39e930: 8424 1801 | 0000 418b | 87d8 0600 | 004d 8b13 | 4d3b 5c07 | f80f 852e | 0000 0041 | 83af d806 
  0x0000028a3a39e950: 0000 084d | 3b5c 07f0 | 0f84 5f00 | 0000 498b | c248 83e0 | fc49 83ca | 01f0 4d0f | b113 0f85 
  0x0000028a3a39e970: 44b8 0000 | e944 0000 | 0049 83ba | 8600 0000 | 0075 3349 | c742 3e00 | 0000 00f0 | 8344 24c0 
  0x0000028a3a39e990: 0049 83ba | 8e00 0000 | 0074 2249 | 83ba 9e00 | 0000 0075 | 1849 83e2 | fd4d 8997 | e805 0000 
  0x0000028a3a39e9b0: 4183 ca01 | eb0a 49ff | 8a86 0000 | 0045 33d2 | 0f85 bb57 | 0000 448b | 5510 4981 | fa50 4b03 
  0x0000028a3a39e9d0: 040f 8585 | 6500 004c | 0fb7 552c | 4c8b 9c24 | 9800 0000 | 4d8b 5b10 | 4c0f b745 | 2a4d 03c2 
  0x0000028a3a39e9f0: 4f8d 5418 | 1e4c 8b9c | 2498 0000 | 004d 8953 | 104d 8953 | 184c 8b94 | 2498 0000 

  0x0000028a3a39ea0c: ;   {other}
  0x0000028a3a39ea0c: 004d 8b52 | 204d 85d2 | 0f84 b65f | 0000 4c63 | 9c24 9400 | 0000 4d3b | da0f 8fd3 | 4200 0044 
  0x0000028a3a39ea2c: 8b9c 2494 | 0000 0045 | 85db 0f8e | 3460 0000 | 4c8b 9424 | 9800 0000 | 458b 5a30 

  0x0000028a3a39ea48: ; implicit exception: dispatches to 0x0000028a3a3a7b04
  0x0000028a3a39ea48: 478b 54dc | 2047 8b5c | d418 4489 | 9c24 a400 | 0000 4c8b | 9424 9800 | 0000 4d8b | 5210 4c89 
  0x0000028a3a39ea68: 9424 a800 | 0000 478b | 54dc 3044 | 8994 24b0 | 0000 0045 | 85d2 0f84 | 8c50 0000 | 49c1 e203 
  0x0000028a3a39ea88: 4c89 5424 | 6844 8b9c | 24a4 0000 | 004b 8d2c | dc4c 8b5c | 2468 488d | 9c24 1801 | 0000 4d8b 
  0x0000028a3a39eaa8: 1341 8b9f | d806 0000 | 41f6 c202 | 0f85 3700 | 0000 81fb | 2707 0000 | 0f8f 4b00 | 0000 4d3b 
  0x0000028a3a39eac8: 5c1f f874 | 1649 8bc2 | 4883 c801 | 4983 e2fe | f04d 0fb1 | 130f 852e | 0000 004d | 891c 1f41 
  0x0000028a3a39eae8: 8387 d806 | 0000 08eb | 1e48 33c0 | 498b 9fc8 | 0400 00f0 | 490f b15a | 3e74 0c48 | 3bd8 7509 
  0x0000028a3a39eb08: 49ff 8286 

  0x0000028a3a39eb0c: ;   {other}
  0x0000028a3a39eb0c: 0000 0033 | c00f 855e | 5500 0044 | 8b94 24a4 | 0000 0047 | 8b5c d430 | 4585 db0f | 8477 5000 
  0x0000028a3a39eb2c: 004c 8b94 | 24a8 0000 | 004d 85d2 | 0f8c b25f | 0000 4b8d | 14dc 4d8b | c244 8b5c | 2478 4489 
  0x0000028a3a39eb4c: 5c24 6490 

  0x0000028a3a39eb50: ;   {optimized virtual_call}
  0x0000028a3a39eb50: c5f8 77e8 

  0x0000028a3a39eb54: ; ImmutableOopMap {rbp=Oop [40]=Oop [48]=Oop [56]=Oop [64]=Oop [72]=Oop [80]=Oop [88]=Oop [104]=Oop [112]=NarrowOop [128]=Oop [136]=Oop [144]=NarrowOop [152]=Oop [160]=NarrowOop [164]=NarrowOop [176]=NarrowOop }
                      ;*invokevirtual seek0 {reexecute=0 rethrow=0 return_oop=0}
                      ; - java.io.RandomAccessFile::seek@18 (line 675)
                      ; - java.util.zip.ZipFile$Source::readAt@14 (line 1587)
                      ; - java.util.zip.ZipFile$ZipFileInputStream::read@76 (line 936)
                      ; - java.util.zip.ZipFile$ZipFileInflaterInputStream::fill@32 (line 449)
                      ; - java.util.zip.InflaterInputStream::read@78 (line 208)
                      ; - jdk.internal.loader.Resource::getBytes@90 (line 106)
                      ; - jdk.internal.loader.URLClassPath$JarLoader$1::getBytes@1 (line 730)
                      ; - jdk.internal.loader.BuiltinClassLoader::defineClass@84 (line 773)
                      ; - jdk.internal.loader.BuiltinClassLoader::findClassOnClassPathOrNull@30 (line 691)
  0x0000028a3a39eb54: b819 afff 

  0x0000028a3a39eb58: ;   {post_call_nop}
  0x0000028a3a39eb58: 0f1f 8400 | 500d 0007 | 448b 9c24 | a400 0000 | 478b 4cdc | 3045 85c9 | 0f84 de50 

  0x0000028a3a39eb74: ;   {oop(a 'java/lang/Class'{0x0000000708a49490} = 'java/io/RandomAccessFile')}
  0x0000028a3a39eb74: 0000 49ba | 9094 a408 | 0700 0000 | 410f b6aa | 8c00 0000 | 85ed 0f85 | 2c60 0000 | 4b8d 14cc 
  0x0000028a3a39eb94: 4c8b 4424 | 3045 33c9 | 8bbc 2494 | 0000 004c | 8b94 2488 | 0000 004c | 8954 2430 | 488b 6c24 
  0x0000028a3a39ebb4: 6866 6690 

  0x0000028a3a39ebb8: ;   {optimized virtual_call}
  0x0000028a3a39ebb8: c5f8 77e8 

  0x0000028a3a39ebbc: ; ImmutableOopMap {rbp=Oop [40]=Oop [48]=Oop [56]=Oop [64]=Oop [72]=Oop [80]=Oop [88]=Oop [112]=NarrowOop [128]=Oop [136]=Oop [152]=Oop [160]=NarrowOop [176]=NarrowOop }
                      ;*invokevirtual readBytes0 {reexecute=0 rethrow=0 return_oop=0}
                      ; - java.io.RandomAccessFile::readBytes@24 (line 395)
                      ; - java.io.RandomAccessFile::read@4 (line 437)
                      ; - java.util.zip.ZipFile$Source::readAt@24 (line 1588)
                      ; - java.util.zip.ZipFile$ZipFileInputStream::read@76 (line 936)
                      ; - java.util.zip.ZipFile$ZipFileInflaterInputStream::fill@32 (line 449)
                      ; - java.util.zip.InflaterInputStream::read@78 (line 208)
                      ; - jdk.internal.loader.Resource::getBytes@90 (line 106)
                      ; - jdk.internal.loader.URLClassPath$JarLoader$1::getBytes@1 (line 730)
                      ; - jdk.internal.loader.BuiltinClassLoader::defineClass@84 (line 773)
                      ; - jdk.internal.loader.BuiltinClassLoader::findClassOnClassPathOrNull@30 (line 691)
  0x0000028a3a39ebbc: 50c3 aeff 

  0x0000028a3a39ebc0: ;   {post_call_nop}
  0x0000028a3a39ebc0: 0f1f 8400 | b80d 0008 | 8bf8 488d | 8424 1801 | 0000 418b | 87d8 0600 | 004c 8b55 | 0049 3b6c 
  0x0000028a3a39ebe0: 07f8 0f85 | 2f00 0000 | 4183 afd8 | 0600 0008 | 493b 6c07 | f00f 8460 | 0000 0049 | 8bc2 4883 
  0x0000028a3a39ec00: e0fc 4983 | ca01 f04c | 0fb1 5500 | 0f85 99b5 | 0000 e944 | 0000 0049 | 83ba 8600 | 0000 0075 
  0x0000028a3a39ec20: 3349 c742 | 3e00 0000 | 00f0 8344 | 24c0 0049 | 83ba 8e00 | 0000 0074 | 2249 83ba | 9e00 0000 
  0x0000028a3a39ec40: 0075 1849 | 83e2 fd4d | 8997 e805 | 0000 4183 | ca01 eb0a | 49ff 8a86 | 0000 0045 | 33d2 0f85 
  0x0000028a3a39ec60: 3154 0000 | 85ff 0f8e | d858 0000 | 89bc 2490 | 0000 004c | 8b94 2498 | 0000 0049 | 8b5a 204d 
  0x0000028a3a39ec80: 8b52 104c | 63df 4d03 | d34c 8b84 | 2498 0000 | 004d 8950 | 1049 2bdb | 4d8b d049 | 895a 204c 
  0x0000028a3a39eca0: 8b5c 2438 | 488d 8424 | 1001 0000 | 418b 87d8 | 0600 004d | 8b13 4d3b | 5c07 f80f 

  0x0000028a3a39ecbc: ;   {other}
  0x0000028a3a39ecbc: 852e 0000 | 0041 83af | d806 0000 | 084d 3b5c | 07f0 0f84 | 5f00 0000 | 498b c248 | 83e0 fc49 
  0x0000028a3a39ecdc: 83ca 01f0 | 4d0f b113 | 0f85 b4b4 | 0000 e944 | 0000 0049 | 83ba 8600 | 0000 0075 | 3349 c742 
  0x0000028a3a39ecfc: 3e00 0000 | 00f0 8344 | 24c0 0049 | 83ba 8e00 | 0000 0074 | 2249 83ba | 9e00 0000 | 0075 1849 
  0x0000028a3a39ed1c: 83e2 fd4d | 8997 e805 | 0000 4183 | ca01 eb0a | 49ff 8a86 | 0000 0045 | 33d2 0f85 | 8453 0000 
  0x0000028a3a39ed3c: 4885 db0f | 852a 0300 | 004c 8b84 | 2498 0000 | 0045 0fb6 | 500c 4585 | d20f 8514 | 0300 0041 
  0x0000028a3a39ed5c: c640 0c01 | f083 4424 | c000 4d89 | 6020 458b | 5830 478b | 54dc 2047 | 8b54 d40c | 4585 d20f 
  0x0000028a3a39ed7c: 84a7 6200 | 004f 8d1c | d44c 895c | 2430 4489 | 9424 9400 | 0000 488d | 9c24 1001 | 0000 4d8b 
  0x0000028a3a39ed9c: 1341 8b9f | d806 0000 | 41f6 c202 | 0f85 3700 | 0000 81fb | 2707 0000 | 0f8f 4b00 | 0000 4d3b 
  0x0000028a3a39edbc: ;   {other}
  0x0000028a3a39edbc: 5c1f f874 | 1649 8bc2 | 4883 c801 | 4983 e2fe | f04d 0fb1 | 130f 852e | 0000 004d | 891c 1f41 
  0x0000028a3a39eddc: 8387 d806 | 0000 08eb | 1e48 33c0 | 498b 9fc8 | 0400 00f0 | 490f b15a | 3e74 0c48 | 3bd8 7509 
  0x0000028a3a39edfc: 49ff 8286 | 0000 0033 | c00f 8545 | 6300 004c | 8b94 2498 | 0000 0045 | 8b52 3047 | 8b5c d420 
  0x0000028a3a39ee1c: ; implicit exception: dispatches to 0x0000028a3a3a8184
  0x0000028a3a39ee1c: 438b 6cdc | 0c45 8b54 

  0x0000028a3a39ee24: ;   {metadata('java/util/Collections$SetFromMap')}
  0x0000028a3a39ee24: ec08 4181 | fa60 7e2f | 000f 8542 | 6300 004d | 8d14 ec41 | 8b6a 0c45 | 8b5c ec08 

  0x0000028a3a39ee40: ;   {metadata('java/util/WeakHashMap')}
  0x0000028a3a39ee40: 4181 fb00 | 2525 000f | 85b3 6300 | 004d 8d14 | ec4c 8994 | 24a0 0000 | 004c 8b94 | 2498 0000 
  0x0000028a3a39ee60: 004d 8b12 | 4d8b da49 | 83e3 0349 | 83fb 020f | 8417 3900 | 0049 c1ea | 0b41 8bc2 | 25ff ffff 
  0x0000028a3a39ee80: 7f0f 8405 | 3900 0044 | 8bd8 41c1 | eb0c 4c8b | 9424 a000 | 0000 458b | 4218 448b | c841 c1e9 
  0x0000028a3a39eea0: 1445 33cb | 4433 c845 | 8bd9 41c1 | eb04 418b | c9c1 e907 | 4133 c941 | 33cb 898c | 24a8 0000 
  0x0000028a3a39eec0: 0045 85c0 | 0f84 ce61 | 0000 473b | 64c4 0c0f | 8509 1700 | 004c 8b94 | 24a0 0000 | 0045 8b42 
  0x0000028a3a39eee0: 1447 8b54 | c40c 458d | 4aff 4423 | 8c24 a800 | 0000 4585 | d20f 8699 | 6300 004b | 8d3c c446 
  0x0000028a3a39ef00: 8b5c 8f10 | 4585 db0f | 84a3 0000 | 004b 8d0c | dc48 8bd9 | 8b69 2044 | 8b51 2444 | 8b9c 24a8 
  0x0000028a3a39ef20: 0000 0045 | 3bda 0f85 | 412f 0000 | 448b 510c | 49c1 e203 | 4c8b 9c24 | 9800 0000 

  0x0000028a3a39ef3c: ;   {other}
  0x0000028a3a39ef3c: 4d3b d30f | 85eb 6400 | 004c 8b94 | 24a0 0000 | 0041 ff4a | 2041 ff42 | 2c48 3bd9 | 0f85 a665 
  0x0000028a3a39ef5c: 0000 4e8d | 548f 1041 | 807f 4800 | 0f85 36a7 | 0000 4189 | 2a44 8bc5 | 49c1 e003 | 4d8b da4d 
  0x0000028a3a39ef7c: 33d8 49c1 | eb15 0f84 | 2800 0000 | 4983 f800 | 0f84 1e00 | 0000 4d8b | da49 c1eb | 0949 b800 
  0x0000028a3a39ef9c: 20d4 3e8a | 0200 004d | 03d8 4180 | 3b02 0f85 | 52a7 0000 | 4c8b 5c24 | 3048 8d84 | 2410 0100 
  0x0000028a3a39efbc: 0041 8b87 | d806 0000 | 4d8b 134d | 3b5c 07f8 | 0f85 2e00 | 0000 4183 | afd8 0600 | 0008 4d3b 
  0x0000028a3a39efdc: 5c07 f00f | 845f 0000 | 0049 8bc2 | 4883 e0fc | 4983 ca01 | f04d 0fb1 | 130f 8596 | b100 00e9 
  0x0000028a3a39effc: 4400 0000 | 4983 ba86 | 0000 0000 | 7533 49c7 | 423e 0000 | 0000 f083 | 4424 c000 | 4983 ba8e 
  0x0000028a3a39f01c: 0000 0000 | 7422 4983 | ba9e 0000 | 0000 7518 | 4983 e2fd | 4d89 97e8 | 0500 0041 | 83ca 01eb 
  0x0000028a3a39f03c: ;   {other}
  0x0000028a3a39f03c: 0a49 ff8a | 8600 0000 | 4533 d274 | 2649 8bcb | 488d 9424 | 1001 0000 | 4d8b c7c5 

  0x0000028a3a39f058: ;   {runtime_call}
  0x0000028a3a39f058: f877 49ba | 70f4 49e5 | fe7f 0000 

  0x0000028a3a39f064: ;   {post_call_nop}
  0x0000028a3a39f064: 41ff d20f | 1f84 0000 | 0000 004c | 8b8c 2488 | 0000 0044 | 8b84 2490 | 0000 0045 | 8941 1c41 
  0x0000028a3a39f084: 83f8 ff0f | 84df 5b00 | 0044 8944 | 2474 4c89 | 4c24 6845 | 8b59 1044 | 899c 2488 | 0000 0045 
  0x0000028a3a39f0a4: 8b51 1444 | 8994 248c | 0000 0047 | 8b54 dc30 | 448b 9c24 | 8c00 0000 

  0x0000028a3a39f0bc: ; implicit exception: dispatches to 0x0000028a3a3a7d34
  0x0000028a3a39f0bc: 478b 44dc | 0c8b 6c24 | 7441 0be8 | 0f8c 0255 | 0000 448b | 4c24 7445 | 3bc8 0f8f | f45b 0000 
  0x0000028a3a39f0dc: 4585 d20f | 8413 4c00 | 0049 c1e2 | 034c 8954 | 2430 4c8b | 5c24 3048 | 8d9c 2410 | 0100 004d 
  0x0000028a3a39f0fc: 8b13 418b | 9fd8 0600 | 0041 f6c2 | 020f 8537 | 0000 0081 | fb27 0700 | 000f 8f4b | 0000 004d 
  0x0000028a3a39f11c: 3b5c 1ff8 | 7416 498b | c248 83c8 | 0149 83e2 | fef0 4d0f | b113 0f85 | 2e00 0000 | 4d89 1c1f 
  0x0000028a3a39f13c: 4183 87d8 | 0600 0008 | eb1e 4833 | c049 8b9f | c804 0000 | f049 0fb1 | 5a3e 740c | 483b d875 
  0x0000028a3a39f15c: 0949 ff82 | 8600 0000 

  0x0000028a3a39f164: ;   {other}
  0x0000028a3a39f164: 33c0 0f85 | aa4f 0000 | 448b 9424 | 8800 0000 | 448b 4424 | 7447 8944 | d420 4789 | 64d4 0c8b 
  0x0000028a3a39f184: 8c24 8800 | 0000 448b | 8c24 8c00 | 0000 4d8d | 5ccc 3841 | 807f 4800 | 0f85 b7a5 | 0000 4589 
  0x0000028a3a39f1a4: 0b45 8bc1 | 49c1 e003 | 4d8b d34d | 33d0 49c1 | ea15 0f84 | 1e00 0000 | 4d8b d349 | c1ea 0949 
  0x0000028a3a39f1c4: b800 20d4 | 3e8a 0200 | 004d 03d0 | 4180 3a02 | 0f85 f1a5 | 0000 4d33 | c94d 8d44 | cc34 4180 
  0x0000028a3a39f1e4: 7f48 000f | 853f a600 | 0045 8908 | 4c8b 5c24 | 3048 8d84 | 2410 0100 | 0041 8b87 | d806 0000 
  0x0000028a3a39f204: 4d8b 134d | 3b5c 07f8 | 0f85 2e00 | 0000 4183 | afd8 0600 | 0008 4d3b | 5c07 f00f | 845f 0000 
  0x0000028a3a39f224: 0049 8bc2 | 4883 e0fc | 4983 ca01 | f04d 0fb1 | 130f 8549 | af00 00e9 | 4400 0000 | 4983 ba86 
  0x0000028a3a39f244: 0000 0000 | 7533 49c7 | 423e 0000 | 0000 f083 | 4424 c000 | 4983 ba8e | 0000 0000 | 7422 4983 
  0x0000028a3a39f264: ;   {other}
  0x0000028a3a39f264: ba9e 0000 | 0000 7518 | 4983 e2fd | 4d89 97e8 | 0500 0041 | 83ca 01eb | 0a49 ff8a | 8600 0000 
  0x0000028a3a39f284: 4533 d20f | 855e 4e00 | 004c 8b44 | 2468 458b | 5810 4585 | db0f 84ef | 0d00 004b | 8d14 dc4c 
  0x0000028a3a39f2a4: 8b84 2480 | 0000 0044 | 8b4c 2478 | 8b7c 247c | 4c89 4424 | 3841 8be9 

  0x0000028a3a39f2bc: ;   {optimized virtual_call}
  0x0000028a3a39f2bc: c5f8 77e8 

  0x0000028a3a39f2c0: ; ImmutableOopMap {[40]=Oop [56]=Oop [64]=Oop [72]=Oop [80]=Oop [88]=Oop [104]=Oop [112]=NarrowOop [128]=Oop }
                      ;*invokevirtual inflate {reexecute=0 rethrow=0 return_oop=0}
                      ; - java.util.zip.InflaterInputStream::read@88 (line 210)
                      ; - jdk.internal.loader.Resource::getBytes@90 (line 106)
                      ; - jdk.internal.loader.URLClassPath$JarLoader$1::getBytes@1 (line 730)
                      ; - jdk.internal.loader.BuiltinClassLoader::defineClass@84 (line 773)
                      ; - jdk.internal.loader.BuiltinClassLoader::findClassOnClassPathOrNull@30 (line 691)
  0x0000028a3a39f2c0: 4c88 c7ff 

  0x0000028a3a39f2c4: ;   {post_call_nop}
  0x0000028a3a39f2c4: 0f1f 8400 | bc14 0009 

  0x0000028a3a39f2cc: ; ImmutableOopMap {[40]=Oop [56]=Oop [64]=Oop [72]=Oop [80]=Oop [88]=Oop [104]=Oop [112]=NarrowOop [128]=Oop }
                      ;*ifeq {reexecute=1 rethrow=0 return_oop=0}
                      ; - (reexecute) java.util.zip.InflaterInputStream::read@94 (line 210)
                      ; - jdk.internal.loader.Resource::getBytes@90 (line 106)
                      ; - jdk.internal.loader.URLClassPath$JarLoader$1::getBytes@1 (line 730)
                      ; - jdk.internal.loader.BuiltinClassLoader::defineClass@84 (line 773)
                      ; - jdk.internal.loader.BuiltinClassLoader::findClassOnClassPathOrNull@30 (line 691)
  0x0000028a3a39f2cc: 4d8b 5730 

  0x0000028a3a39f2d0: ;   {poll}
  0x0000028a3a39f2d0: 4185 0285 | c00f 8461 | 0f00 0048 | 8b74 2458 | 4c8b 4c24 | 5044 8b5c | 2460 8b54 | 2420 448b 
  0x0000028a3a39f2f0: c58b 4c24 | 2448 8b7c | 2438 85c0 | 0f8c 1644 | 0000 4c89 | 4c24 504d | 8b57 3044 

  0x0000028a3a39f30c: ; ImmutableOopMap {r9=Oop rdi=Oop rsi=Oop [40]=Oop [64]=Oop [72]=Oop [80]=Oop [112]=NarrowOop }
                      ;*goto {reexecute=1 rethrow=0 return_oop=0}
                      ; - (reexecute) jdk.internal.loader.Resource::getBytes@140 (line 118)
                      ; - jdk.internal.loader.URLClassPath$JarLoader$1::getBytes@1 (line 730)
                      ; - jdk.internal.loader.BuiltinClassLoader::defineClass@84 (line 773)
                      ; - jdk.internal.loader.BuiltinClassLoader::findClassOnClassPathOrNull@30 (line 691)
                      ;   {poll}
  0x0000028a3a39f30c: 03c0 4185 | 0245 3bc3 | 0f8c 2f07 | 0000 4c8b | 5c24 5045 

  0x0000028a3a39f320: ;   {metadata('java/util/zip/ZipFile$ZipFileInflaterInputStream')}
  0x0000028a3a39f320: 8b53 0841 | 81fa f0fe | 3f00 0f85 | 3311 0000 | 4889 7c24 | 5848 8974 | 2450 498b | d366 6690 
  0x0000028a3a39f340: ;   {optimized virtual_call}
  0x0000028a3a39f340: c5f8 77e8 

  0x0000028a3a39f344: ; ImmutableOopMap {[40]=Oop [64]=Oop [72]=Oop [80]=Oop [88]=Oop [112]=NarrowOop }
                      ;*invokevirtual close {reexecute=0 rethrow=0 return_oop=0}
                      ; - jdk.internal.loader.Resource::getBytes@144 (line 121)
                      ; - jdk.internal.loader.URLClassPath$JarLoader$1::getBytes@1 (line 730)
                      ; - jdk.internal.loader.BuiltinClassLoader::defineClass@84 (line 773)
                      ; - jdk.internal.loader.BuiltinClassLoader::findClassOnClassPathOrNull@30 (line 691)
  0x0000028a3a39f344: 480a dcff 

  0x0000028a3a39f348: ;   {post_call_nop}
  0x0000028a3a39f348: 0f1f 8400 | 4015 000c | 488b 7424 | 5048 8b7c | 2458 448b | 470c 4585 | c076 0d41 | 8d68 ff41 
  0x0000028a3a39f368: 3be8 0f83 | 344c 0000 | 488b d748 | 83c2 1033 | c9c5 f877 

  0x0000028a3a39f37c: ;   {runtime_call Stub::updateBytesCRC32}
  0x0000028a3a39f37c: 49ba c015 | 7339 8a02 | 0000 41ff 

  0x0000028a3a39f388: ;   {post_call_nop}
  0x0000028a3a39f388: d20f 1f84 | 0000 0000 | 0044 8b56 | 1c4f 8b54 | d418 448b | d84d 3bda | 0f85 7a54 | 0000 4889 
  0x0000028a3a39f3a8: 7c24 504c | 8b5c 2428 | 458b 5308 

  0x0000028a3a39f3b4: ;   {metadata('jdk/internal/loader/URLClassPath$JarLoader$1')}
  0x0000028a3a39f3b4: 4181 fa28 | d431 000f | 85a7 2900 | 0041 8b6b | 1c45 8b5c 

  0x0000028a3a39f3c8: ;   {metadata('java/util/jar/JarFile$JarFileEntry')}
  0x0000028a3a39f3c8: ec08 4181 | fbf0 c63f | 000f 85b1 | 4600 004d | 8d0c ec45 | 8b41 6443 | 8b6c c430 | 85ed 0f85 
  0x0000028a3a39f3e8: 7c54 0000 | 470f b65c | c412 4585 | db0f 852d | 2a00 0041 | 8b69 5c85 | ed0f 85b1 | 5000 0045 
  0x0000028a3a39f408: 8b51 6443 | 8b6c d430 | 85ed 0f85 | 7454 0000 | 498b 87c8 | 0100 004c | 8bd0 4983 | c228 4d3b 
  0x0000028a3a39f428: 97d8 0100 | 000f 836b | 3900 004d | 8997 c801 | 0000 410f | 0d8a c000 | 0000 48c7 | 0001 0000 
  0x0000028a3a39f448: ;   {metadata('java/security/CodeSource')}
  0x0000028a3a39f448: 00c7 4008 | 6892 1c00 | 4489 600c | 4c89 6010 | 4c89 6018 | 4c89 6020 | 488b e844 | 8b5c 2470 
  0x0000028a3a39f468: 4489 5d0c | 4585 db0f | 841f 5300 | 004b 8d14 | dc66 6690 

  0x0000028a3a39f47c: ;   {static_call}
  0x0000028a3a39f47c: c5f8 77e8 

  0x0000028a3a39f480: ; ImmutableOopMap {rbp=Oop [64]=Oop [72]=Oop [80]=Oop }
                      ;*invokestatic urlNoFragString {reexecute=0 rethrow=0 return_oop=1}
                      ; - java.security.CodeSource::<init>@30 (line 123)
                      ; - jdk.internal.loader.BuiltinClassLoader::defineClass@102 (line 775)
                      ; - jdk.internal.loader.BuiltinClassLoader::findClassOnClassPathOrNull@30 (line 691)
  0x0000028a3a39f480: 7c9a f7ff 

  0x0000028a3a39f484: ;   {post_call_nop}
  0x0000028a3a39f484: 0f1f 8400 | 7c16 000d | 4c8b 4c24 | 5041 8b71 | 0c4c 8d5d | 2041 807f | 4800 0f85 | f0a3 0000 
  0x0000028a3a39f4a4: 4c8b d049 | c1ea 0345 | 8913 4d8b | c34c 33c0 | 49c1 e815 | 0f84 2800 | 0000 4883 | f800 0f84 
  0x0000028a3a39f4c4: 1e00 0000 | 4d8b c349 | c1e8 0949 | ba00 20d4 | 3e8a 0200 | 004d 03c2 | 4180 3802 | 0f85 2aa4 
  0x0000028a3a39f4e4: 0000 488b | 5424 404c | 8b44 2448 | 33ff 488b | cd66 6690 

  0x0000028a3a39f4f8: ;   {optimized virtual_call}
  0x0000028a3a39f4f8: c5f8 77e8 

  0x0000028a3a39f4fc: ; ImmutableOopMap {}
                      ;*invokevirtual defineClass {reexecute=0 rethrow=0 return_oop=1}
                      ; - jdk.internal.loader.BuiltinClassLoader::defineClass@117 (line 776)
                      ; - jdk.internal.loader.BuiltinClassLoader::findClassOnClassPathOrNull@30 (line 691)
  0x0000028a3a39f4fc: 9099 d8ff 

  0x0000028a3a39f500: ;   {post_call_nop}
  0x0000028a3a39f500: 0f1f 8400 | f816 000e | c5f8 7748 | 81c4 3001 

  0x0000028a3a39f510: ;   {poll_return}
  0x0000028a3a39f510: 0000 5d49 | 3b67 280f | 8751 ac00 | 00c3 41ff | caeb 0a41 | 83c2 feeb | 0441 83c2 | fd41 83fa 
  0x0000028a3a39f530: ff0f 84d5 | 5100 008d | 4b01 443b | d10f 83ed | 5100 0044 | 3bd3 0f84 | 830c 0000 | 4585 d20f 
  0x0000028a3a39f550: 84f9 2d00 | 0049 8b9f | c801 0000 | 4c8b cb49 | 83c1 184d | 3b8f d801 | 0000 0f83 | 6d39 0000 
  0x0000028a3a39f570: 4d89 8fc8 | 0100 0041 | 0f0d 89c0 | 0000 0048 | c703 0100 

  0x0000028a3a39f584: ;   {metadata('java/lang/String')}
  0x0000028a3a39f584: 0000 c743 | 08c8 7218 | 0044 8963 | 0c4c 8963 | 104f 8d4c | dc10 453b | d00f 8460 | 0b00 0045 
  0x0000028a3a39f5a4: 3bc2 418b | f841 0f4f | fa89 7c24 | 7844 3bc7 | 0f82 cb4d | 0000 443b | d70f 82c2 | 4d00 0045 
  0x0000028a3a39f5c4: 8bda 4d63 | db49 83c3 | 174d 8bc3 | 4983 e0f8 | 4181 fa00 | 0010 000f | 876f 3900 | 004d 8baf 
  0x0000028a3a39f5e4: c801 0000 | 498b cd49 | 03c8 493b | 8fd8 0100 | 000f 8355 | 3900 0049 | 898f c801 | 0000 0f0d 
  0x0000028a3a39f604: 89c0 0000 | 0049 c745 | 0001 0000 | 000f 0d89 | 0001 0000 

  0x0000028a3a39f618: ;   {metadata({type array byte})}
  0x0000028a3a39f618: 41c7 4508 | f842 1800 | 4589 550c | 0f0d 8940 | 0100 000f | 0d89 8001 | 0000 49c1 | eb03 498b 
  0x0000028a3a39f638: d548 83c2 | 108b 6c24 | 7885 ed0f | 84d0 4c00 | 0041 3bea | 0f8c 9f30 | 0000 4983 | c0f0 49c1 
  0x0000028a3a39f658: e803 498b | c9c5 f877 

  0x0000028a3a39f660: ;   {runtime_call Stub::jlong_disjoint_arraycopy}
  0x0000028a3a39f660: 49ba 8025 | 7639 8a02 | 0000 41ff 

  0x0000028a3a39f66c: ;   {post_call_nop}
  0x0000028a3a39f66c: d20f 1f84 | 0000 0000 | 0044 8863 | 104c 8d43 | 1441 807f | 4800 0f85 | f3a2 0000 | 4d8b d549 
  0x0000028a3a39f68c: c1ea 0345 | 8910 4d8b | d84d 33dd | 49c1 eb15 | 0f84 1e00 | 0000 4d8b | d849 c1eb | 0949 ba00 
  0x0000028a3a39f6ac: 20d4 3e8a | 0200 004d | 03da 4180 | 3b02 0f85 | 23a3 0000 | 4889 9c24 | 8000 0000 | 448b 5e08 
  0x0000028a3a39f6cc: ;   {metadata('jdk/internal/loader/URLClassPath$JarLoader$1')}
  0x0000028a3a39f6cc: 4181 fb28 | d431 000f | 8592 1100 | 0048 8bfe 

  0x0000028a3a39f6dc: ;   {oop(a 'java/lang/Class'{0x0000000708a495a0} = 'jdk/internal/access/SharedSecrets')}
  0x0000028a3a39f6dc: 49ba a095 | a408 0700 | 0000 458b | 92d4 0000 | 0047 8b4c | d408 448b | 5f20 478b 

  0x0000028a3a39f6f8: ;   {metadata('java/util/jar/JavaUtilJarAccessImpl')}
  0x0000028a3a39f6f8: 44dc 1441 | 81f9 d8d7 | 3f00 0f85 | 9442 0000 | 4585 c00f | 8473 4200 | 004f 8d1c | c448 8d9c 
  0x0000028a3a39f718: 2410 0100 | 004d 8b13 | 418b 9fd8 | 0600 0041 | f6c2 020f | 8537 0000 | 0081 fb27 | 0700 000f 
  0x0000028a3a39f738: 8f4b 0000 | 004d 3b5c | 1ff8 7416 | 498b c248 | 83c8 0149 | 83e2 fef0 | 4d0f b113 | 0f85 2e00 
  0x0000028a3a39f758: 0000 4d89 | 1c1f 4183 | 87d8 0600 | 0008 eb1e | 4833 c049 | 8b9f c804 | 0000 f049 | 0fb1 5a3e 
  0x0000028a3a39f778: 740c 483b | d875 0949 | ff82 8600 | 0000 33c0 | 0f85 4242 | 0000 438b | 6cc4 3085 | ed0f 8519 
  0x0000028a3a39f798: 5000 0047 | 0fb6 54c4 | 1245 85d2 | 0f85 ea25 | 0000 488d | 8424 1001 | 0000 418b | 87d8 0600 
  0x0000028a3a39f7b8: 004d 8b13 | 4d3b 5c07 | f80f 852e | 0000 0041 | 83af d806 | 0000 084d | 3b5c 07f0 | 0f84 5f00 
  0x0000028a3a39f7d8: 0000 498b | c248 83e0 | fc49 83ca | 01f0 4d0f | b113 0f85 | 71a9 0000 | e944 0000 | 0049 83ba 
  0x0000028a3a39f7f8: ;   {other}
  0x0000028a3a39f7f8: 8600 0000 | 0075 3349 | c742 3e00 | 0000 00f0 | 8344 24c0 | 0049 83ba | 8e00 0000 | 0074 2249 
  0x0000028a3a39f818: 83ba 9e00 | 0000 0075 | 1849 83e2 | fd4d 8997 | e805 0000 | 4183 ca01 | eb0a 49ff | 8a86 0000 
  0x0000028a3a39f838: 0045 33d2 | 0f85 f641 | 0000 448b | 5f20 438b | 6cdc 1445 | 8b54 ec08 

  0x0000028a3a39f850: ;   {metadata('java/util/jar/JarFile')}
  0x0000028a3a39f850: 4181 fa88 | fe2b 000f | 8506 4200 | 004d 8d14 | ec49 8bca | 448b 5928 | 4585 db0f | 8458 2600 
  0x0000028a3a39f870: 0043 8b6c | dc0c 448b | c549 c1e0 | 0341 807f | 4800 0f85 | bca1 0000 

  0x0000028a3a39f888: ; implicit exception: dispatches to 0x0000028a3a3a7940
  0x0000028a3a39f888: 458b 4cec | 084f 8b54 

  0x0000028a3a39f890: ;   {oop(a 'java/lang/Class'{0x00000007060cf9f0} = 'java/lang/ref/SoftReference')}
  0x0000028a3a39f890: dc20 49b8 | f0f9 0c06 | 0700 0000 | 4d8b 4078 | 4d3b d00f | 85b4 2a00 

  0x0000028a3a39f8a8: ;   {metadata('java/util/jar/Manifest')}
  0x0000028a3a39f8a8: 0041 81f9 | 50bc 1c00 | 0f85 557c | 0000 4d8d | 1cec 4c8b | 5424 3845 

  0x0000028a3a39f8c0: ;   {metadata('jdk/internal/loader/ClassLoaders$AppClassLoader')}
  0x0000028a3a39f8c0: 8b52 0841 | 81fa 00a8 | 1d00 0f85 | 8840 0000 | 4c89 5c24 | 5048 8974 | 2430 4c8b | 5424 384c 
  0x0000028a3a39f8e0: 8954 2440 | 498b d24c | 8b84 2480 | 0000 004c | 8bd2 4c89 | 5424 2890 

  0x0000028a3a39f8f8: ;   {optimized virtual_call}
  0x0000028a3a39f8f8: c5f8 77e8 

  0x0000028a3a39f8fc: ; ImmutableOopMap {[40]=Oop [48]=Oop [64]=Oop [72]=Oop [80]=Oop [112]=NarrowOop [128]=Oop }
                      ;*invokevirtual getDefinedPackage {reexecute=0 rethrow=0 return_oop=1}
                      ; - jdk.internal.loader.BuiltinClassLoader::getAndVerifyPackage@2 (line 816)
                      ; - jdk.internal.loader.BuiltinClassLoader::defineOrCheckPackage@4 (line 791)
                      ; - jdk.internal.loader.ClassLoaders$AppClassLoader::defineOrCheckPackage@4 (line 185)
                      ; - jdk.internal.loader.BuiltinClassLoader::defineClass@40 (line 763)
                      ; - jdk.internal.loader.BuiltinClassLoader::findClassOnClassPathOrNull@30 (line 691)
  0x0000028a3a39f8fc: 9086 bbff 

  0x0000028a3a39f900: ;   {post_call_nop}
  0x0000028a3a39f900: 0f1f 8400 | f81a 000f | 4885 c00f | 84d0 0800 | 0044 8b58 | 1047 8b54 | dc1c 4585 | d20f 8541 
  0x0000028a3a39f920: 5a00 0044 | 8b50 1443 | 8b6c d424 | 85ed 0f85 | 685a 0000 | 4c8b 5424 | 504d 85d2 | 742e 4889 
  0x0000028a3a39f940: 4424 2048 | 8b54 2428 | 4c8b 8424 | 8000 0000 | 4d8b ca90 

  0x0000028a3a39f954: ;   {optimized virtual_call}
  0x0000028a3a39f954: c5f8 77e8 

  0x0000028a3a39f958: ; ImmutableOopMap {[32]=Oop [40]=Oop [48]=Oop [64]=Oop [72]=Oop [80]=Oop [112]=NarrowOop [128]=Oop }
                      ;*invokevirtual isSealed {reexecute=0 rethrow=0 return_oop=0}
                      ; - jdk.internal.loader.BuiltinClassLoader::getAndVerifyPackage@70 (line 825)
                      ; - jdk.internal.loader.BuiltinClassLoader::defineOrCheckPackage@4 (line 791)
                      ; - jdk.internal.loader.ClassLoaders$AppClassLoader::defineOrCheckPackage@4 (line 185)
                      ; - jdk.internal.loader.BuiltinClassLoader::defineClass@40 (line 763)
                      ; - jdk.internal.loader.BuiltinClassLoader::findClassOnClassPathOrNull@30 (line 691)
  0x0000028a3a39f958: b429 e3ff 

  0x0000028a3a39f95c: ;   {post_call_nop}
  0x0000028a3a39f95c: 0f1f 8400 | 541b 0010 | 85c0 0f85 | 605a 0000 | 488b 5424 | 3066 6690 

  0x0000028a3a39f974: ;   {optimized virtual_call}
  0x0000028a3a39f974: c5f8 77e8 

  0x0000028a3a39f978: ; ImmutableOopMap {[48]=Oop [64]=Oop [72]=Oop [112]=NarrowOop }
                      ;*invokevirtual getByteBuffer {reexecute=0 rethrow=0 return_oop=1}
                      ; - jdk.internal.loader.BuiltinClassLoader::defineClass@45 (line 767)
                      ; - jdk.internal.loader.BuiltinClassLoader::findClassOnClassPathOrNull@30 (line 691)
  0x0000028a3a39f978: a47e 4cf8 

  0x0000028a3a39f97c: ;   {post_call_nop}
  0x0000028a3a39f97c: 0f1f 8400 | 741b 0011 | 4885 c00f | 85db 4d00 | 004c 8b5c | 2430 458b 

  0x0000028a3a39f994: ;   {metadata('jdk/internal/loader/URLClassPath$JarLoader$1')}
  0x0000028a3a39f994: 5308 4181 | fa28 d431 | 000f 8580 | 1c00 004c | 895c 2428 | 498b eb49 | 8bd3 6690 

  0x0000028a3a39f9b0: ;   {optimized virtual_call}
  0x0000028a3a39f9b0: c5f8 77e8 

  0x0000028a3a39f9b4: ; ImmutableOopMap {rbp=Oop [40]=Oop [64]=Oop [72]=Oop [112]=NarrowOop }
                      ;*invokevirtual cachedInputStream {reexecute=0 rethrow=0 return_oop=1}
                      ; - jdk.internal.loader.Resource::getBytes@1 (line 88)
                      ; - jdk.internal.loader.URLClassPath$JarLoader$1::getBytes@1 (line 730)
                      ; - jdk.internal.loader.BuiltinClassLoader::defineClass@84 (line 773)
                      ; - jdk.internal.loader.BuiltinClassLoader::findClassOnClassPathOrNull@30 (line 691)
  0x0000028a3a39f9b4: 58f0 d0ff 

  0x0000028a3a39f9b8: ;   {post_call_nop}
  0x0000028a3a39f9b8: 0f1f 8400 | b01b 0012 | 4889 4424 | 5048 8bf5 | 448b 561c 

  0x0000028a3a39f9cc: ; implicit exception: dispatches to 0x0000028a3a3a788c
  0x0000028a3a39f9cc: 4f8b 54d4 | 2049 8bbf | c801 0000 | 4c8b c749 | 83c0 1045 | 8bda 4d3b | 87d8 0100 | 000f 83d6 
  0x0000028a3a39f9ec: 3300 004d | 8987 c801 | 0000 410f | 0d88 c000 | 0000 48c7 | 0701 0000 | 0041 0f0d | 8800 0100 
  0x0000028a3a39fa0c: ;   {metadata({type array byte})}
  0x0000028a3a39fa0c: 00c7 4708 | f842 1800 | 410f 0d88 | 4001 0000 | 4489 670c | 410f 0d88 | 8001 0000 | 4183 fbff 
  0x0000028a3a39fa2c: 0f84 b64d | 0000 4585 | db0f 8edf | f8ff ff4c | 8b4c 2450 

  0x0000028a3a39fa40: ; implicit exception: dispatches to 0x0000028a3a3a7fb4
  0x0000028a3a39fa40: 418b 5108 | 4533 c033 | c944 3bc1 | 0f8c 082c | 0000 8954 | 2430 4889 | 7c24 604c | 894c 2450 
  0x0000028a3a39fa60: 4889 7424 | 5844 895c | 2434 4489 | 4424 6845 | 2bd8 448d | 8100 0400 | 0045 3bd8 | 450f 4fd8 
  0x0000028a3a39fa80: 4489 5c24 | 7445 85db | 0f8c ce3c | 0000 4c8b | df49 83c3 | 1044 8b44 | 2468 4403 | 4424 7444 
  0x0000028a3a39faa0: 3bc1 0f84 | f127 0000 | 4c89 5c24 | 3841 3bc8 | 8be9 410f | 4fe8 3bcd | 0f82 7239 | 0000 443b 
  0x0000028a3a39fac0: c50f 8269 | 3900 0044 | 8944 246c | 458b d04d | 63d2 4983 | c217 4c89 | 5424 7849 | 83e2 f84c 
  0x0000028a3a39fae0: 8994 2480 | 0000 0041 | 81f8 0000 | 1000 0f87 | c731 0000 | 498b 9fc8 | 0100 004c | 8bd3 4c8b 
  0x0000028a3a39fb00: 9c24 8000 | 0000 4d03 | d34d 3b97 

  0x0000028a3a39fb0c: ;   {other}
  0x0000028a3a39fb0c: d801 0000 | 0f83 a531 | 0000 4d89 | 97c8 0100 | 0041 0f0d | 8ac0 0000 | 0048 c703 | 0100 0000 
  0x0000028a3a39fb2c: 410f 0d8a | 0001 0000 

  0x0000028a3a39fb34: ;   {metadata({type array byte})}
  0x0000028a3a39fb34: c743 08f8 | 4218 0044 | 8943 0c41 | 0f0d 8a40 | 0100 0041 | 0f0d 8a80 | 0100 004c | 8b54 2478 
  0x0000028a3a39fb54: 49c1 ea03 | 488b d348 | 83c2 1085 | ed0f 845d | 3800 003b | 6c24 6c0f | 8cf6 2700 | 004c 8b84 
  0x0000028a3a39fb74: 2480 0000 | 0049 83c0 | f049 c1e8 | 0348 8b4c | 2438 c5f8 

  0x0000028a3a39fb88: ;   {runtime_call Stub::jlong_disjoint_arraycopy}
  0x0000028a3a39fb88: 7749 ba80 | 2576 398a | 0200 0041 

  0x0000028a3a39fb94: ;   {post_call_nop}
  0x0000028a3a39fb94: ffd2 0f1f | 8400 0000 | 0000 488b | 7424 584c | 8b4c 2450 | 448b 5c24 | 348b 5424 | 3044 8b44 
  0x0000028a3a39fbb4: 2468 488b | fb8b 4b0c 

  0x0000028a3a39fbbc: ;   {metadata('java/util/zip/ZipFile$ZipFileInflaterInputStream')}
  0x0000028a3a39fbbc: 81fa f0fe | 3f00 0f85 | 0608 0000 | 498b d944 | 0fb6 5320 | 4585 d20f | 85b3 3b00 | 0045 8bd0 
  0x0000028a3a39fbdc: 440b d144 | 0b54 2474 | 4585 d20f | 8cc8 3a00 | 0044 8bd1 | 452b d08b | 4424 7441 | 3bc2 0f8f 
  0x0000028a3a39fbfc: d43b 0000 | 85c0 0f84 | 612a 0000 | 4889 4424 | f88b 4424 | 7489 4424 | 7c48 8b44 | 24f8 4889 
  0x0000028a3a39fc1c: bc24 8000 | 0000 894c | 2424 4489 | 4424 7889 | 5424 2044 | 895c 2460 | 4c89 4c24 | 5048 8974 
  0x0000028a3a39fc3c: 2458 448b | 5b10 4489 | 5c24 7448 | 895c 2468 

  0x0000028a3a39fc4c: ; implicit exception: dispatches to 0x0000028a3a3a76c4
  0x0000028a3a39fc4c: 478b 54dc | 3045 85d2 | 0f84 0a38 | 0000 49c1 | e203 4c89 | 5424 304c | 8b5c 2430 | 488d 9c24 
  0x0000028a3a39fc6c: 1001 0000 | 4d8b 1341 | 8b9f d806 | 0000 41f6 | c202 0f85 | 3700 0000 | 81fb 2707 | 0000 0f8f 
  0x0000028a3a39fc8c: 4b00 0000 | 4d3b 5c1f | f874 1649 | 8bc2 4883 | c801 4983 | e2fe f04d | 0fb1 130f | 852e 0000 
  0x0000028a3a39fcac: 004d 891c | 1f41 8387 | d806 0000 

  0x0000028a3a39fcb8: ;   {other}
  0x0000028a3a39fcb8: 08eb 1e48 | 33c0 498b | 9fc8 0400 | 00f0 490f | b15a 3e74 | 0c48 3bd8 | 7509 49ff | 8286 0000 
  0x0000028a3a39fcd8: 0033 c00f | 85c7 3700 | 0044 8b54 | 2474 430f | b65c d42c | 4c8b 5c24 | 3048 8d84 | 2410 0100 
  0x0000028a3a39fcf8: 0041 8b87 | d806 0000 | 4d8b 134d | 3b5c 07f8 | 0f85 2e00 | 0000 4183 | afd8 0600 | 0008 4d3b 
  0x0000028a3a39fd18: 5c07 f00f | 845f 0000 | 0049 8bc2 | 4883 e0fc | 4983 ca01 | f04d 0fb1 | 130f 851d | a400 00e9 
  0x0000028a3a39fd38: 4400 0000 | 4983 ba86 | 0000 0000 | 7533 49c7 | 423e 0000 | 0000 f083 | 4424 c000 | 4983 ba8e 
  0x0000028a3a39fd58: 0000 0000 | 7422 4983 | ba9e 0000 | 0000 7518 | 4983 e2fd | 4d89 97e8 | 0500 0041 | 83ca 01eb 
  0x0000028a3a39fd78: 0a49 ff8a | 8600 0000 | 4533 d20f | 854c 3700 | 0085 db0f | 85fe 0500 | 004c 8b54 | 2468 458b 
  0x0000028a3a39fd98: 5210 4489 | 5424 7447 | 8b5c d430 | 4585 db0f | 8453 3700 | 004f 8d14 | dc4c 8954 | 2430 4c8b 
  0x0000028a3a39fdb8: ;   {other}
  0x0000028a3a39fdb8: 5c24 3048 | 8d9c 2410 | 0100 004d | 8b13 418b | 9fd8 0600 | 0041 f6c2 | 020f 8537 | 0000 0081 
  0x0000028a3a39fdd8: fb27 0700 | 000f 8f4b | 0000 004d | 3b5c 1ff8 | 7416 498b | c248 83c8 | 0149 83e2 | fef0 4d0f 
  0x0000028a3a39fdf8: b113 0f85 | 2e00 0000 | 4d89 1c1f | 4183 87d8 | 0600 0008 | eb1e 4833 | c049 8b9f | c804 0000 
  0x0000028a3a39fe18: f049 0fb1 | 5a3e 740c | 483b d875 | 0949 ff82 | 8600 0000 | 33c0 0f85 | af37 0000 | 448b 5c24 
  0x0000028a3a39fe38: 7443 0fb6 | 5cdc 2e4c | 8b5c 2430 | 488d 8424 | 1001 0000 | 418b 87d8 | 0600 004d | 8b13 4d3b 
  0x0000028a3a39fe58: 5c07 f80f | 852e 0000 | 0041 83af | d806 0000 | 084d 3b5c | 07f0 0f84 | 5f00 0000 | 498b c248 
  0x0000028a3a39fe78: 83e0 fc49 | 83ca 01f0 | 4d0f b113 | 0f85 bda2 | 0000 e944 | 0000 0049 | 83ba 8600 | 0000 0075 
  0x0000028a3a39fe98: 3349 c742 | 3e00 0000 | 00f0 8344 | 24c0 0049 | 83ba 8e00 | 0000 0074 | 2249 83ba | 9e00 0000 
  0x0000028a3a39feb8: ;   {other}
  0x0000028a3a39feb8: 0075 1849 | 83e2 fd4d | 8997 e805 | 0000 4183 | ca01 eb0a | 49ff 8a86 | 0000 0045 | 33d2 0f85 
  0x0000028a3a39fed8: dc36 0000 | 85db 0f85 | 143a 0000 | 4c8b 5424 | 6845 8b5a | 1044 895c | 2474 478b | 54dc 3044 
  0x0000028a3a39fef8: 8994 2488 | 0000 0045 | 85d2 0f84 | 5436 0000 | 49c1 e203 | 4c89 5424 | 304c 8b5c | 2430 488d 
  0x0000028a3a39ff18: 9c24 1001 | 0000 4d8b | 1341 8b9f | d806 0000 | 41f6 c202 | 0f85 3700 | 0000 81fb | 2707 0000 
  0x0000028a3a39ff38: 0f8f 4b00 | 0000 4d3b | 5c1f f874 | 1649 8bc2 | 4883 c801 | 4983 e2fe | f04d 0fb1 | 130f 852e 
  0x0000028a3a39ff58: 0000 004d | 891c 1f41 | 8387 d806 | 0000 08eb | 1e48 33c0 | 498b 9fc8 | 0400 00f0 | 490f b15a 
  0x0000028a3a39ff78: 3e74 0c48 | 3bd8 7509 | 49ff 8286 | 0000 0033 | c00f 857e | 3600 0044 | 8b54 2474 | 478b 54d4 
  0x0000028a3a39ff98: 3445 85d2 | 741a 478b | 44d4 1c47 | 8b54 d418 | 453b d00f | 8cfb 4100 | 00bb 0100 | 0000 eb1a 
  0x0000028a3a39ffb8: ;   {other}
  0x0000028a3a39ffb8: 448b 5c24 | 7447 8b54 | dc0c 478b | 44dc 2045 | 3bc2 0f84 | 3424 0000 | 33db 4c8b | 5c24 3048 
  0x0000028a3a39ffd8: 8d84 2410 | 0100 0041 | 8b87 d806 | 0000 4d8b | 134d 3b5c | 07f8 0f85 | 2e00 0000 | 4183 afd8 
  0x0000028a3a39fff8: 0600 0008 | 4d3b 5c07 | f00f 845f | 0000 0049 | 8bc2 4883 | e0fc 4983 | ca01 f04d | 0fb1 130f 
  0x0000028a3a3a0018: 851d a100 | 00e9 4400 | 0000 4983 | ba86 0000 | 0000 7533 | 49c7 423e | 0000 0000 | f083 4424 
  0x0000028a3a3a0038: c000 4983 | ba8e 0000 | 0000 7422 | 4983 ba9e | 0000 0000 | 7518 4983 | e2fd 4d89 | 97e8 0500 
  0x0000028a3a3a0058: 0041 83ca | 01eb 0a49 | ff8a 8600 | 0000 4533 | d20f 85ca | 3500 004c | 8b54 2468 | 458b 5a10 
  0x0000028a3a3a0078: 85db 0f85 | 50e5 ffff | 4585 db0f | 8516 f2ff | ff4c 8b44 | 2468 baf6 | ffff ff48 | 8b6c 2440 
  0x0000028a3a3a0098: 4c8b 5424 | 484c 8954 | 2420 4c8b | 5424 584c | 8954 2428 | 448b 5424 | 7044 8954 

  0x0000028a3a3a00b4: ;   {other}
  0x0000028a3a3a00b4: 2430 4c8b | 9424 8000 | 0000 4c89 | 5424 4044 | 8b54 2460 | 4489 5424 | 3444 8b5c | 2478 4489 
  0x0000028a3a3a00d4: 5c24 504c | 8944 2458 | 448b 5c24 | 7c44 895c | 2478 6690 

  0x0000028a3a3a00e8: ;   {runtime_call UncommonTrapBlob}
  0x0000028a3a3a00e8: c5f8 77e8 

  0x0000028a3a3a00ec: ; ImmutableOopMap {rbp=Oop [32]=Oop [40]=Oop [48]=NarrowOop [64]=Oop [88]=Oop }
                      ;*invokevirtual inflate {reexecute=0 rethrow=0 return_oop=0}
                      ; - java.util.zip.InflaterInputStream::read@88 (line 210)
                      ; - jdk.internal.loader.Resource::getBytes@90 (line 106)
                      ; - jdk.internal.loader.URLClassPath$JarLoader$1::getBytes@1 (line 730)
                      ; - jdk.internal.loader.BuiltinClassLoader::defineClass@84 (line 773)
                      ; - jdk.internal.loader.BuiltinClassLoader::findClassOnClassPathOrNull@30 (line 691)
  0x0000028a3a3a00ec: f01c 4bff 

  0x0000028a3a3a00f0: ;   {post_call_nop}
  0x0000028a3a3a00f0: 0f1f 8400 | e822 0013 | 41b9 2f00 | 0000 e97a | e0ff ff49 | 63c0 4181 | f800 0010 | 000f 8777 
  0x0000028a3a3a0110: 3000 0049 | 8bbf c801 | 0000 4c8d | 5017 4983 | e2f8 488b | cf49 03ca | 493b 8fd8 | 0100 000f 
  0x0000028a3a3a0130: 8355 3000 | 0049 898f | c801 0000 | 0f0d 89c0 | 0000 0048 | c707 0100 | 0000 0f0d | 8900 0100 
  0x0000028a3a3a0150: ;   {metadata({type array byte})}
  0x0000028a3a3a0150: 00c7 4708 | f842 1800 | 4489 470c | 0f0d 8940 | 0100 000f | 0d89 8001 | 0000 488b | d748 83c2 
  0x0000028a3a3a0170: 1048 83c0 | 0748 c1e8 | 0349 8bc9 | 4c8b c0c5 

  0x0000028a3a3a0180: ;   {runtime_call Stub::jlong_disjoint_arraycopy}
  0x0000028a3a3a0180: f877 49ba | 8025 7639 | 8a02 0000 

  0x0000028a3a3a018c: ;   {post_call_nop}
  0x0000028a3a3a018c: 41ff d20f | 1f84 0000 | 0000 004c | 8bef e9d6 | f4ff ffbb | 0100 0000 | 3bd9 7d16 | 440f be5c 
  0x0000028a3a3a01ac: 1e10 4183 | fb2e 0f84 | b72f 0000 | ffc3 3bd9 | 7cea 4d8b | d949 c1e3 | 0348 8b7c | 2448 e905 
  0x0000028a3a3a01cc: e1ff ff4c | 8b54 2448 | 4c89 9424 | 8000 0000 | e9e7 f4ff 

  0x0000028a3a3a01e0: ;   {metadata('java/lang/IllegalArgumentException')}
  0x0000028a3a3a01e0: ff48 bd90 | d51d 8d00 | 0000 004c | 8b54 2450 | 4d85 d20f | 8492 1c00 | 004c 8954 | 2420 448b 
  0x0000028a3a3a0200: 5424 7049 | 8bfa 48c1 | e703 488b | 5424 284c | 8b84 2480 | 0000 004c | 8b4c 2420 

  0x0000028a3a3a021c: ;   {optimized virtual_call}
  0x0000028a3a3a021c: c5f8 77e8 

  0x0000028a3a3a0220: ; ImmutableOopMap {[32]=Oop [40]=Oop [48]=Oop [64]=Oop [72]=Oop [112]=NarrowOop [128]=Oop }
                      ;*invokevirtual definePackage {reexecute=0 rethrow=0 return_oop=1}
                      ; - jdk.internal.loader.BuiltinClassLoader::defineOrCheckPackage@22 (line 795)
                      ; - jdk.internal.loader.ClassLoaders$AppClassLoader::defineOrCheckPackage@4 (line 185)
                      ; - jdk.internal.loader.BuiltinClassLoader::defineClass@40 (line 763)
                      ; - jdk.internal.loader.BuiltinClassLoader::findClassOnClassPathOrNull@30 (line 691)
  0x0000028a3a3a0220: 7c08 b5f8 

  0x0000028a3a3a0224: ;   {post_call_nop}
  0x0000028a3a3a0224: 0f1f 8400 | 1c24 0014 | e93b f7ff | ff41 b92f | 0000 00e9 | 3fe0 ffff | 4c8b 5424 | 6845 8b5a 
  0x0000028a3a3a0244: 1044 895c | 2474 478b | 54dc 3045 | 85d2 0f84 | b370 0000 | 49c1 e203 | 4c89 5424 | 304c 8b5c 
  0x0000028a3a3a0264: 2430 488d | 9c24 1001 | 0000 4d8b | 1341 8b9f | d806 0000 | 41f6 c202 | 0f85 3700 | 0000 81fb 
  0x0000028a3a3a0284: 2707 0000 | 0f8f 4b00 | 0000 4d3b | 5c1f f874 | 1649 8bc2 | 4883 c801 | 4983 e2fe | f04d 0fb1 
  0x0000028a3a3a02a4: 130f 852e | 0000 004d | 891c 1f41 | 8387 d806 | 0000 08eb | 1e48 33c0 | 498b 9fc8 | 0400 00f0 
  0x0000028a3a3a02c4: 490f b15a | 3e74 0c48 | 3bd8 7509 | 49ff 8286 | 0000 0033 | c00f 85b0 | 7000 0044 | 8b5c 2474 
  0x0000028a3a3a02e4: 430f b67c | dc2c 4c8b | 5c24 3048 | 8d84 2410 | 0100 0041 | 8b87 d806 | 0000 4d8b | 134d 3b5c 
  0x0000028a3a3a0304: 07f8 0f85 | 2e00 0000 | 4183 afd8 | 0600 0008 | 4d3b 5c07 | f00f 845f | 0000 0049 

  0x0000028a3a3a0320: ;   {other}
  0x0000028a3a3a0320: 8bc2 4883 | e0fc 4983 | ca01 f04d | 0fb1 130f | 85f8 9d00 | 00e9 4400 | 0000 4983 | ba86 0000 
  0x0000028a3a3a0340: 0000 7533 | 49c7 423e | 0000 0000 | f083 4424 | c000 4983 | ba8e 0000 | 0000 7422 | 4983 ba9e 
  0x0000028a3a3a0360: 0000 0000 | 7518 4983 | e2fd 4d89 | 97e8 0500 | 0041 83ca | 01eb 0a49 | ff8a 8600 | 0000 4533 
  0x0000028a3a3a0380: d20f 85dd | 6f00 0085 | ff0f 8402 | faff ff4c | 8b54 2468 | 41c6 4221 | 01b8 ffff | ffff 488b 
  0x0000028a3a3a03a0: 7424 584c | 8b4c 2450 | 448b 5c24 | 608b 5424 | 2044 8b44 | 2478 8b4c | 2424 488b | bc24 8000 
  0x0000028a3a3a03c0: 0000 e933 | efff ff33 | ede9 50dc 

  0x0000028a3a3a03cc: ;   {metadata('java/io/FileInputStream')}
  0x0000028a3a3a03cc: ffff 81fa | b0c9 1800 | 0f85 ce51 | 0000 4d8b 

  0x0000028a3a3a03dc: ;   {oop(a 'java/lang/Class'{0x00000007ff950f38} = 'java/io/FileInputStream')}
  0x0000028a3a3a03dc: d148 bb38 | 0f95 ff07 | 0000 000f | b65b 7c85 | db0f 85f5 | 5100 0048 | 897c 2438 | 894c 2430 
  0x0000028a3a3a03fc: 4489 4424 | 2489 5424 | 2041 8beb | 4c89 4c24 | 5048 8974 | 2458 498b | d24c 8bc7 | 448b 4c24 
  0x0000028a3a3a041c: 248b 7c24 | 744c 8954 | 2468 6690 

  0x0000028a3a3a0428: ;   {optimized virtual_call}
  0x0000028a3a3a0428: c5f8 77e8 

  0x0000028a3a3a042c: ; ImmutableOopMap {[40]=Oop [56]=Oop [64]=Oop [72]=Oop [80]=Oop [88]=Oop [104]=Oop [112]=NarrowOop }
                      ;*invokevirtual readBytes {reexecute=0 rethrow=0 return_oop=0}
                      ; - java.io.FileInputStream::read@24 (line 281)
                      ; - jdk.internal.loader.Resource::getBytes@90 (line 106)
                      ; - jdk.internal.loader.URLClassPath$JarLoader$1::getBytes@1 (line 730)
                      ; - jdk.internal.loader.BuiltinClassLoader::defineClass@84 (line 773)
                      ; - jdk.internal.loader.BuiltinClassLoader::findClassOnClassPathOrNull@30 (line 691)
  0x0000028a3a3a042c: b0e9 3dff 

  0x0000028a3a3a0430: ;   {post_call_nop}
  0x0000028a3a3a0430: 0f1f 8400 | 2826 0015 | 488b 7424 | 584c 8b4c | 2450 448b | dd8b 5424 | 2044 8b44 | 2424 8b4c 
  0x0000028a3a3a0450: 2430 488b | 7c24 38e9 | 9eee ffff | 33c0 e9a5 

  0x0000028a3a3a0460: ;   {metadata('java/io/FileInputStream')}
  0x0000028a3a3a0460: f0ff ff41 | 81fa b0c9 | 1800 0f85 | a054 0000 | 4c8b 6c24 | 5045 0fb6 | 5d0c 4585 | db0f 85d7 
  0x0000028a3a3a0480: eeff ff45 | 8b5d 1c45 | 85db 0f84 | 586a 0000 | 4f8d 04dc | 488d 9c24 | 1001 0000 | 4d8b 1041 
  0x0000028a3a3a04a0: 8b9f d806 | 0000 41f6 | c202 0f85 | 3700 0000 | 81fb 2707 | 0000 0f8f | 4b00 0000 | 4d3b 441f 
  0x0000028a3a3a04c0: f874 1649 | 8bc2 4883 | c801 4983 | e2fe f04d | 0fb1 100f | 852e 0000 | 004d 8904 | 1f41 8387 
  0x0000028a3a3a04e0: d806 0000 | 08eb 1e48 | 33c0 498b | 9fc8 0400 | 00f0 490f | b15a 3e74 | 0c48 3bd8 | 7509 49ff 
  0x0000028a3a3a0500: 8286 0000 | 0033 c00f | 850f 6a00 | 0045 0fb6 | 5d0c 4585 | db0f 8435 | 2600 0048 | 8d84 2410 
  0x0000028a3a3a0520: 0100 0041 | 8b87 d806 | 0000 4d8b | 104d 3b44 | 07f8 0f85 | 2e00 0000 | 4183 afd8 | 0600 0008 
  0x0000028a3a3a0540: 4d3b 4407 | f00f 845f | 0000 0049 | 8bc2 4883 | e0fc 4983 | ca01 f04d | 0fb1 100f | 85bf 9b00 
  0x0000028a3a3a0560: ;   {other}
  0x0000028a3a3a0560: 00e9 4400 | 0000 4983 | ba86 0000 | 0000 7533 | 49c7 423e | 0000 0000 | f083 4424 | c000 4983 
  0x0000028a3a3a0580: ba8e 0000 | 0000 7422 | 4983 ba9e | 0000 0000 | 7518 4983 | e2fd 4d89 | 97e8 0500 | 0041 83ca 
  0x0000028a3a3a05a0: 01eb 0a49 | ff8a 8600 | 0000 4533 | d20f 84a7 | edff ff49 | 8bc8 488d | 9424 1001 | 0000 4d8b 
  0x0000028a3a3a05c0: c7c5 f877 

  0x0000028a3a3a05c4: ;   {runtime_call}
  0x0000028a3a3a05c4: 49ba 70f4 | 49e5 fe7f | 0000 41ff 

  0x0000028a3a3a05d0: ;   {post_call_nop}
  0x0000028a3a3a05d0: d20f 1f84 | 0000 0000 | 00e9 7ced | ffff 4d8b | 97c0 0500 | 004d 85d2 | 7415 458b | 4a38 4183 
  0x0000028a3a3a05f0: f9ff 0f84 | d454 0000 | 41ff c145 | 894a 3843 | 8b6c c418 | 85ed 0f84 | 0454 0000 | 4f8d 14c4 
  0x0000028a3a3a0610: 4c89 5424 | 384d 8d14 | ec4c 8954 | 2468 4c8b | 5c24 6848 | 8d9c 2418 | 0100 004d | 8b13 418b 
  0x0000028a3a3a0630: 9fd8 0600 | 0041 f6c2 | 020f 8537 | 0000 0081 | fb27 0700 | 000f 8f4b | 0000 004d | 3b5c 1ff8 
  0x0000028a3a3a0650: 7416 498b | c248 83c8 | 0149 83e2 | fef0 4d0f | b113 0f85 | 2e00 0000 | 4d89 1c1f | 4183 87d8 
  0x0000028a3a3a0670: 0600 0008 | eb1e 4833 | c049 8b9f | c804 0000 | f049 0fb1 | 5a3e 740c | 483b d875 | 0949 ff82 
  0x0000028a3a3a0690: 8600 0000 | 33c0 0f85 | b855 0000 | 488b 5424 | 3866 6690 

  0x0000028a3a3a06a4: ;   {optimized virtual_call}
  0x0000028a3a3a06a4: c5f8 77e8 

  0x0000028a3a3a06a8: ; ImmutableOopMap {rbp=NarrowOop [40]=Oop [48]=Oop [64]=Oop [72]=Oop [80]=Oop [88]=Oop [104]=Oop [112]=NarrowOop [128]=Oop [136]=Oop [148]=NarrowOop [152]=Oop [160]=Oop }
                      ;*invokevirtual poll0 {reexecute=0 rethrow=0 return_oop=1}
                      ; - java.lang.ref.ReferenceQueue::poll@20 (line 165)
                      ; - java.util.WeakHashMap::expungeStaleEntries@4 (line 330)
                      ; - java.util.WeakHashMap::getTable@1 (line 362)
                      ; - java.util.WeakHashMap::remove@12 (line 604)
                      ; - java.util.Collections$SetFromMap::remove@5 (line 6044)
                      ; - java.util.zip.ZipFile$ZipFileInputStream::close@42 (line 998)
                      ; - java.util.zip.ZipFile$ZipFileInputStream::read@130 (line 943)
                      ; - java.util.zip.ZipFile$ZipFileInflaterInputStream::fill@32 (line 449)
                      ; - java.util.zip.InflaterInputStream::read@78 (line 208)
                      ; - jdk.internal.loader.Resource::getBytes@90 (line 106)
                      ; - jdk.internal.loader.URLClassPath$JarLoader$1::getBytes@1 (line 730)
                      ; - jdk.internal.loader.BuiltinClassLoader::defineClass@84 (line 773)
                      ; - jdk.internal.loader.BuiltinClassLoader::findClassOnClassPathOrNull@30 (line 691)
  0x0000028a3a3a06a8: 34e7 3dff 

  0x0000028a3a3a06ac: ;   {post_call_nop}
  0x0000028a3a3a06ac: 0f1f 8400 | a428 0016 | 488b d84c | 8b5c 2468 | 488d 8424 | 1801 0000 | 418b 87d8 | 0600 004d 
  0x0000028a3a3a06cc: 8b13 4d3b | 5c07 f80f | 852e 0000 | 0041 83af | d806 0000 | 084d 3b5c | 07f0 0f84 | 5f00 0000 
  0x0000028a3a3a06ec: 498b c248 | 83e0 fc49 | 83ca 01f0 | 4d0f b113 | 0f85 119a | 0000 e944 | 0000 0049 | 83ba 8600 
  0x0000028a3a3a070c: 0000 0075 | 3349 c742 | 3e00 0000 | 00f0 8344 | 24c0 0049 | 83ba 8e00 | 0000 0074 | 2249 83ba 
  0x0000028a3a3a072c: 9e00 0000 | 0075 1849 | 83e2 fd4d | 8997 e805 | 0000 4183 | ca01 eb0a | 49ff 8a86 | 0000 0045 
  0x0000028a3a3a074c: 33d2 0f85 | 2155 0000 | 4d8b 97c0 | 0500 004d | 85d2 7414 | 458b 5a38 | 4585 db0f | 841f 5400 
  0x0000028a3a3a076c: 0041 ffcb | 4589 5a38 | 4885 db0f | 8458 e7ff | ffba 45ff | ffff 488b | 6c24 404c | 8b54 2448 
  0x0000028a3a3a078c: 4c89 5424 | 204c 8b54 | 2458 4c89 | 5424 2844 | 8b54 2470 | 4489 5424 | 304c 8b94 

  0x0000028a3a3a07a8: ;   {other}
  0x0000028a3a3a07a8: 2480 0000 | 004c 8954 | 2440 4c8b | 9424 8800 | 0000 4c89 | 5424 4844 | 8b54 2460 | 4489 5424 
  0x0000028a3a3a07c8: 3444 8b5c | 2478 4489 | 5c24 5444 | 8b5c 247c | 4489 5c24 | 6844 8b94 | 2490 0000 | 0044 8954 
  0x0000028a3a3a07e8: 246c 448b | 9c24 9400 | 0000 458b | d344 8994 | 2484 0000 | 004c 8b94 | 24a0 0000 | 004c 8994 
  0x0000028a3a3a0808: 2488 0000 | 004c 8b94 | 2498 0000 | 004c 8994 | 2490 0000 | 0044 8b9c | 24a8 0000 | 0044 899c 
  0x0000028a3a3a0828: 2498 0000 | 0048 899c | 24b8 0000 | 0066 6690 

  0x0000028a3a3a0838: ;   {runtime_call UncommonTrapBlob}
  0x0000028a3a3a0838: c5f8 77e8 

  0x0000028a3a3a083c: ; ImmutableOopMap {rbp=Oop [32]=Oop [40]=Oop [48]=NarrowOop [64]=Oop [72]=Oop [132]=NarrowOop [136]=Oop [144]=Oop [184]=Oop }
                      ;*ifnull {reexecute=1 rethrow=0 return_oop=0}
                      ; - (reexecute) java.util.WeakHashMap::expungeStaleEntries@9 (line 330)
                      ; - java.util.WeakHashMap::getTable@1 (line 362)
                      ; - java.util.WeakHashMap::remove@12 (line 604)
                      ; - java.util.Collections$SetFromMap::remove@5 (line 6044)
                      ; - java.util.zip.ZipFile$ZipFileInputStream::close@42 (line 998)
                      ; - java.util.zip.ZipFile$ZipFileInputStream::read@130 (line 943)
                      ; - java.util.zip.ZipFile$ZipFileInflaterInputStream::fill@32 (line 449)
                      ; - java.util.zip.InflaterInputStream::read@78 (line 208)
                      ; - jdk.internal.loader.Resource::getBytes@90 (line 106)
                      ; - jdk.internal.loader.URLClassPath$JarLoader$1::getBytes@1 (line 730)
                      ; - jdk.internal.loader.BuiltinClassLoader::defineClass@84 (line 773)
                      ; - jdk.internal.loader.BuiltinClassLoader::findClassOnClassPathOrNull@30 (line 691)
  0x0000028a3a3a083c: a015 4bff 

  0x0000028a3a3a0840: ;   {post_call_nop}
  0x0000028a3a3a0840: 0f1f 8400 | 382a 0017 

  0x0000028a3a3a0848: ;   {metadata('jdk/internal/loader/URLClassPath$FileLoader$1')}
  0x0000028a3a3a0848: 4181 fb58 | 4402 010f | 8557 5500 | 004c 8bd0 | 458b 521c 

  0x0000028a3a3a085c: ; implicit exception: dispatches to 0x0000028a3a3a8618
  0x0000028a3a3a085c: 478b 54d4 | 0c44 8954 | 2470 e92f 

  0x0000028a3a3a0868: ;   {metadata('jdk/internal/loader/URLClassPath$FileLoader$1')}
  0x0000028a3a3a0868: dcff ff41 | 81fb 5844 | 0201 0f85 | 5455 0000 | 4533 dbe9 | 3af0 ffff 

  0x0000028a3a3a0880: ; implicit exception: dispatches to 0x0000028a3a3a8650
  0x0000028a3a3a0880: 430f b66c | d42d 85ed | 0f85 325b | 0000 410f | b669 2485 | ed0f 851d | 5d00 0045 | 8b59 0c45 
  0x0000028a3a3a08a0: 8bc3 458b | 5114 4489 | 5424 7447 | 8b5c d40c | 4489 5c24 | 7847 8b5c 

  0x0000028a3a3a08b8: ;   {metadata('java/util/zip/ZipFile$ZipFileInputStream')}
  0x0000028a3a3a08b8: c408 4181 | fbd0 f83f | 000f 85d1 | 5800 0045 | 8bd8 4f8d | 14dc 4c89 | 9424 8000 | 0000 458b 
  0x0000028a3a3a08d8: 5230 4489 | 5424 7c45 | 85d2 0f84 | 2455 0000 | 448b 5c24 | 744f 8d14 | dc4c 8994 | 2488 0000 
  0x0000028a3a3a08f8: 0044 8b54 | 247c 49c1 | e203 4c89 | 9424 9000 | 0000 4c8b | 9c24 9000 | 0000 488d | 9c24 1001 
  0x0000028a3a3a0918: 0000 4d8b | 1341 8b9f | d806 0000 | 41f6 c202 | 0f85 3700 | 0000 81fb | 2707 0000 | 0f8f 4b00 
  0x0000028a3a3a0938: 0000 4d3b | 5c1f f874 | 1649 8bc2 | 4883 c801 | 4983 e2fe | f04d 0fb1 | 130f 852e | 0000 004d 
  0x0000028a3a3a0958: 891c 1f41 | 8387 d806 | 0000 08eb | 1e48 33c0 | 498b 9fc8 | 0400 00f0 | 490f b15a | 3e74 0c48 
  0x0000028a3a3a0978: 3bd8 7509 | 49ff 8286 | 0000 0033 | c00f 8575 | 5800 004c | 8b94 2480 | 0000 0045 | 8b52 3043 
  0x0000028a3a3a0998: 0fb6 6cd4 | 1085 ed0f | 8553 5c00 | 004c 8b94 | 2480 0000 | 004d 8b52 | 1049 8bea | 4d85 d20f 
  0x0000028a3a3a09b8: ;   {other}
  0x0000028a3a3a09b8: 8f13 0300 | 0049 8b87 | c801 0000 | 4c8b d049 | 83c2 304d | 3b97 d801 | 0000 0f83 | b72c 0000 
  0x0000028a3a3a09d8: 4d89 97c8 | 0100 0041 | 0f0d 8ac0 | 0000 0048 | c700 0100 | 0000 410f | 0d8a 0001 

  0x0000028a3a3a09f4: ;   {metadata({type array byte})}
  0x0000028a3a3a09f4: 0000 c740 | 08f8 4218 | 0041 0f0d | 8a40 0100 | 0041 0f0d | 8a80 0100 | 00c7 400c | 1e00 0000 
  0x0000028a3a3a0a14: 4c89 6010 | 4c89 6018 | 4c89 6020 | 4c89 6028 | 4c8b d04c | 8994 2498 | 0000 004c | 8bd5 49f7 
  0x0000028a3a3a0a34: da4c 8994 | 24a0 0000 | 004c 8b94 | 2480 0000 | 004c 8b9c | 24a0 0000 | 004d 895a | 1045 8b52 
  0x0000028a3a3a0a54: 3047 8b5c | d420 478b | 5cdc 1844 | 899c 24a8 | 0000 0047 | 8b54 dc30 | 4489 9424 | ac00 0000 
  0x0000028a3a3a0a74: 4585 d20f | 8493 5500 | 0049 c1e2 | 034c 8994 | 24b0 0000 | 0044 8b94 | 24a8 0000 | 0049 c1e2 
  0x0000028a3a3a0a94: 034c 8994 | 24b8 0000 | 004c 8b9c | 24b0 0000 | 0048 8d9c | 2418 0100 | 004d 8b13 | 418b 9fd8 
  0x0000028a3a3a0ab4: 0600 0041 | f6c2 020f | 8537 0000 | 0081 fb27 | 0700 000f | 8f4b 0000 | 004d 3b5c | 1ff8 7416 
  0x0000028a3a3a0ad4: 498b c248 | 83c8 0149 | 83e2 fef0 | 4d0f b113 | 0f85 2e00 | 0000 4d89 | 1c1f 4183 | 87d8 0600 
  0x0000028a3a3a0af4: ;   {other}
  0x0000028a3a3a0af4: 0008 eb1e | 4833 c049 | 8b9f c804 | 0000 f049 | 0fb1 5a3e | 740c 483b | d875 0949 | ff82 8600 
  0x0000028a3a3a0b14: 0000 33c0 | 0f85 ea57 | 0000 448b | 9c24 a800 | 0000 478b | 54dc 3045 | 85d2 0f84 | 6055 0000 
  0x0000028a3a3a0b34: 4c8b 9c24 | a000 0000 | 4d85 db0f | 8cb7 5d00 | 004b 8d14 | d44d 8bc3 | 488b 6c24 | 4066 6690 
  0x0000028a3a3a0b54: ;   {optimized virtual_call}
  0x0000028a3a3a0b54: c5f8 77e8 

  0x0000028a3a3a0b58: ; ImmutableOopMap {rbp=Oop [40]=Oop [56]=Oop [64]=Oop [72]=Oop [80]=Oop [96]=Oop [104]=Oop [112]=NarrowOop [116]=NarrowOop [124]=NarrowOop [128]=Oop [136]=Oop [144]=Oop [152]=Oop [168]=NarrowOop [172]=NarrowOop [176]=Oop [184]=Oop }
                      ;*invokevirtual seek0 {reexecute=0 rethrow=0 return_oop=0}
                      ; - java.io.RandomAccessFile::seek@18 (line 675)
                      ; - java.util.zip.ZipFile$Source::readFullyAt@14 (line 1571)
                      ; - java.util.zip.ZipFile$ZipFileInputStream::initDataOffset@41 (line 910)
                      ; - java.util.zip.ZipFile$ZipFileInputStream::read@16 (line 926)
                      ; - java.util.zip.ZipFile$ZipFileInflaterInputStream::fill@32 (line 449)
                      ; - java.util.zip.InflaterInputStream::read@78 (line 208)
                      ; - jdk.internal.loader.Resource::getBytes@90 (line 106)
                      ; - jdk.internal.loader.BuiltinClassLoader::defineClass@84 (line 773)
                      ; - jdk.internal.loader.BuiltinClassLoader::findClassOnClassPathOrNull@30 (line 691)
  0x0000028a3a3a0b58: 84e2 3dff 

  0x0000028a3a3a0b5c: ;   {post_call_nop}
  0x0000028a3a3a0b5c: 0f1f 8400 | 542d 0018 | 448b 9424 | a800 0000 | 478b 5cd4 | 3044 899c | 24a0 0000 | 0045 85db 
  0x0000028a3a3a0b7c: 0f84 9655 

  0x0000028a3a3a0b80: ;   {oop(a 'java/lang/Class'{0x0000000708a49490} = 'java/io/RandomAccessFile')}
  0x0000028a3a3a0b80: 0000 49ba | 9094 a408 | 0700 0000 | 410f b6aa | 8c00 0000 | 85ed 0f85 | f85d 0000 | 4b8d 14dc 
  0x0000028a3a3a0ba0: 4c8b 8424 | 9800 0000 | 4533 c9bf | 1e00 0000 | 488b 6c24 | 4066 6690 

  0x0000028a3a3a0bb8: ;   {optimized virtual_call}
  0x0000028a3a3a0bb8: c5f8 77e8 

  0x0000028a3a3a0bbc: ; ImmutableOopMap {rbp=Oop [40]=Oop [56]=Oop [64]=Oop [72]=Oop [80]=Oop [96]=Oop [104]=Oop [112]=NarrowOop [116]=NarrowOop [124]=NarrowOop [128]=Oop [136]=Oop [144]=Oop [152]=Oop [160]=NarrowOop [168]=NarrowOop [172]=NarrowOop [176]=Oop [184]=Oop }
                      ;*invokevirtual readBytes0 {reexecute=0 rethrow=0 return_oop=0}
                      ; - java.io.RandomAccessFile::readBytes@24 (line 395)
                      ; - java.io.RandomAccessFile::read@4 (line 437)
                      ; - java.io.RandomAccessFile::readFully@13 (line 501)
                      ; - java.util.zip.ZipFile$Source::readFullyAt@43 (line 1575)
                      ; - java.util.zip.ZipFile$ZipFileInputStream::initDataOffset@41 (line 910)
                      ; - java.util.zip.ZipFile$ZipFileInputStream::read@16 (line 926)
                      ; - java.util.zip.ZipFile$ZipFileInflaterInputStream::fill@32 (line 449)
                      ; - java.util.zip.InflaterInputStream::read@78 (line 208)
                      ; - jdk.internal.loader.Resource::getBytes@90 (line 106)
                      ; - jdk.internal.loader.BuiltinClassLoader::defineClass@84 (line 773)
                      ; - jdk.internal.loader.BuiltinClassLoader::findClassOnClassPathOrNull@30 (line 691)
  0x0000028a3a3a0bbc: 20e2 3dff 

  0x0000028a3a3a0bc0: ;   {post_call_nop}
  0x0000028a3a3a0bc0: 0f1f 8400 | b82d 0019 | 85c0 0f8c | 545e 0000 | 83f8 1e0f | 8c23 5900 | 004c 8b9c | 24b0 0000 
  0x0000028a3a3a0be0: 0048 8d84 | 2418 0100 | 0041 8b87 | d806 0000 | 4d8b 134d | 3b5c 07f8 | 0f85 2e00 | 0000 4183 
  0x0000028a3a3a0c00: afd8 0600 | 0008 4d3b | 5c07 f00f | 845f 0000 | 0049 8bc2 | 4883 e0fc | 4983 ca01 | f04d 0fb1 
  0x0000028a3a3a0c20: 130f 85df | 9400 00e9 | 4400 0000 | 4983 ba86 | 0000 0000 | 7533 49c7 | 423e 0000 | 0000 f083 
  0x0000028a3a3a0c40: 4424 c000 | 4983 ba8e | 0000 0000 | 7422 4983 | ba9e 0000 | 0000 7518 | 4983 e2fd | 4d89 97e8 
  0x0000028a3a3a0c60: 0500 0041 | 83ca 01eb | 0a49 ff8a | 8600 0000 | 4533 d20f | 85b4 5600 | 004c 8b94 | 2498 0000 
  0x0000028a3a3a0c80: 0045 8b52 | 1049 81fa | 504b 0304 | 0f85 1a5e | 0000 4c8b | 9424 9800 | 0000 4d0f | b752 2c4c 
  0x0000028a3a3a0ca0: 8b9c 2480 | 0000 004d | 8b5b 104c | 8b84 2498 | 0000 004d | 0fb7 402a | 4d03 c24f 

  0x0000028a3a3a0cbc: ;   {other}
  0x0000028a3a3a0cbc: 8d54 181e | 4c8b 9c24 | 8000 0000 | 4d89 5310 | 4d89 5318 | 4c8b 9424 | 8000 0000 | 4d8b 5220 
  0x0000028a3a3a0cdc: 4d85 d20f | 8483 5900 | 004c 635c | 2478 4d3b | da0f 8fc9 | 2600 0044 | 8b54 2478 | 4585 d20f 
  0x0000028a3a3a0cfc: 8ed7 5900 | 0044 8954 | 2478 4c8b | 9424 8000 | 0000 458b | 5230 478b | 5cd4 2047 | 8b5c dc18 
  0x0000028a3a3a0d1c: 4489 9c24 | 9800 0000 | 4c8b 9424 | 8000 0000 | 4d8b 5210 | 4c89 9424 | a000 0000 

  0x0000028a3a3a0d38: ; implicit exception: dispatches to 0x0000028a3a3a8894
  0x0000028a3a3a0d38: 478b 54dc | 3044 8994 | 249c 0000 | 0045 85d2 | 0f84 1a51 | 0000 49c1 | e203 4c89 | 9424 a800 
  0x0000028a3a3a0d58: 0000 448b | 9424 9800 | 0000 4b8d | 2cd4 4c8b | 9c24 a800 | 0000 488d | 9c24 1801 | 0000 4d8b 
  0x0000028a3a3a0d78: 1341 8b9f | d806 0000 | 41f6 c202 | 0f85 3700 | 0000 81fb | 2707 0000 | 0f8f 4b00 | 0000 4d3b 
  0x0000028a3a3a0d98: 5c1f f874 | 1649 8bc2 | 4883 c801 | 4983 e2fe | f04d 0fb1 | 130f 852e | 0000 004d | 891c 1f41 
  0x0000028a3a3a0db8: 8387 d806 

  0x0000028a3a3a0dbc: ;   {other}
  0x0000028a3a3a0dbc: 0000 08eb | 1e48 33c0 | 498b 9fc8 | 0400 00f0 | 490f b15a | 3e74 0c48 | 3bd8 7509 | 49ff 8286 
  0x0000028a3a3a0ddc: 0000 0033 | c00f 853e | 5400 0044 | 8b9c 2498 | 0000 0047 | 8b54 dc30 | 4585 d20f | 84cf 5000 
  0x0000028a3a3a0dfc: 004c 8b9c | 24a0 0000 | 004d 85db | 0f8c 2659 | 0000 4b8d | 14d4 4d8b | c366 6690 

  0x0000028a3a3a0e18: ;   {optimized virtual_call}
  0x0000028a3a3a0e18: c5f8 77e8 

  0x0000028a3a3a0e1c: ; ImmutableOopMap {rbp=Oop [40]=Oop [56]=Oop [64]=Oop [72]=Oop [80]=Oop [96]=Oop [104]=Oop [112]=NarrowOop [116]=NarrowOop [124]=NarrowOop [128]=Oop [136]=Oop [144]=Oop [152]=NarrowOop [156]=NarrowOop [168]=Oop }
                      ;*invokevirtual seek0 {reexecute=0 rethrow=0 return_oop=0}
                      ; - java.io.RandomAccessFile::seek@18 (line 675)
                      ; - java.util.zip.ZipFile$Source::readAt@14 (line 1587)
                      ; - java.util.zip.ZipFile$ZipFileInputStream::read@76 (line 936)
                      ; - java.util.zip.ZipFile$ZipFileInflaterInputStream::fill@32 (line 449)
                      ; - java.util.zip.InflaterInputStream::read@78 (line 208)
                      ; - jdk.internal.loader.Resource::getBytes@90 (line 106)
                      ; - jdk.internal.loader.BuiltinClassLoader::defineClass@84 (line 773)
                      ; - jdk.internal.loader.BuiltinClassLoader::findClassOnClassPathOrNull@30 (line 691)
  0x0000028a3a3a0e1c: c0df 3dff 

  0x0000028a3a3a0e20: ;   {post_call_nop}
  0x0000028a3a3a0e20: 0f1f 8400 | 1830 001a | 448b 9424 | 9800 0000 | 478b 5cd4 | 3045 85db | 0f84 0651 

  0x0000028a3a3a0e3c: ;   {oop(a 'java/lang/Class'{0x0000000708a49490} = 'java/io/RandomAccessFile')}
  0x0000028a3a3a0e3c: 0000 49ba | 9094 a408 | 0700 0000 | 410f b6aa | 8c00 0000 | 85ed 0f85 | 5c59 0000 | 4b8d 14dc 
  0x0000028a3a3a0e5c: 4c8b 8424 | 8800 0000 | 4533 c98b | 7c24 7848 | 8b6c 2440 

  0x0000028a3a3a0e70: ;   {optimized virtual_call}
  0x0000028a3a3a0e70: c5f8 77e8 

  0x0000028a3a3a0e74: ; ImmutableOopMap {rbp=Oop [40]=Oop [56]=Oop [64]=Oop [72]=Oop [80]=Oop [96]=Oop [104]=Oop [112]=NarrowOop [124]=NarrowOop [128]=Oop [144]=Oop [156]=NarrowOop [168]=Oop }
                      ;*invokevirtual readBytes0 {reexecute=0 rethrow=0 return_oop=0}
                      ; - java.io.RandomAccessFile::readBytes@24 (line 395)
                      ; - java.io.RandomAccessFile::read@4 (line 437)
                      ; - java.util.zip.ZipFile$Source::readAt@24 (line 1588)
                      ; - java.util.zip.ZipFile$ZipFileInputStream::read@76 (line 936)
                      ; - java.util.zip.ZipFile$ZipFileInflaterInputStream::fill@32 (line 449)
                      ; - java.util.zip.InflaterInputStream::read@78 (line 208)
                      ; - jdk.internal.loader.Resource::getBytes@90 (line 106)
                      ; - jdk.internal.loader.BuiltinClassLoader::defineClass@84 (line 773)
                      ; - jdk.internal.loader.BuiltinClassLoader::findClassOnClassPathOrNull@30 (line 691)
  0x0000028a3a3a0e74: 68df 3dff 

  0x0000028a3a3a0e78: ;   {post_call_nop}
  0x0000028a3a3a0e78: 0f1f 8400 | 7030 001b | 8bd8 4c8b | 9c24 a800 | 0000 488d | 8424 1801 | 0000 418b | 87d8 0600 
  0x0000028a3a3a0e98: 004d 8b13 | 4d3b 5c07 | f80f 852e | 0000 0041 | 83af d806 | 0000 084d | 3b5c 07f0 | 0f84 5f00 
  0x0000028a3a3a0eb8: 0000 498b | c248 83e0 | fc49 83ca | 01f0 4d0f | b113 0f85 | 2992 0000 | e944 0000 | 0049 83ba 
  0x0000028a3a3a0ed8: 8600 0000 | 0075 3349 | c742 3e00 | 0000 00f0 | 8344 24c0 | 0049 83ba | 8e00 0000 | 0074 2249 
  0x0000028a3a3a0ef8: 83ba 9e00 | 0000 0075 | 1849 83e2 | fd4d 8997 | e805 0000 | 4183 ca01 | eb0a 49ff | 8a86 0000 
  0x0000028a3a3a0f18: 0045 33d2 | 0f85 2353 | 0000 448b | d345 85d2 | 0f8e d254 | 0000 4489 | 5424 744d | 63d2 4c8b 
  0x0000028a3a3a0f38: 9c24 8000 | 0000 498b | 5b20 4d8b | 5b10 492b | da4c 8b84 | 2480 0000 | 0049 8958 | 204d 03da 
  0x0000028a3a3a0f58: 4d8b d04d | 895a 104c | 8b9c 2490 | 0000 0048 | 8d84 2410 | 0100 0041 | 8b87 d806 

  0x0000028a3a3a0f74: ;   {other}
  0x0000028a3a3a0f74: 0000 4d8b | 134d 3b5c | 07f8 0f85 | 2e00 0000 | 4183 afd8 | 0600 0008 | 4d3b 5c07 | f00f 845f 
  0x0000028a3a3a0f94: 0000 0049 | 8bc2 4883 | e0fc 4983 | ca01 f04d | 0fb1 130f | 853f 9100 | 00e9 4400 | 0000 4983 
  0x0000028a3a3a0fb4: ba86 0000 | 0000 7533 | 49c7 423e | 0000 0000 | f083 4424 | c000 4983 | ba8e 0000 | 0000 7422 
  0x0000028a3a3a0fd4: 4983 ba9e | 0000 0000 | 7518 4983 | e2fd 4d89 | 97e8 0500 | 0041 83ca | 01eb 0a49 | ff8a 8600 
  0x0000028a3a3a0ff4: 0000 4533 | d20f 8574 | 5200 0048 | 85db 0f85 | 4e03 0000 | 4c8b 9424 | 8000 0000 | 450f b642 
  0x0000028a3a3a1014: 0c45 85c0 | 0f85 3803 | 0000 41c6 | 420c 01f0 | 8344 24c0 | 004d 8962 | 2045 8b5a | 3047 8b44 
  0x0000028a3a3a1034: dc20 478b | 44c4 0c45 | 85c0 0f84 | f45a 0000 | 498b ea4f | 8d14 c44c | 8994 2480 | 0000 0044 
  0x0000028a3a3a1054: 8944 2478 | 4c8b 9c24 | 8000 0000 | 488d 9c24 | 1001 0000 | 4d8b 1341 | 8b9f d806 | 0000 41f6 
  0x0000028a3a3a1074: ;   {other}
  0x0000028a3a3a1074: c202 0f85 | 3700 0000 | 81fb 2707 | 0000 0f8f | 4b00 0000 | 4d3b 5c1f | f874 1649 | 8bc2 4883 
  0x0000028a3a3a1094: c801 4983 | e2fe f04d | 0fb1 130f | 852e 0000 | 004d 891c | 1f41 8387 | d806 0000 | 08eb 1e48 
  0x0000028a3a3a10b4: 33c0 498b | 9fc8 0400 | 00f0 490f | b15a 3e74 | 0c48 3bd8 | 7509 49ff | 8286 0000 | 0033 c00f 
  0x0000028a3a3a10d4: 8527 5b00 | 004c 8bc5 | 458b 5830 

  0x0000028a3a3a10e0: ; implicit exception: dispatches to 0x0000028a3a3a8cac
  0x0000028a3a3a10e0: 478b 54dc | 2043 8b6c | d40c 4c89 | 8424 8800 | 0000 458b 

  0x0000028a3a3a10f4: ;   {metadata('java/util/Collections$SetFromMap')}
  0x0000028a3a3a10f4: 5cec 0841 | 81fb 607e | 2f00 0f85 | 1d5b 0000 | 4d8d 14ec | 418b 6a0c 

  0x0000028a3a3a110c: ; implicit exception: dispatches to 0x0000028a3a3a8dec
  0x0000028a3a3a110c: 458b 54ec 

  0x0000028a3a3a1110: ;   {metadata('java/util/WeakHashMap')}
  0x0000028a3a3a1110: 0841 81fa | 0025 2500 | 0f85 6a5b | 0000 4d8d | 14ec 4c89 | 9424 9000 | 0000 4d8b | d04d 8b12 
  0x0000028a3a3a1130: 4d8b da49 | 83e3 0349 | 83fb 020f | 84e8 2000 | 0049 c1ea | 0b41 8bc2 | 25ff ffff | 7f0f 84d6 
  0x0000028a3a3a1150: 2000 0044 | 8bd0 41c1 | ea0c 4c8b | 9c24 9000 | 0000 458b | 5b18 458b | cb44 8bd8 | 41c1 eb14 
  0x0000028a3a3a1170: 4533 da44 | 33d8 458b | c341 c1e8 | 0445 8bd3 | 41c1 ea07 | 418b ca41 | 33cb 448b | d145 33d0 
  0x0000028a3a3a1190: 4489 5424 | 7c45 8bd9 | 4585 db0f | 84f3 5900 | 0047 3b64 | dc0c 0f85 | 7e17 0000 | 4c8b 9424 
  0x0000028a3a3a11b0: 9000 0000 | 458b 5a14 | 458b cb47 | 8b44 dc0c | 458d 50ff | 458b da44 | 235c 247c | 418b cb45 
  0x0000028a3a3a11d0: 85c0 0f86 | 185b 0000 | 4b8d 3ccc | 468b 549f | 1045 85d2 | 0f84 a700 | 0000 49c1 | e203 4d8b 
  0x0000028a3a3a11f0: c249 8bda | 418b 6820 | 458b 5824 | 448b 5424 | 7c45 3bd3 | 0f85 d61a | 0000 458b | 580c 4d8b 
  0x0000028a3a3a1210: ;   {other}
  0x0000028a3a3a1210: d349 c1e2 | 034c 8b9c | 2488 0000 | 004d 3bd3 | 0f85 065c | 0000 4c8b | 9424 9000 | 0000 41ff 
  0x0000028a3a3a1230: 422c 41ff | 4a20 493b | d80f 8524 | 5d00 004c | 8d54 8f10 | 4180 7f48 | 000f 856a | 8800 0041 
  0x0000028a3a3a1250: 892a 448b | c549 c1e0 | 034d 8bda | 4d33 d849 | c1eb 150f | 8428 0000 | 0049 83f8 | 000f 841e 
  0x0000028a3a3a1270: 0000 004d | 8bda 49c1 | eb09 49b8 | 0020 d43e | 8a02 0000 | 4d03 d841 | 803b 020f | 8586 8800 
  0x0000028a3a3a1290: 004c 8b9c | 2480 0000 | 0048 8d84 | 2410 0100 | 0041 8b87 | d806 0000 | 4d8b 134d | 3b5c 07f8 
  0x0000028a3a3a12b0: 0f85 2e00 | 0000 4183 | afd8 0600 | 0008 4d3b | 5c07 f00f | 845f 0000 | 0049 8bc2 | 4883 e0fc 
  0x0000028a3a3a12d0: 4983 ca01 | f04d 0fb1 | 130f 8500 | 8e00 00e9 | 4400 0000 | 4983 ba86 | 0000 0000 | 7533 49c7 
  0x0000028a3a3a12f0: 423e 0000 | 0000 f083 | 4424 c000 | 4983 ba8e | 0000 0000 | 7422 4983 | ba9e 0000 

  0x0000028a3a3a130c: ;   {other}
  0x0000028a3a3a130c: 0000 7518 | 4983 e2fd | 4d89 97e8 | 0500 0041 | 83ca 01eb | 0a49 ff8a | 8600 0000 | 4533 d274 
  0x0000028a3a3a132c: 294d 8bd3 | 498b ca48 | 8d94 2410 | 0100 004d | 8bc7 c5f8 

  0x0000028a3a3a1340: ;   {runtime_call}
  0x0000028a3a3a1340: 7749 ba70 | f449 e5fe | 7f00 0041 

  0x0000028a3a3a134c: ;   {post_call_nop}
  0x0000028a3a3a134c: ffd2 0f1f | 8400 0000 | 0000 4c8b | 4c24 6844 | 8b44 2474 | 4589 411c | 4183 f8ff | 0f84 be54 
  0x0000028a3a3a136c: 0000 458b | 5110 4489 | 5424 7845 | 8b59 1444 | 895c 247c 

  0x0000028a3a3a1380: ; implicit exception: dispatches to 0x0000028a3a3a890c
  0x0000028a3a3a1380: 478b 5cd4 | 3044 8b44 | 247c 478b | 54c4 0c45 | 8bca 8b6c | 2474 410b | ea0f 8cbd | 5000 0044 
  0x0000028a3a3a13a0: 8b54 2474 | 453b d10f | 8fcf 5400 | 0045 85db | 0f84 024c | 0000 4f8d | 14dc 4c89 | 9424 8000 
  0x0000028a3a3a13c0: 0000 4c8b | 9c24 8000 | 0000 488d | 9c24 1001 | 0000 4d8b | 1341 8b9f | d806 0000 | 41f6 c202 
  0x0000028a3a3a13e0: 0f85 3700 | 0000 81fb | 2707 0000 | 0f8f 4b00 | 0000 4d3b | 5c1f f874 | 1649 8bc2 | 4883 c801 
  0x0000028a3a3a1400: 4983 e2fe | f04d 0fb1 | 130f 852e | 0000 004d | 891c 1f41 | 8387 d806 | 0000 08eb | 1e48 33c0 
  0x0000028a3a3a1420: 498b 9fc8 | 0400 00f0 | 490f b15a | 3e74 0c48 | 3bd8 7509 | 49ff 8286 | 0000 0033 | c00f 855b 
  0x0000028a3a3a1440: 4e00 0044 | 8b5c 2478 | 448b 5424 

  0x0000028a3a3a144c: ;   {other}
  0x0000028a3a3a144c: 7447 8954 | dc20 4789 | 64dc 0c8b | 4c24 7844 | 8b4c 247c | 4d8d 5ccc | 3841 807f | 4800 0f85 
  0x0000028a3a3a146c: fe86 0000 | 4589 0b45 | 8bc1 49c1 | e003 4d8b | d34d 33d0 | 49c1 ea15 | 0f84 1e00 | 0000 4d8b 
  0x0000028a3a3a148c: d349 c1ea | 0949 b800 | 20d4 3e8a | 0200 004d | 03d0 4180 | 3a02 0f85 | 3887 0000 | 4d33 c94d 
  0x0000028a3a3a14ac: 8d44 cc34 | 4180 7f48 | 000f 8586 | 8700 0045 | 8908 4c8b | 9c24 8000 | 0000 488d | 8424 1001 
  0x0000028a3a3a14cc: 0000 418b | 87d8 0600 | 004d 8b13 | 4d3b 5c07 | f80f 852e | 0000 0041 | 83af d806 | 0000 084d 
  0x0000028a3a3a14ec: 3b5c 07f0 | 0f84 5f00 | 0000 498b | c248 83e0 | fc49 83ca | 01f0 4d0f | b113 0f85 | c68b 0000 
  0x0000028a3a3a150c: e944 0000 | 0049 83ba | 8600 0000 | 0075 3349 | c742 3e00 | 0000 00f0 | 8344 24c0 | 0049 83ba 
  0x0000028a3a3a152c: 8e00 0000 | 0074 2249 | 83ba 9e00 | 0000 0075 | 1849 83e2 | fd4d 8997 | e805 0000 | 4183 ca01 
  0x0000028a3a3a154c: ;   {other}
  0x0000028a3a3a154c: eb0a 49ff | 8a86 0000 | 0045 33d2 | 0f85 7f4d | 0000 4c8b | 4c24 6845 | 8b51 1045 | 85d2 0f84 
  0x0000028a3a3a156c: 9a07 0000 | 4b8d 14d4 | 4c8b 4424 | 6044 8b4c | 2458 8b7c | 245c 488b | 6c24 4090 

  0x0000028a3a3a1588: ;   {optimized virtual_call}
  0x0000028a3a3a1588: c5f8 77e8 

  0x0000028a3a3a158c: ; ImmutableOopMap {rbp=Oop [40]=Oop [56]=Oop [64]=Oop [72]=Oop [80]=Oop [96]=Oop [104]=Oop [112]=NarrowOop }
                      ;*invokevirtual inflate {reexecute=0 rethrow=0 return_oop=0}
                      ; - java.util.zip.InflaterInputStream::read@88 (line 210)
                      ; - jdk.internal.loader.Resource::getBytes@90 (line 106)
                      ; - jdk.internal.loader.BuiltinClassLoader::defineClass@84 (line 773)
                      ; - jdk.internal.loader.BuiltinClassLoader::findClassOnClassPathOrNull@30 (line 691)
  0x0000028a3a3a158c: 50d8 3dff 

  0x0000028a3a3a1590: ;   {post_call_nop}
  0x0000028a3a3a1590: 0f1f 8400 | 8837 001c 

  0x0000028a3a3a1598: ; ImmutableOopMap {rbp=Oop [40]=Oop [56]=Oop [64]=Oop [72]=Oop [80]=Oop [96]=Oop [104]=Oop [112]=NarrowOop }
                      ;*ifeq {reexecute=1 rethrow=0 return_oop=0}
                      ; - (reexecute) java.util.zip.InflaterInputStream::read@94 (line 210)
                      ; - jdk.internal.loader.Resource::getBytes@90 (line 106)
                      ; - jdk.internal.loader.BuiltinClassLoader::defineClass@84 (line 773)
                      ; - jdk.internal.loader.BuiltinClassLoader::findClassOnClassPathOrNull@30 (line 691)
  0x0000028a3a3a1598: 4d8b 5f30 

  0x0000028a3a3a159c: ;   {poll}
  0x0000028a3a3a159c: 4185 038b | d885 c00f | 8465 0e00 | 004c 8b5c | 2438 448b | 4424 348b | 5424 2044 | 8b54 2458 
  0x0000028a3a3a15bc: 8b4c 2424 | 4c8b 4c24 | 6085 db0f | 8ccf 4300 | 0049 8b7f 

  0x0000028a3a3a15d0: ; ImmutableOopMap {r11=Oop r9=Oop [40]=Oop [64]=Oop [72]=Oop [80]=Oop [112]=NarrowOop }
                      ;*goto {reexecute=1 rethrow=0 return_oop=0}
                      ; - (reexecute) jdk.internal.loader.Resource::getBytes@140 (line 118)
                      ; - jdk.internal.loader.BuiltinClassLoader::defineClass@84 (line 773)
                      ; - jdk.internal.loader.BuiltinClassLoader::findClassOnClassPathOrNull@30 (line 691)
  0x0000028a3a3a15d0: 3044 03d3 

  0x0000028a3a3a15d4: ;   {poll}
  0x0000028a3a3a15d4: 8507 453b | d07c 4049 | 8bf9 458b 

  0x0000028a3a3a15e0: ;   {metadata('java/util/zip/ZipFile$ZipFileInflaterInputStream')}
  0x0000028a3a3a15e0: 4308 4181 | f8f0 fe3f | 000f 85c2 | 1100 0048 | 897c 2438 | 498b d348 | 8b6c 2440 

  0x0000028a3a3a15fc: ;   {optimized virtual_call}
  0x0000028a3a3a15fc: c5f8 77e8 

  0x0000028a3a3a1600: ; ImmutableOopMap {rbp=Oop [40]=Oop [56]=Oop [64]=Oop [72]=Oop [80]=Oop [112]=NarrowOop }
                      ;*invokevirtual close {reexecute=0 rethrow=0 return_oop=0}
                      ; - jdk.internal.loader.Resource::getBytes@144 (line 121)
                      ; - jdk.internal.loader.BuiltinClassLoader::defineClass@84 (line 773)
                      ; - jdk.internal.loader.BuiltinClassLoader::findClassOnClassPathOrNull@30 (line 691)
  0x0000028a3a3a1600: dcd7 3dff 

  0x0000028a3a3a1604: ;   {post_call_nop}
  0x0000028a3a3a1604: 0f1f 8400 | fc37 001f | 488b 7c24 | 3848 897c | 2450 e990 | ddff ff49 | 8bf9 e9df 

  0x0000028a3a3a1620: ;   {metadata('jdk/internal/loader/URLClassPath$FileLoader$1')}
  0x0000028a3a3a1620: 0000 0041 | 81fa 5844 | 0201 0f85 | bc47 0000 | 4c89 5c24 | 284d 8bd3 | 498b ea49 | 8bd2 6690 
  0x0000028a3a3a1640: ;   {optimized virtual_call}
  0x0000028a3a3a1640: c5f8 77e8 

  0x0000028a3a3a1644: ; ImmutableOopMap {rbp=Oop [40]=Oop [64]=Oop [72]=Oop [112]=NarrowOop }
                      ;*invokevirtual cachedInputStream {reexecute=0 rethrow=0 return_oop=1}
                      ; - jdk.internal.loader.Resource::getBytes@1 (line 88)
                      ; - jdk.internal.loader.BuiltinClassLoader::defineClass@84 (line 773)
                      ; - jdk.internal.loader.BuiltinClassLoader::findClassOnClassPathOrNull@30 (line 691)
  0x0000028a3a3a1644: c8d3 d0ff 

  0x0000028a3a3a1648: ;   {post_call_nop}
  0x0000028a3a3a1648: 0f1f 8400 | 4038 0020 | 4889 4424 | 384c 8bdd | 458b 5318 | 4585 d20f | 8427 4700 | 004c 895c 
  0x0000028a3a3a1668: 2450 4b8d | 14d4 488b | 6c24 4090 

  0x0000028a3a3a1674: ;   {optimized virtual_call}
  0x0000028a3a3a1674: c5f8 77e8 

  0x0000028a3a3a1678: ; ImmutableOopMap {rbp=Oop [40]=Oop [56]=Oop [64]=Oop [72]=Oop [80]=Oop [112]=NarrowOop }
                      ;*invokevirtual length {reexecute=0 rethrow=0 return_oop=0}
                      ; - jdk.internal.loader.URLClassPath$FileLoader$1::getContentLength@4 (line 961)
                      ; - jdk.internal.loader.Resource::getBytes@6 (line 90)
                      ; - jdk.internal.loader.BuiltinClassLoader::defineClass@84 (line 773)
                      ; - jdk.internal.loader.BuiltinClassLoader::findClassOnClassPathOrNull@30 (line 691)
  0x0000028a3a3a1678: ae8b 0000 

  0x0000028a3a3a167c: ;   {post_call_nop}
  0x0000028a3a3a167c: 0f1f 8400 | 7438 0021 | 498b bfc8 | 0100 004c | 8bd7 4983 | c210 448b | c04d 3b97 | d801 0000 
  0x0000028a3a3a169c: 0f83 c21f | 0000 4d89 | 97c8 0100 | 0041 0f0d | 8ac0 0000 | 0048 c707 | 0100 0000 | 410f 0d8a 
  0x0000028a3a3a16bc: 0001 0000 

  0x0000028a3a3a16c0: ;   {metadata({type array byte})}
  0x0000028a3a3a16c0: c747 08f8 | 4218 0041 | 0f0d 8a40 | 0100 0044 | 8967 0c41 | 0f0d 8a80 | 0100 0041 | 83f8 ff0f 
  0x0000028a3a3a16e0: 84af 4e00 | 0045 85c0 | 7f0a 4c8b | 5c24 38e9 | eafe ffff | 4c8b 5c24 | 3841 8b53 | 0845 33d2 
  0x0000028a3a3a1700: 33c9 443b | d10f 8c6b | 1a00 0041 | 8bd8 412b | da8d b100 | 0400 003b | de44 8bcb | 440f 4fce 
  0x0000028a3a3a1720: 4489 4c24 | 7445 85c9 | 0f8c aa42 | 0000 488b | f748 83c6 | 1041 8bda | 448b 4c24 | 7441 03d9 
  0x0000028a3a3a1740: 3bd9 0f84 | b818 0000 | 3bcb 8be9 | 0f4f eb3b | cd0f 823d | 3f00 003b | dd0f 8235 | 3f00 0089 
  0x0000028a3a3a1760: 5c24 3448 | 8974 2460 | 4489 5424 | 5c89 5424 | 3044 8944 | 2458 4889 | 7c24 204c | 895c 2438 
  0x0000028a3a3a1780: 448b d34d | 63d2 4983 | c217 4c89 | 5424 6849 | 83e2 f84c | 8954 2478 | 81fb 0000 | 1000 0f87 
  0x0000028a3a3a17a0: f21b 0000 | 4d8b 97c8 | 0100 004d | 8bc2 4c8b | 5c24 784d | 03d3 4d3b | 97d8 0100 

  0x0000028a3a3a17bc: ;   {other}
  0x0000028a3a3a17bc: 000f 83d3 | 1b00 004d | 8997 c801 | 0000 410f | 0d8a c000 | 0000 49c7 | 0001 0000 | 0041 0f0d 
  0x0000028a3a3a17dc: 8a00 0100 

  0x0000028a3a3a17e0: ;   {metadata({type array byte})}
  0x0000028a3a3a17e0: 0041 c740 | 08f8 4218 | 0041 8958 | 0c41 0f0d | 8a40 0100 | 0041 0f0d | 8a80 0100 | 004d 8bd0 
  0x0000028a3a3a1800: 498b da4c | 8b54 2468 | 49c1 ea03 | 4c8b db49 | 83c3 1085 | ed0f 840d | 3e00 003b | 6c24 340f 
  0x0000028a3a3a1820: 8ca0 1800 | 004c 8b54 | 2478 4983 | c2f0 49c1 | ea03 488b | 4c24 6049 | 8bd3 4d8b | c2c5 f877 
  0x0000028a3a3a1840: ;   {runtime_call Stub::jlong_disjoint_arraycopy}
  0x0000028a3a3a1840: 49ba 8025 | 7639 8a02 | 0000 41ff 

  0x0000028a3a3a184c: ;   {post_call_nop}
  0x0000028a3a3a184c: d20f 1f84 | 0000 0000 | 008b 4424 | 744c 8bcb | 4c8b 5c24 | 3844 8b44 | 2458 8b54 | 2430 448b 
  0x0000028a3a3a186c: 5424 5c41 

  0x0000028a3a3a1870: ;   {metadata('java/util/zip/ZipFile$ZipFileInflaterInputStream')}
  0x0000028a3a3a1870: 8b49 0c81 | faf0 fe3f | 000f 85f1 | 0d00 0049 | 8bdb 0fb6 | 6b20 85ed | 0f85 1244 | 0000 418b 
  0x0000028a3a3a1890: ea0b e90b | e80f 8ca5 | 4000 008b | e941 2bea | 3bc5 0f8f | 4444 0000 | 85c0 0f84 | d318 0000 
  0x0000028a3a3a18b0: 8b73 1041 | 8b6c f430 | 85ed 0f84 | 1c3e 0000 | 8974 2430 | 4889 5c24 | 6889 4424 | 5c4c 894c 
  0x0000028a3a3a18d0: 2460 894c | 2424 4489 | 5424 5889 | 5424 2044 | 8944 2434 | 4c89 5c24 | 384d 8d14 | ec4c 8954 
  0x0000028a3a3a18f0: 2478 4c8b | 5c24 7848 | 8d9c 2410 | 0100 004d | 8b13 418b | 9fd8 0600 | 0041 f6c2 | 020f 8537 
  0x0000028a3a3a1910: 0000 0081 | fb27 0700 | 000f 8f4b | 0000 004d | 3b5c 1ff8 | 7416 498b | c248 83c8 | 0149 83e2 
  0x0000028a3a3a1930: fef0 4d0f | b113 0f85 | 2e00 0000 | 4d89 1c1f | 4183 87d8 | 0600 0008 | eb1e 4833 | c049 8b9f 
  0x0000028a3a3a1950: c804 0000 | f049 0fb1 | 5a3e 740c | 483b d875 | 0949 ff82 | 8600 0000 | 33c0 0f85 | b83d 0000 
  0x0000028a3a3a1970: ;   {other}
  0x0000028a3a3a1970: 448b 5424 | 3043 0fb6 | 7cd4 2c4c | 8b5c 2478 | 488d 8424 | 1001 0000 | 418b 87d8 | 0600 004d 
  0x0000028a3a3a1990: 8b13 4d3b | 5c07 f80f | 852e 0000 | 0041 83af | d806 0000 | 084d 3b5c | 07f0 0f84 | 5f00 0000 
  0x0000028a3a3a19b0: 498b c248 | 83e0 fc49 | 83ca 01f0 | 4d0f b113 | 0f85 ff86 | 0000 e944 | 0000 0049 | 83ba 8600 
  0x0000028a3a3a19d0: 0000 0075 | 3349 c742 | 3e00 0000 | 00f0 8344 | 24c0 0049 | 83ba 8e00 | 0000 0074 | 2249 83ba 
  0x0000028a3a3a19f0: 9e00 0000 | 0075 1849 | 83e2 fd4d | 8997 e805 | 0000 4183 | ca01 eb0a | 49ff 8a86 | 0000 0045 
  0x0000028a3a3a1a10: 33d2 0f85 | 393d 0000 | 85ff 0f85 | 400b 0000 | 4c8b 4424 | 6841 8b48 | 1045 8b54 | cc30 4585 
  0x0000028a3a3a1a30: d20f 8448 | 3d00 0089 | 4c24 3049 | c1e2 034c | 8954 2478 | 4c8b 5c24 | 7848 8d9c | 2410 0100 
  0x0000028a3a3a1a50: 004d 8b13 | 418b 9fd8 | 0600 0041 | f6c2 020f | 8537 0000 | 0081 fb27 | 0700 000f | 8f4b 0000 
  0x0000028a3a3a1a70: ;   {other}
  0x0000028a3a3a1a70: 004d 3b5c | 1ff8 7416 | 498b c248 | 83c8 0149 | 83e2 fef0 | 4d0f b113 | 0f85 2e00 | 0000 4d89 
  0x0000028a3a3a1a90: 1c1f 4183 | 87d8 0600 | 0008 eb1e | 4833 c049 | 8b9f c804 | 0000 f049 | 0fb1 5a3e | 740c 483b 
  0x0000028a3a3a1ab0: d875 0949 | ff82 8600 | 0000 33c0 | 0f85 943d | 0000 448b | 5424 3043 | 0fb6 6cd4 | 2e4c 8b5c 
  0x0000028a3a3a1ad0: 2478 488d | 8424 1001 | 0000 418b | 87d8 0600 | 004d 8b13 | 4d3b 5c07 | f80f 852e | 0000 0041 
  0x0000028a3a3a1af0: 83af d806 | 0000 084d | 3b5c 07f0 | 0f84 5f00 | 0000 498b | c248 83e0 | fc49 83ca | 01f0 4d0f 
  0x0000028a3a3a1b10: b113 0f85 | a085 0000 | e944 0000 | 0049 83ba | 8600 0000 | 0075 3349 | c742 3e00 | 0000 00f0 
  0x0000028a3a3a1b30: 8344 24c0 | 0049 83ba | 8e00 0000 | 0074 2249 | 83ba 9e00 | 0000 0075 | 1849 83e2 | fd4d 8997 
  0x0000028a3a3a1b50: e805 0000 | 4183 ca01 | eb0a 49ff | 8a86 0000 | 0045 33d2 | 0f85 be3c | 0000 85ed | 0f85 da41 
  0x0000028a3a3a1b70: ;   {other}
  0x0000028a3a3a1b70: 0000 4c8b | 4424 6845 | 8b48 1047 | 8b54 cc30 | 4585 d20f | 844b 3c00 | 0044 894c | 2430 4f8d 
  0x0000028a3a3a1b90: 1cd4 4c89 | 5c24 7844 | 8954 2474 | 488d 9c24 | 1001 0000 | 4d8b 1341 | 8b9f d806 | 0000 41f6 
  0x0000028a3a3a1bb0: c202 0f85 | 3700 0000 | 81fb 2707 | 0000 0f8f | 4b00 0000 | 4d3b 5c1f | f874 1649 | 8bc2 4883 
  0x0000028a3a3a1bd0: c801 4983 | e2fe f04d | 0fb1 130f | 852e 0000 | 004d 891c | 1f41 8387 | d806 0000 | 08eb 1e48 
  0x0000028a3a3a1bf0: 33c0 498b | 9fc8 0400 | 00f0 490f | b15a 3e74 | 0c48 3bd8 | 7509 49ff | 8286 0000 | 0033 c00f 
  0x0000028a3a3a1c10: 8568 3c00 | 0044 8b54 | 2430 478b | 5cd4 3445 | 85db 741a | 478b 54dc | 1c47 8b44 | dc18 453b 
  0x0000028a3a3a1c30: c20f 8c21 | 4700 00bb | 0100 0000 | eb15 478b | 5cd4 0c47 | 8b54 d420 | 453b d30f | 8414 1500 
  0x0000028a3a3a1c50: 0033 db4c | 8b5c 2478 | 488d 8424 | 1001 0000 | 418b 87d8 | 0600 004d | 8b13 4d3b 

  0x0000028a3a3a1c6c: ;   {other}
  0x0000028a3a3a1c6c: 5c07 f80f | 852e 0000 | 0041 83af | d806 0000 | 084d 3b5c | 07f0 0f84 | 5f00 0000 | 498b c248 
  0x0000028a3a3a1c8c: 83e0 fc49 | 83ca 01f0 | 4d0f b113 | 0f85 0d84 | 0000 e944 | 0000 0049 | 83ba 8600 | 0000 0075 
  0x0000028a3a3a1cac: 3349 c742 | 3e00 0000 | 00f0 8344 | 24c0 0049 | 83ba 8e00 | 0000 0074 | 2249 83ba | 9e00 0000 
  0x0000028a3a3a1ccc: 0075 1849 | 83e2 fd4d | 8997 e805 | 0000 4183 | ca01 eb0a | 49ff 8a86 | 0000 0045 | 33d2 0f85 
  0x0000028a3a3a1cec: b53b 0000 | 4c8b 4c24 | 6845 8b51 | 1085 db0f | 857f ebff | ff45 85d2 | 0f85 66f8 | ffff baf6 
  0x0000028a3a3a1d0c: ffff ff48 | 8b6c 2440 | 4c8b 5424 | 484c 8954 | 2420 448b | 5424 7044 | 8954 2428 | 4c8b 5424 
  0x0000028a3a3a1d2c: 504c 8954 | 2438 4c8b | 5424 604c | 8954 2440 | 448b 5424 | 3444 8954 | 242c 448b | 5424 584c 
  0x0000028a3a3a1d4c: 894c 2450 | 4489 5424 | 3466 6690 

  0x0000028a3a3a1d58: ;   {runtime_call UncommonTrapBlob}
  0x0000028a3a3a1d58: c5f8 77e8 

  0x0000028a3a3a1d5c: ; ImmutableOopMap {rbp=Oop [32]=Oop [40]=NarrowOop [56]=Oop [64]=Oop [80]=Oop }
                      ;*invokevirtual inflate {reexecute=0 rethrow=0 return_oop=0}
                      ; - java.util.zip.InflaterInputStream::read@88 (line 210)
                      ; - jdk.internal.loader.Resource::getBytes@90 (line 106)
                      ; - jdk.internal.loader.BuiltinClassLoader::defineClass@84 (line 773)
                      ; - jdk.internal.loader.BuiltinClassLoader::findClassOnClassPathOrNull@30 (line 691)
  0x0000028a3a3a1d5c: 8000 4bff 

  0x0000028a3a3a1d60: ;   {post_call_nop}
  0x0000028a3a3a1d60: 0f1f 8400 | 583f 0022 

  0x0000028a3a3a1d68: ;   {metadata('jdk/internal/loader/URLClassPath$FileLoader$1')}
  0x0000028a3a3a1d68: 4181 fa58 | 4402 010f | 84a3 d6ff | ffba c6ff | ffff 488b | 6c24 404c | 895c 2438 

  0x0000028a3a3a1d84: ;   {runtime_call UncommonTrapBlob}
  0x0000028a3a3a1d84: c5f8 77e8 

  0x0000028a3a3a1d88: ; ImmutableOopMap {rbp=Oop [56]=Oop [72]=Oop [80]=Oop [112]=NarrowOop }
                      ;*invokevirtual getCodeSigners {reexecute=0 rethrow=0 return_oop=0}
                      ; - jdk.internal.loader.BuiltinClassLoader::defineClass@90 (line 774)
                      ; - jdk.internal.loader.BuiltinClassLoader::findClassOnClassPathOrNull@30 (line 691)
  0x0000028a3a3a1d88: 5400 4bff 

  0x0000028a3a3a1d8c: ;   {post_call_nop}
  0x0000028a3a3a1d8c: 0f1f 8400 | 843f 0023 | 4c89 5c24 | 5844 8944 | 2444 4889 | 7c24 5048 | 8974 2430 | 4c8b 5424 
  0x0000028a3a3a1dac: 384c 8954 | 2420 4c8b | 5424 484c | 8954 2428 | 498b d341 | b801 0000 | 0048 897c | 2448 498b 
  0x0000028a3a3a1dcc: eb66 6690 

  0x0000028a3a3a1dd0: ;   {optimized virtual_call}
  0x0000028a3a3a1dd0: c5f8 77e8 

  0x0000028a3a3a1dd4: ; ImmutableOopMap {rbp=Oop [32]=Oop [40]=Oop [48]=Oop [68]=NarrowOop [72]=Oop [80]=Oop [88]=Oop [112]=NarrowOop [128]=Oop }
                      ;*invokevirtual getManifestName {reexecute=0 rethrow=0 return_oop=1}
                      ; - java.util.zip.ZipFile$1::getManifestName@2 (line 1112)
                      ; - java.util.jar.JarFile::maybeInstantiateVerifier@20 (line 700)
                      ; - java.util.jar.JarFile::ensureInitialization@1 (line 1042)
                      ; - java.util.jar.JavaUtilJarAccessImpl::ensureInitialization@1 (line 42)
                      ; - jdk.internal.loader.URLClassPath$JarLoader$1::getManifest@10 (line 720)
                      ; - jdk.internal.loader.BuiltinClassLoader::defineClass@29 (line 762)
                      ; - jdk.internal.loader.BuiltinClassLoader::findClassOnClassPathOrNull@30 (line 691)
  0x0000028a3a3a1dd4: c8e7 5ff8 

  0x0000028a3a3a1dd8: ;   {post_call_nop}
  0x0000028a3a3a1dd8: 0f1f 8400 | d03f 0024 | 4885 c00f | 858b 4f00 | 0044 8b54 | 2444 4788 | 64d4 1243 | 8b6c d430 
  0x0000028a3a3a1df8: 85ed 0f85 | a84f 0000 | 4c8b 5424 | 284c 8954 | 2448 4c8b | 5424 204c | 8954 2438 | 488b 7424 
  0x0000028a3a3a1e18: 3048 8b7c | 2450 4c8b | 5c24 58e9 | 82d9 ffff | 4c89 4c24 | 384b 8d2c | c444 8944 | 242c 488b 
  0x0000028a3a3a1e38: d541 b801 | 0000 0090 

  0x0000028a3a3a1e40: ;   {optimized virtual_call}
  0x0000028a3a3a1e40: c5f8 77e8 

  0x0000028a3a3a1e44: ; ImmutableOopMap {rbp=Oop [44]=NarrowOop [56]=Oop [64]=Oop [72]=Oop [80]=Oop [112]=NarrowOop }
                      ;*invokevirtual getManifestName {reexecute=0 rethrow=0 return_oop=1}
                      ; - java.util.zip.ZipFile$1::getManifestName@2 (line 1112)
                      ; - java.util.jar.JarFile::maybeInstantiateVerifier@20 (line 700)
                      ; - java.util.jar.JarFile$JarFileEntry::getCodeSigners@4 (line 648)
                      ; - jdk.internal.loader.URLClassPath$JarLoader$1::getCodeSigners@4 (line 726)
                      ; - jdk.internal.loader.BuiltinClassLoader::defineClass@90 (line 774)
                      ; - jdk.internal.loader.BuiltinClassLoader::findClassOnClassPathOrNull@30 (line 691)
  0x0000028a3a3a1e44: 98cf 3dff 

  0x0000028a3a3a1e48: ;   {post_call_nop}
  0x0000028a3a3a1e48: 0f1f 8400 | 4040 0025 | 4885 c00f | 856b 4f00 | 0044 8b5c | 242c 4788 | 64dc 124c | 8b4c 2438 
  0x0000028a3a3a1e68: e98e d5ff | ff4d 8b57 

  0x0000028a3a3a1e70: ; ImmutableOopMap {r8=NarrowOop rcx=Oop rdi=Oop rbp=NarrowOop [40]=Oop [48]=Oop [64]=Oop [72]=Oop [80]=Oop [88]=Oop [112]=NarrowOop [128]=Oop [136]=Oop [148]=NarrowOop [152]=Oop [160]=Oop }
                      ;*goto {reexecute=1 rethrow=0 return_oop=0}
                      ; - (reexecute) java.util.WeakHashMap::remove@126 (line 622)
                      ; - java.util.Collections$SetFromMap::remove@5 (line 6044)
                      ; - java.util.zip.ZipFile$ZipFileInputStream::close@42 (line 998)
                      ; - java.util.zip.ZipFile$ZipFileInputStream::read@130 (line 943)
                      ; - java.util.zip.ZipFile$ZipFileInflaterInputStream::fill@32 (line 449)
                      ; - java.util.zip.InflaterInputStream::read@78 (line 208)
                      ; - jdk.internal.loader.Resource::getBytes@90 (line 106)
                      ; - jdk.internal.loader.URLClassPath$JarLoader$1::getBytes@1 (line 730)
                      ; - jdk.internal.loader.BuiltinClassLoader::defineClass@84 (line 773)
                      ; - jdk.internal.loader.BuiltinClassLoader::findClassOnClassPathOrNull@30 (line 691)
                      ;   {poll}
  0x0000028a3a3a1e70: 3041 8502 | 85ed 0f84 | 34d1 ffff | 4d8d 14ec | 488b d949 | 8bca e989 | d0ff ff48 | 8b54 2428 
  0x0000028a3a3a1e90: 4c8b 8424 | 8000 0000 | 4533 c933 | ff33 f633 | c945 33d2 | 4c89 1424 | 4c89 5424 | 084c 8954 
  0x0000028a3a3a1eb0: 2410 6690 

  0x0000028a3a3a1eb4: ;   {optimized virtual_call}
  0x0000028a3a3a1eb4: c5f8 77e8 

  0x0000028a3a3a1eb8: ; ImmutableOopMap {[48]=Oop [64]=Oop [72]=Oop [112]=NarrowOop [128]=Oop }
                      ;*invokevirtual definePackage {reexecute=0 rethrow=0 return_oop=1}
                      ; - jdk.internal.loader.BuiltinClassLoader::defineOrCheckPackage@39 (line 797)
                      ; - jdk.internal.loader.ClassLoaders$AppClassLoader::defineOrCheckPackage@4 (line 185)
                      ; - jdk.internal.loader.BuiltinClassLoader::defineClass@40 (line 763)
                      ; - jdk.internal.loader.BuiltinClassLoader::findClassOnClassPathOrNull@30 (line 691)
  0x0000028a3a3a1eb8: 24cf 3dff 

  0x0000028a3a3a1ebc: ;   {post_call_nop}
  0x0000028a3a3a1ebc: 0f1f 8400 | b440 0027 | e9a3 daff | ff48 8be9 | 4889 7c24 | 5048 8944 | 24f8 8b44 | 2470 8944 
  0x0000028a3a3a1edc: 2440 488b | 4424 f848 | 8974 2430 | 4c8b 5424 | 384c 8954 | 2420 4c8b | 5424 484c | 8954 2428 
  0x0000028a3a3a1efc: 488b d190 

  0x0000028a3a3a1f00: ;   {optimized virtual_call}
  0x0000028a3a3a1f00: c5f8 77e8 

  0x0000028a3a3a1f04: ; ImmutableOopMap {rbp=Oop [32]=Oop [40]=Oop [48]=Oop [64]=NarrowOop [80]=Oop [112]=NarrowOop [128]=Oop }
                      ;*invokevirtual getManEntry {reexecute=0 rethrow=0 return_oop=1}
                      ; - java.util.jar.JarFile::getManifestFromReference@27 (line 401)
                      ; - java.util.jar.JarFile::getManifest@1 (line 393)
                      ; - jdk.internal.loader.URLClassPath$JarLoader$1::getManifest@22 (line 721)
                      ; - jdk.internal.loader.BuiltinClassLoader::defineClass@29 (line 762)
                      ; - jdk.internal.loader.BuiltinClassLoader::findClassOnClassPathOrNull@30 (line 691)
  0x0000028a3a3a1f04: 984c 42f8 

  0x0000028a3a3a1f08: ;   {post_call_nop}
  0x0000028a3a3a1f08: 0f1f 8400 | 0041 0028 | 4885 c00f | 8408 0f00 | 004c 8bdd | 410f b66b | 1285 ed0f | 8593 4f00 
  0x0000028a3a3a1f28: 0049 8beb | 498b d34c | 8bc0 6690 

  0x0000028a3a3a1f34: ;   {optimized virtual_call}
  0x0000028a3a3a1f34: c5f8 77e8 

  0x0000028a3a3a1f38: ; ImmutableOopMap {rbp=Oop [32]=Oop [40]=Oop [48]=Oop [64]=NarrowOop [80]=Oop [112]=NarrowOop [128]=Oop }
                      ;*invokespecial getInputStream {reexecute=0 rethrow=0 return_oop=1}
                      ; - java.util.jar.JarFile::getManifestFromReference@130 (line 419)
                      ; - java.util.jar.JarFile::getManifest@1 (line 393)
                      ; - jdk.internal.loader.URLClassPath$JarLoader$1::getManifest@22 (line 721)
                      ; - jdk.internal.loader.BuiltinClassLoader::defineClass@29 (line 762)
                      ; - jdk.internal.loader.BuiltinClassLoader::findClassOnClassPathOrNull@30 (line 691)
  0x0000028a3a3a1f38: e45d 2df8 

  0x0000028a3a3a1f3c: ;   {post_call_nop}
  0x0000028a3a3a1f3c: 0f1f 8400 | 3441 0029 | 4889 4424 | 4849 8b87 | c801 0000 | 4c8b d049 | 83c2 184d | 3b97 d801 
  0x0000028a3a3a1f5c: 0000 0f83 | 0c23 0000 | 4d89 97c8 | 0100 0041 | 0f0d 8ac0 | 0000 0048 | c700 0100 

  0x0000028a3a3a1f78: ;   {metadata('java/util/jar/Manifest')}
  0x0000028a3a3a1f78: 0000 c740 | 0850 bc1c | 0044 8960 | 0c4c 8960 | 104c 8bd8 | 4c8b c541 | 8b48 1449 | 8baf c801 
  0x0000028a3a3a1f98: 0000 4c8b | d549 83c2 | 104d 3b97 | d801 0000 | 0f83 e322 | 0000 4d89 | 97c8 0100 | 0041 0f0d 
  0x0000028a3a3a1fb8: 8ac0 0000 | 0048 c745 | 0001 0000 

  0x0000028a3a3a1fc4: ;   {metadata('java/util/jar/Attributes')}
  0x0000028a3a3a1fc4: 00c7 4508 | f855 2a00 | 4489 650c | 4c89 4424 | 384c 895c | 2458 894c | 2444 ba10 | 0000 0090 
  0x0000028a3a3a1fe4: ;   {static_call}
  0x0000028a3a3a1fe4: c5f8 77e8 

  0x0000028a3a3a1fe8: ; ImmutableOopMap {rbp=Oop [32]=Oop [40]=Oop [48]=Oop [56]=Oop [64]=NarrowOop [68]=NarrowOop [72]=Oop [80]=Oop [88]=Oop [128]=Oop }
                      ;*invokestatic newLinkedHashMap {reexecute=0 rethrow=0 return_oop=1}
                      ; - java.util.jar.Attributes::<init>@6 (line 83)
                      ; - java.util.jar.Attributes::<init>@3 (line 73)
                      ; - java.util.jar.Manifest::<init>@9 (line 58)
                      ; - java.util.jar.Manifest::<init>@4 (line 93)
                      ; - java.util.jar.JarFile::getManifestFromReference@143 (line 420)
                      ; - java.util.jar.JarFile::getManifest@1 (line 393)
                      ; - jdk.internal.loader.URLClassPath$JarLoader$1::getManifest@22 (line 721)
                      ; - jdk.internal.loader.BuiltinClassLoader::defineClass@29 (line 762)
                      ; - jdk.internal.loader.BuiltinClassLoader::findClassOnClassPathOrNull@30 (line 691)
  0x0000028a3a3a1fe8: a782 0000 

  0x0000028a3a3a1fec: ;   {post_call_nop}
  0x0000028a3a3a1fec: 0f1f 8400 | e441 002a | 4c8b d049 | 8b87 c801 | 0000 4c8b | d849 83c3 | 3048 8d4d | 0c41 807f 
  0x0000028a3a3a200c: 4800 0f85 | 957c 0000 | 4d8b c249 | c1e8 0344 | 8901 4c8b | c94d 33ca | 49c1 e915 | 0f84 2800 
  0x0000028a3a3a202c: 0000 4983 | fa00 0f84 | 1e00 0000 | 4c8b c949 | c1e9 0949 | b800 20d4 | 3e8a 0200 | 004d 03c8 
  0x0000028a3a3a204c: 4180 3902 | 0f85 cf7c | 0000 488b | 4c24 584c | 8d49 0c41 | 807f 4800 | 0f85 267d | 0000 4c8b 
  0x0000028a3a3a206c: c549 c1e8 | 0345 8901 | 4d8b d14c | 33d5 49c1 | ea15 0f84 | 1e00 0000 | 4d8b d149 | c1ea 0949 
  0x0000028a3a3a208c: b800 20d4 | 3e8a 0200 | 004d 03d0 | 4180 3a02 | 0f85 607d | 0000 4d3b | 9fd8 0100 | 000f 8319 
  0x0000028a3a3a20ac: 2200 004d | 899f c801 | 0000 410f | 0d8b c000 | 0000 48c7 | 0001 0000 

  0x0000028a3a3a20c4: ;   {metadata('java/util/HashMap')}
  0x0000028a3a3a20c4: 00c7 4008 | 0804 2000 | 4489 600c | 4c89 6010 | 4c89 6018 | 4c89 6020 | 48c7 4028 | 0000 403f 
  0x0000028a3a3a20e4: 448b 5424 | 444d 8bca | 49c1 e103 | 488b 4c24 | 584c 8d59 | 1041 807f | 4800 0f85 | 697d 0000 
  0x0000028a3a3a2104: 4c8b c049 | c1e8 0345 | 8903 4d8b | d34c 33d0 | 49c1 ea15 | 0f84 1e00 | 0000 4d8b | d349 c1ea 
  0x0000028a3a3a2124: 0949 b800 | 20d4 3e8a | 0200 004d | 03d0 4180 | 3a02 0f85 | a37d 0000 | 488b 5424 | 584c 8b44 
  0x0000028a3a3a2144: 2448 488b | 6c24 2090 

  0x0000028a3a3a214c: ;   {optimized virtual_call}
  0x0000028a3a3a214c: c5f8 77e8 

  0x0000028a3a3a2150: ; ImmutableOopMap {rbp=Oop [32]=Oop [40]=Oop [48]=Oop [56]=Oop [64]=NarrowOop [72]=Oop [80]=Oop [88]=Oop [128]=Oop }
                      ;*invokevirtual read {reexecute=0 rethrow=0 return_oop=0}
                      ; - java.util.jar.Manifest::<init>@29 (line 106)
                      ; - java.util.jar.Manifest::<init>@4 (line 93)
                      ; - java.util.jar.JarFile::getManifestFromReference@143 (line 420)
                      ; - java.util.jar.JarFile::getManifest@1 (line 393)
                      ; - jdk.internal.loader.URLClassPath$JarLoader$1::getManifest@22 (line 721)
                      ; - jdk.internal.loader.BuiltinClassLoader::defineClass@29 (line 762)
                      ; - jdk.internal.loader.BuiltinClassLoader::findClassOnClassPathOrNull@30 (line 691)
  0x0000028a3a3a2150: 3081 0000 

  0x0000028a3a3a2154: ;   {post_call_nop}
  0x0000028a3a3a2154: 0f1f 8400 | 4c43 002b | 4c8b 5c24 | 5848 33db | 4d8d 5314 | 4180 7f48 | 000f 85cd | 7d00 0041 
  0x0000028a3a3a2174: 891a 4c8b | 5424 4845 

  0x0000028a3a3a217c: ;   {metadata('java/util/zip/ZipFile$ZipFileInflaterInputStream')}
  0x0000028a3a3a217c: 8b4a 0841 | 81f9 f0fe | 3f00 0f85 | 3843 0000 | 488b 6c24 | 5849 8bd2 

  0x0000028a3a3a2194: ;   {optimized virtual_call}
  0x0000028a3a3a2194: c5f8 77e8 

  0x0000028a3a3a2198: ; ImmutableOopMap {rbp=Oop [32]=Oop [40]=Oop [48]=Oop [56]=Oop [64]=NarrowOop [80]=Oop [128]=Oop }
                      ;*invokevirtual close {reexecute=0 rethrow=0 return_oop=0}
                      ; - java.util.jar.JarFile::getManifestFromReference@152 (line 421)
                      ; - java.util.jar.JarFile::getManifest@1 (line 393)
                      ; - jdk.internal.loader.URLClassPath$JarLoader$1::getManifest@22 (line 721)
                      ; - jdk.internal.loader.BuiltinClassLoader::defineClass@29 (line 762)
                      ; - jdk.internal.loader.BuiltinClassLoader::findClassOnClassPathOrNull@30 (line 691)
  0x0000028a3a3a2198: f4db dbff 

  0x0000028a3a3a219c: ;   {post_call_nop}
  0x0000028a3a3a219c: 0f1f 8400 | 9443 002c | 498b 87c8 | 0100 004c | 8bd0 4983 | c228 4d3b | 97d8 0100 | 000f 832e 
  0x0000028a3a3a21bc: 2100 004d | 8997 c801 | 0000 410f | 0d8a c000 | 0000 48c7 | 0001 0000 

  0x0000028a3a3a21d4: ;   {metadata('java/lang/ref/SoftReference')}
  0x0000028a3a3a21d4: 00c7 4008 | 506a 1b00 | 4c89 6010 | 4c89 6018 | 4c89 6020 | 488b dd4c | 8bdb 49c1 | eb03 4489 
  0x0000028a3a3a21f4: ;   {oop(a 'java/lang/ref/ReferenceQueue$Null'{0x00000007ffc061c0})}
  0x0000028a3a3a21f4: 580c bf38 | 0cf8 ff4c | 8d58 1041 | 893b f083 | 4424 c000 

  0x0000028a3a3a2208: ;   {oop(a 'java/lang/Class'{0x00000007060cf9f0} = 'java/lang/ref/SoftReference')}
  0x0000028a3a3a2208: 49bb f0f9 | 0c06 0700 | 0000 4d8b | 5b78 4c89 | 5820 4c8b | 4c24 384d | 8d41 2841 | 807f 4800 
  0x0000028a3a3a2228: 0f85 707d | 0000 4c8b | d049 c1ea | 0345 8910 | 4d8b d84c | 33d8 49c1 | eb15 0f84 | 1e00 0000 
  0x0000028a3a3a2248: 4d8b d849 | c1eb 0949 | ba00 20d4 | 3e8a 0200 | 004d 03da | 4180 3b02 | 0f85 a07d | 0000 4c8b 
  0x0000028a3a3a2268: db4c 8b54 | 2428 4c89 | 5424 484c | 8b54 2420 | 4c89 5424 | 3848 8b74 | 2430 4889 | 4424 f88b 
  0x0000028a3a3a2288: 4424 4089 | 4424 7048 | 8b44 24f8 | e921 d6ff | ff49 8beb | 4c63 d94c | 895c 2420 | 81f9 0000 
  0x0000028a3a3a22a8: 1000 0f87 | 5831 0000 | 4d8b 9fc8 | 0100 004c | 8b4c 2420 | 4983 c117 | 4983 e1f8 | 4d8b c34d 
  0x0000028a3a3a22c8: 03c1 4d3b | 87d8 0100 | 000f 8331 | 3100 004d | 8987 c801 | 0000 410f | 0d88 c000 | 0000 49c7 
  0x0000028a3a3a22e8: 0301 0000 | 0041 0f0d | 8800 0100 

  0x0000028a3a3a22f4: ;   {metadata({type array byte})}
  0x0000028a3a3a22f4: 0041 c743 | 08f8 4218 | 0041 894b | 0c41 0f0d | 8840 0100 | 0041 0f0d | 8880 0100 | 004d 8bd3 
  0x0000028a3a3a2314: 498b da4c | 8b54 2420 | 4983 c207 | 49c1 ea03 | 488b d348 | 83c2 1048 | 8bcd 4d8b | c2c5 f877 
  0x0000028a3a3a2334: ;   {runtime_call Stub::jlong_disjoint_arraycopy}
  0x0000028a3a3a2334: 49ba 8025 | 7639 8a02 | 0000 41ff 

  0x0000028a3a3a2340: ;   {post_call_nop}
  0x0000028a3a3a2340: d20f 1f84 | 0000 0000 | 00e9 50d8 

  0x0000028a3a3a234c: ;   {oop(""{0x00000007ff939c30})}
  0x0000028a3a3a234c: ffff 48bb | 309c 93ff | 0700 0000 | e963 d3ff | ff4f 8944 | dc20 e942 | d5ff ff4c | 63c5 4d8d 
  0x0000028a3a3a236c: 5810 4d8b | cb49 83e1 | f848 8bfb | 4903 f949 | c1eb 034d | 2bd3 498b | ca48 33c0 | 4883 f908 
  0x0000028a3a3a238c: 7f10 48ff | c978 4f48 | 8904 cf48 | ffc9 7df7 | eb44 c5fd | efc0 e90d | 0000 00c5 | fe7f 07c5 
  0x0000028a3a3a23ac: fe7f 4720 | 4883 c740 | 4883 e908 | 7ded 4883 | c104 7c0c | c5fe 7f07 | 4883 c720 | 4883 e904 
  0x0000028a3a3a23cc: 4883 c104 | 7e10 48ff | c9c5 f9d6 | 0748 83c7 | 0848 ffc9 | 7df3 488b | 4c24 38c5 

  0x0000028a3a3a23e8: ;   {runtime_call Stub::jbyte_disjoint_arraycopy}
  0x0000028a3a3a23e8: f877 49ba | e01e 7639 | 8a02 0000 

  0x0000028a3a3a23f4: ;   {post_call_nop}
  0x0000028a3a3a23f4: 41ff d20f | 1f84 0000 | 0000 00e9 | 9ad7 ffff | bb01 0000 | 00e9 c4db | ffff 4c8b | 4424 6841 
  0x0000028a3a3a2414: 8b48 1045 | 8b5c cc30 | 4585 db0f | 8446 5000 | 0089 4c24 | 304f 8d14 | dc4c 8954 | 2478 4c8b 
  0x0000028a3a3a2434: 5c24 7848 | 8d9c 2410 | 0100 004d | 8b13 418b | 9fd8 0600 | 0041 f6c2 | 020f 8537 | 0000 0081 
  0x0000028a3a3a2454: fb27 0700 | 000f 8f4b | 0000 004d | 3b5c 1ff8 | 7416 498b | c248 83c8 | 0149 83e2 | fef0 4d0f 
  0x0000028a3a3a2474: b113 0f85 | 2e00 0000 | 4d89 1c1f | 4183 87d8 | 0600 0008 | eb1e 4833 | c049 8b9f | c804 0000 
  0x0000028a3a3a2494: f049 0fb1 | 5a3e 740c | 483b d875 | 0949 ff82 | 8600 0000 | 33c0 0f85 | 0850 0000 | 448b 5c24 
  0x0000028a3a3a24b4: 3043 0fb6 | 7cdc 2c4c | 8b5c 2478 | 488d 8424 | 1001 0000 | 418b 87d8 | 0600 004d | 8b13 4d3b 
  0x0000028a3a3a24d4: 5c07 f80f | 852e 0000 | 0041 83af | d806 0000 | 084d 3b5c | 07f0 0f84 | 5f00 0000 | 498b c248 
  0x0000028a3a3a24f4: ;   {other}
  0x0000028a3a3a24f4: 83e0 fc49 | 83ca 01f0 | 4d0f b113 | 0f85 987b | 0000 e944 | 0000 0049 | 83ba 8600 | 0000 0075 
  0x0000028a3a3a2514: 3349 c742 | 3e00 0000 | 00f0 8344 | 24c0 0049 | 83ba 8e00 | 0000 0074 | 2249 83ba | 9e00 0000 
  0x0000028a3a3a2534: 0075 1849 | 83e2 fd4d | 8997 e805 | 0000 4183 | ca01 eb0a | 49ff 8a86 | 0000 0045 | 33d2 0f85 
  0x0000028a3a3a2554: 854f 0000 | 85ff 0f84 | c0f4 ffff | 4c8b 5424 | 6841 c642 | 2101 bbff | ffff ff4c | 8b5c 2438 
  0x0000028a3a3a2574: 448b 4424 | 348b 5424 | 2044 8b54 | 2458 8b4c | 2424 4c8b | 4c24 60e9 | 35f0 ffff | 478d 141b 
  0x0000028a3a3a2594: 4585 d20f | 8c3f 4a00 | 0045 8d4a | 0c41 3bd9 | 0f82 324a | 0000 4b8d 

  0x0000028a3a3a25ac: ;   {oop([B{0x0000000706092870})}
  0x0000028a3a3a25ac: 7c16 1048 | be70 2809 | 0607 0000 | 0048 83c6 | 10ba 0600 | 0000 8bca | 83e1 0f83 | e2f0 741c 
  0x0000028a3a3a25cc: 488d 3416 | 488d 3c57 | 48f7 dac4 | e27d 3004 | 16c5 fe7f | 0457 4883 | c210 75ef | 8bd1 83e1 
  0x0000028a3a3a25ec: 0783 e2f8 | 7427 c4e2 | 7930 06c5 | fa7f 0748 | 83c6 0848 | 83c7 10e9 | 1100 0000 | c4e2 7930 
  0x0000028a3a3a260c: 0416 c5fa | 7f04 5748 | 83c2 0875 | ef8b d183 | fa04 7c19 | c5f9 6e06 | c4e2 7930 | c0c5 f9d6 
  0x0000028a3a3a262c: 0748 83ea | 0448 83c6 | 0448 83c7 | 0885 d274 | 1848 8d34 | 1648 8d3c | 5748 f7da | 0fb6 0c16 
  0x0000028a3a3a264c: 6689 0c57 | 48ff c275 | f3e9 99bd | ffff 412b | c889 4c24 | 7448 8bdf | e94d d5ff | ff33 c0e9 
  0x0000028a3a3a266c: 8acc ffff 

  0x0000028a3a3a2670: ;   {metadata('java/io/FileInputStream')}
  0x0000028a3a3a2670: 81fa b0c9 | 1800 0f85 | 8c49 0000 

  0x0000028a3a3a267c: ;   {oop(a 'java/lang/Class'{0x00000007ff950f38} = 'java/io/FileInputStream')}
  0x0000028a3a3a267c: 498b db48 | bf38 0f95 | ff07 0000 | 000f b677 | 7c85 f60f | 85bb 4900 | 004c 894c | 2458 894c 
  0x0000028a3a3a269c: 2430 4489 | 5424 2489 | 5424 2041 | 8be8 4c89 | 5c24 3848 | 8bd3 4d8b | c145 8bca | 8bf8 4889 
  0x0000028a3a3a26bc: 5c24 6090 

  0x0000028a3a3a26c0: ;   {optimized virtual_call}
  0x0000028a3a3a26c0: c5f8 77e8 

  0x0000028a3a3a26c4: ; ImmutableOopMap {[40]=Oop [56]=Oop [64]=Oop [72]=Oop [80]=Oop [88]=Oop [96]=Oop [112]=NarrowOop }
                      ;*invokevirtual readBytes {reexecute=0 rethrow=0 return_oop=0}
                      ; - java.io.FileInputStream::read@24 (line 281)
                      ; - jdk.internal.loader.Resource::getBytes@90 (line 106)
                      ; - jdk.internal.loader.BuiltinClassLoader::defineClass@84 (line 773)
                      ; - jdk.internal.loader.BuiltinClassLoader::findClassOnClassPathOrNull@30 (line 691)
  0x0000028a3a3a26c4: 4884 b7ff 

  0x0000028a3a3a26c8: ;   {post_call_nop}
  0x0000028a3a3a26c8: 0f1f 8400 | c048 002d | 4c8b 5c24 | 3844 8bc5 | 8b54 2420 | 448b 5424 | 248b 4c24 | 304c 8b4c 
  0x0000028a3a3a26e8: 2458 8bd8 | e9d4 eeff | ff4c 63c5 | 4d8d 5010 | 498b ca48 | 83e1 f849 | 8bfd 4803 | f949 c1ea 
  0x0000028a3a3a2708: 034d 2bda | 498b cb48 | 33c0 4883 | f908 7f10 | 48ff c978 | 4f48 8904 | cf48 ffc9 | 7df7 eb44 
  0x0000028a3a3a2728: c5fd efc0 | e90d 0000 | 00c5 fe7f | 07c5 fe7f | 4720 4883 | c740 4883 | e908 7ded | 4883 c104 
  0x0000028a3a3a2748: 7c0c c5fe | 7f07 4883 | c720 4883 | e904 4883 | c104 7e10 | 48ff c9c5 | f9d6 0748 | 83c7 0848 
  0x0000028a3a3a2768: ffc9 7df3 | 498b c9c5 

  0x0000028a3a3a2770: ;   {runtime_call Stub::jbyte_disjoint_arraycopy}
  0x0000028a3a3a2770: f877 49ba | e01e 7639 | 8a02 0000 

  0x0000028a3a3a277c: ;   {post_call_nop}
  0x0000028a3a3a277c: 41ff d20f | 1f84 0000 | 0000 00e9 | e9ce ffff | 488b 9424 | 9800 0000 | 488b 6c24 | 4066 6690 
  0x0000028a3a3a279c: ;   {optimized virtual_call}
  0x0000028a3a3a279c: c5f8 77e8 

  0x0000028a3a3a27a0: ; ImmutableOopMap {rbp=Oop [40]=Oop [48]=Oop [64]=Oop [72]=Oop [80]=Oop [88]=Oop [112]=NarrowOop [128]=Oop [136]=Oop [148]=NarrowOop [152]=Oop [160]=Oop }
                      ;*invokevirtual hashCode {reexecute=0 rethrow=0 return_oop=0}
                      ; - java.util.WeakHashMap::hash@1 (line 310)
                      ; - java.util.WeakHashMap::remove@7 (line 603)
                      ; - java.util.Collections$SetFromMap::remove@5 (line 6044)
                      ; - java.util.zip.ZipFile$ZipFileInputStream::close@42 (line 998)
                      ; - java.util.zip.ZipFile$ZipFileInputStream::read@130 (line 943)
                      ; - java.util.zip.ZipFile$ZipFileInflaterInputStream::fill@32 (line 449)
                      ; - java.util.zip.InflaterInputStream::read@78 (line 208)
                      ; - jdk.internal.loader.Resource::getBytes@90 (line 106)
                      ; - jdk.internal.loader.URLClassPath$JarLoader$1::getBytes@1 (line 730)
                      ; - jdk.internal.loader.BuiltinClassLoader::defineClass@84 (line 773)
                      ; - jdk.internal.loader.BuiltinClassLoader::findClassOnClassPathOrNull@30 (line 691)
  0x0000028a3a3a27a0: 6c69 bcff 

  0x0000028a3a3a27a4: ;   {post_call_nop}
  0x0000028a3a3a27a4: 0f1f 8400 | 9c49 002e | e9d6 c6ff 

  0x0000028a3a3a27b0: ;   {metadata('java/io/FileInputStream')}
  0x0000028a3a3a27b0: ff41 81f8 | b0c9 1800 | 0f85 0d49 | 0000 498b | f344 0fb6 | 560c 4585 | d20f 8542 | eeff ff44 
  0x0000028a3a3a27d0: 8b56 1c45 | 85d2 0f84 | dd4b 0000 | 4f8d 1cd4 | 488d 9c24 | 1001 0000 | 4d8b 1341 | 8b9f d806 
  0x0000028a3a3a27f0: 0000 41f6 | c202 0f85 | 3700 0000 | 81fb 2707 | 0000 0f8f | 4b00 0000 | 4d3b 5c1f | f874 1649 
  0x0000028a3a3a2810: 8bc2 4883 | c801 4983 | e2fe f04d | 0fb1 130f | 852e 0000 | 004d 891c | 1f41 8387 | d806 0000 
  0x0000028a3a3a2830: 08eb 1e48 | 33c0 498b | 9fc8 0400 | 00f0 490f | b15a 3e74 | 0c48 3bd8 | 7509 49ff | 8286 0000 
  0x0000028a3a3a2850: 0033 c00f | 8587 4b00 | 0044 0fb6 | 560c 4585 | d20f 84e2 | 0900 0048 | 8d84 2410 | 0100 0041 
  0x0000028a3a3a2870: 8b87 d806 | 0000 4d8b | 134d 3b5c | 07f8 0f85 | 2e00 0000 | 4183 afd8 | 0600 0008 | 4d3b 5c07 
  0x0000028a3a3a2890: f00f 845f | 0000 0049 | 8bc2 4883 | e0fc 4983 | ca01 f04d | 0fb1 130f | 85e4 7700 | 00e9 4400 
  0x0000028a3a3a28b0: ;   {other}
  0x0000028a3a3a28b0: 0000 4983 | ba86 0000 | 0000 7533 | 49c7 423e | 0000 0000 | f083 4424 | c000 4983 | ba8e 0000 
  0x0000028a3a3a28d0: 0000 7422 | 4983 ba9e | 0000 0000 | 7518 4983 | e2fd 4d89 | 97e8 0500 | 0041 83ca | 01eb 0a49 
  0x0000028a3a3a28f0: ff8a 8600 | 0000 4533 | d20f 8412 | edff ff49 | 8bcb 488d | 9424 1001 | 0000 4d8b | c7c5 f877 
  0x0000028a3a3a2910: ;   {runtime_call}
  0x0000028a3a3a2910: 49ba 70f4 | 49e5 fe7f | 0000 41ff 

  0x0000028a3a3a291c: ;   {post_call_nop}
  0x0000028a3a3a291c: d20f 1f84 | 0000 0000 | 00e9 e7ec | ffff 4d8b | 97c0 0500 | 004d 85d2 | 7415 458b | 5a38 4183 
  0x0000028a3a3a293c: fbff 0f84 | 2848 0000 | 41ff c345 | 895a 3845 | 8bd9 438b | 6cdc 1885 | ed0f 8495 | 4700 004f 
  0x0000028a3a3a295c: 8d14 dc4c | 8994 2498 | 0000 004d | 8d14 ec4c | 8994 24a0 | 0000 004c | 8b9c 24a0 | 0000 0048 
  0x0000028a3a3a297c: 8d9c 2418 | 0100 004d | 8b13 418b | 9fd8 0600 | 0041 f6c2 | 020f 8537 | 0000 0081 | fb27 0700 
  0x0000028a3a3a299c: 000f 8f4b | 0000 004d | 3b5c 1ff8 | 7416 498b | c248 83c8 | 0149 83e2 | fef0 4d0f | b113 0f85 
  0x0000028a3a3a29bc: 2e00 0000 | 4d89 1c1f | 4183 87d8 | 0600 0008 | eb1e 4833 | c049 8b9f | c804 0000 | f049 0fb1 
  0x0000028a3a3a29dc: 5a3e 740c | 483b d875 | 0949 ff82 | 8600 0000 | 33c0 0f85 | 6c48 0000 | 488b 9424 | 9800 0000 
  0x0000028a3a3a29fc: ;   {optimized virtual_call}
  0x0000028a3a3a29fc: c5f8 77e8 

  0x0000028a3a3a2a00: ; ImmutableOopMap {rbp=NarrowOop [40]=Oop [56]=Oop [64]=Oop [72]=Oop [80]=Oop [96]=Oop [104]=Oop [112]=NarrowOop [120]=NarrowOop [128]=Oop [136]=Oop [144]=Oop [160]=Oop }
                      ;*invokevirtual poll0 {reexecute=0 rethrow=0 return_oop=1}
                      ; - java.lang.ref.ReferenceQueue::poll@20 (line 165)
                      ; - java.util.WeakHashMap::expungeStaleEntries@4 (line 330)
                      ; - java.util.WeakHashMap::getTable@1 (line 362)
                      ; - java.util.WeakHashMap::remove@12 (line 604)
                      ; - java.util.Collections$SetFromMap::remove@5 (line 6044)
                      ; - java.util.zip.ZipFile$ZipFileInputStream::close@42 (line 998)
                      ; - java.util.zip.ZipFile$ZipFileInputStream::read@130 (line 943)
                      ; - java.util.zip.ZipFile$ZipFileInflaterInputStream::fill@32 (line 449)
                      ; - java.util.zip.InflaterInputStream::read@78 (line 208)
                      ; - jdk.internal.loader.Resource::getBytes@90 (line 106)
                      ; - jdk.internal.loader.BuiltinClassLoader::defineClass@84 (line 773)
                      ; - jdk.internal.loader.BuiltinClassLoader::findClassOnClassPathOrNull@30 (line 691)
  0x0000028a3a3a2a00: dcc3 3dff 

  0x0000028a3a3a2a04: ;   {post_call_nop}
  0x0000028a3a3a2a04: 0f1f 8400 | fc4b 002f | 488b d84c | 8b9c 24a0 | 0000 0048 | 8d84 2418 | 0100 0041 | 8b87 d806 
  0x0000028a3a3a2a24: 0000 4d8b | 134d 3b5c | 07f8 0f85 | 2e00 0000 | 4183 afd8 | 0600 0008 | 4d3b 5c07 | f00f 845f 
  0x0000028a3a3a2a44: 0000 0049 | 8bc2 4883 | e0fc 4983 | ca01 f04d | 0fb1 130f | 8527 7600 | 00e9 4400 | 0000 4983 
  0x0000028a3a3a2a64: ba86 0000 | 0000 7533 | 49c7 423e | 0000 0000 | f083 4424 | c000 4983 | ba8e 0000 | 0000 7422 
  0x0000028a3a3a2a84: 4983 ba9e | 0000 0000 | 7518 4983 | e2fd 4d89 | 97e8 0500 | 0041 83ca | 01eb 0a49 | ff8a 8600 
  0x0000028a3a3a2aa4: 0000 4533 | d20f 85d2 | 4700 004d | 8b97 c005 | 0000 4d85 | d274 1445 | 8b42 3845 | 85c0 0f84 
  0x0000028a3a3a2ac4: 2047 0000 | 41ff c845 | 8942 3848 | 85db 0f84 | d4e6 ffff | ba45 ffff | ff48 8b6c | 2440 4c8b 
  0x0000028a3a3a2ae4: 5424 484c | 8954 2420 | 448b 5c24 | 7044 895c | 2428 4c8b | 5424 504c | 8954 2438 

  0x0000028a3a3a2b00: ;   {other}
  0x0000028a3a3a2b00: 448b 5424 | 3444 8954 | 242c 448b | 5c24 5845 | 8bd3 4489 | 5424 3444 | 8b5c 245c | 4489 5c24 
  0x0000028a3a3a2b20: 5844 8b54 | 2474 4489 | 5424 5c44 | 8b5c 2478 | 4489 5c24 | 7448 899c | 24b0 0000 | 0066 6690 
  0x0000028a3a3a2b40: ;   {runtime_call UncommonTrapBlob}
  0x0000028a3a3a2b40: c5f8 77e8 

  0x0000028a3a3a2b44: ; ImmutableOopMap {rbp=Oop [32]=Oop [40]=NarrowOop [56]=Oop [96]=Oop [104]=Oop [116]=NarrowOop [136]=Oop [144]=Oop [176]=Oop }
                      ;*ifnull {reexecute=1 rethrow=0 return_oop=0}
                      ; - (reexecute) java.util.WeakHashMap::expungeStaleEntries@9 (line 330)
                      ; - java.util.WeakHashMap::getTable@1 (line 362)
                      ; - java.util.WeakHashMap::remove@12 (line 604)
                      ; - java.util.Collections$SetFromMap::remove@5 (line 6044)
                      ; - java.util.zip.ZipFile$ZipFileInputStream::close@42 (line 998)
                      ; - java.util.zip.ZipFile$ZipFileInputStream::read@130 (line 943)
                      ; - java.util.zip.ZipFile$ZipFileInflaterInputStream::fill@32 (line 449)
                      ; - java.util.zip.InflaterInputStream::read@78 (line 208)
                      ; - jdk.internal.loader.Resource::getBytes@90 (line 106)
                      ; - jdk.internal.loader.BuiltinClassLoader::defineClass@84 (line 773)
                      ; - jdk.internal.loader.BuiltinClassLoader::findClassOnClassPathOrNull@30 (line 691)
  0x0000028a3a3a2b44: 98f2 4aff 

  0x0000028a3a3a2b48: ;   {post_call_nop}
  0x0000028a3a3a2b48: 0f1f 8400 | 404d 0030 | 41c6 450c | 01f0 8344 | 24c0 0048 | 8d84 2410 | 0100 0041 | 8b87 d806 
  0x0000028a3a3a2b68: 0000 4d8b | 104d 3b44 | 07f8 0f85 | 2e00 0000 | 4183 afd8 | 0600 0008 | 4d3b 4407 | f00f 845f 
  0x0000028a3a3a2b88: 0000 0049 | 8bc2 4883 | e0fc 4983 | ca01 f04d | 0fb1 100f | 85d6 7400 | 00e9 4400 | 0000 4983 
  0x0000028a3a3a2ba8: ba86 0000 | 0000 7533 | 49c7 423e | 0000 0000 | f083 4424 | c000 4983 | ba8e 0000 | 0000 7422 
  0x0000028a3a3a2bc8: 4983 ba9e | 0000 0000 | 7518 4983 | e2fd 4d89 | 97e8 0500 | 0041 83ca | 01eb 0a49 | ff8a 8600 
  0x0000028a3a3a2be8: 0000 4533 | d20f 85ed | 4600 0045 | 8b55 1845 | 85d2 7431 | 498b ed48 | 897c 2458 | 4889 7424 
  0x0000028a3a3a2c08: 504b 8d14 | d466 6690 

  0x0000028a3a3a2c10: ;   {optimized virtual_call}
  0x0000028a3a3a2c10: c5f8 77e8 

  0x0000028a3a3a2c14: ; ImmutableOopMap {rbp=Oop [40]=Oop [64]=Oop [72]=Oop [80]=Oop [88]=Oop [112]=NarrowOop }
                      ;*invokevirtual close {reexecute=0 rethrow=0 return_oop=0}
                      ; - java.io.FileInputStream::close@50 (line 502)
                      ; - jdk.internal.loader.Resource::getBytes@144 (line 121)
                      ; - jdk.internal.loader.URLClassPath$JarLoader$1::getBytes@1 (line 730)
                      ; - jdk.internal.loader.BuiltinClassLoader::defineClass@84 (line 773)
                      ; - jdk.internal.loader.BuiltinClassLoader::findClassOnClassPathOrNull@30 (line 691)
  0x0000028a3a3a2c14: c8c1 3dff 

  0x0000028a3a3a2c18: ;   {post_call_nop}
  0x0000028a3a3a2c18: 0f1f 8400 | 104e 0031 | 488b 7424 | 5048 8b7c | 2458 4c8b | ed41 8b6d | 1049 8b87 | c801 0000 
  0x0000028a3a3a2c38: 4c8b d049 | 83c2 104d | 3b97 d801 | 0000 0f83 | 842c 0000 | 4d89 97c8 | 0100 0041 | 0f0d 8ac0 
  0x0000028a3a3a2c58: 0000 0048 | c700 0100 

  0x0000028a3a3a2c60: ;   {metadata('java/io/FileInputStream$1')}
  0x0000028a3a3a2c60: 0000 c740 | 0828 562e | 0044 8960 | 0c4c 8bd8 | 4d8b c549 | c1e8 0345 | 8943 0c85 | ed0f 8429 
  0x0000028a3a3a2c80: 4600 0048 | 897c 2458 | 4889 7424 | 5049 8d14 | ec4d 8bc3 | 488b 6c24 | 4066 6690 

  0x0000028a3a3a2c9c: ;   {optimized virtual_call}
  0x0000028a3a3a2c9c: c5f8 77e8 

  0x0000028a3a3a2ca0: ; ImmutableOopMap {rbp=Oop [40]=Oop [64]=Oop [72]=Oop [80]=Oop [88]=Oop [112]=NarrowOop }
                      ;*invokevirtual closeAll {reexecute=0 rethrow=0 return_oop=0}
                      ; - java.io.FileInputStream::close@65 (line 505)
                      ; - jdk.internal.loader.Resource::getBytes@144 (line 121)
                      ; - jdk.internal.loader.URLClassPath$JarLoader$1::getBytes@1 (line 730)
                      ; - jdk.internal.loader.BuiltinClassLoader::defineClass@84 (line 773)
                      ; - jdk.internal.loader.BuiltinClassLoader::findClassOnClassPathOrNull@30 (line 691)
  0x0000028a3a3a2ca0: 3cc1 3dff 

  0x0000028a3a3a2ca4: ;   {post_call_nop}
  0x0000028a3a3a2ca4: 0f1f 8400 | 9c4e 0032 | 488b 7424 | 5048 8b7c | 2458 e99f 

  0x0000028a3a3a2cb8: ;   {metadata({type array byte})}
  0x0000028a3a3a2cb8: c6ff ff48 | baf8 4218 | 8d00 0000 | 0066 6690 

  0x0000028a3a3a2cc8: ;   {runtime_call C2 Runtime new_array_nozero}
  0x0000028a3a3a2cc8: c5f8 77e8 

  0x0000028a3a3a2ccc: ; ImmutableOopMap {[40]=Oop [64]=Oop [72]=Oop [80]=Oop [88]=Oop [96]=Oop [56]=Derived_oop_[96] [112]=NarrowOop }
                      ;*newarray {reexecute=0 rethrow=0 return_oop=1}
                      ; - java.util.Arrays::copyOf@15 (line 3537)
                      ; - jdk.internal.loader.Resource::getBytes@70 (line 102)
                      ; - jdk.internal.loader.URLClassPath$JarLoader$1::getBytes@1 (line 730)
                      ; - jdk.internal.loader.BuiltinClassLoader::defineClass@84 (line 773)
                      ; - jdk.internal.loader.BuiltinClassLoader::findClassOnClassPathOrNull@30 (line 691)
  0x0000028a3a3a2ccc: 9001 4bff 

  0x0000028a3a3a2cd0: ;   {post_call_nop}
  0x0000028a3a3a2cd0: 0f1f 8400 | c84e 0033 | 488b d8e9 | 6fce ffff 

  0x0000028a3a3a2ce0: ; ImmutableOopMap {r8=Oop r9=NarrowOop rdi=Oop rbp=NarrowOop [40]=Oop [56]=Oop [64]=Oop [72]=Oop [80]=Oop [96]=Oop [104]=Oop [112]=NarrowOop [120]=NarrowOop [128]=Oop [136]=Oop [144]=Oop }
                      ;*goto {reexecute=1 rethrow=0 return_oop=0}
                      ; - (reexecute) java.util.WeakHashMap::remove@126 (line 622)
                      ; - java.util.Collections$SetFromMap::remove@5 (line 6044)
                      ; - java.util.zip.ZipFile$ZipFileInputStream::close@42 (line 998)
                      ; - java.util.zip.ZipFile$ZipFileInputStream::read@130 (line 943)
                      ; - java.util.zip.ZipFile$ZipFileInflaterInputStream::fill@32 (line 449)
                      ; - java.util.zip.InflaterInputStream::read@78 (line 208)
                      ; - jdk.internal.loader.Resource::getBytes@90 (line 106)
                      ; - jdk.internal.loader.BuiltinClassLoader::defineClass@84 (line 773)
                      ; - jdk.internal.loader.BuiltinClassLoader::findClassOnClassPathOrNull@30 (line 691)
  0x0000028a3a3a2ce0: 4d8b 5730 

  0x0000028a3a3a2ce4: ;   {poll}
  0x0000028a3a3a2ce4: 4185 0285 | ed0f 84a2 | e5ff ff4d | 8d14 ec49 | 8bd8 4d8b | c2e9 f6e4 | ffff 458b | da44 899c 
  0x0000028a3a3a2d04: 2494 0000 | 00e9 1dbd | ffff 895c | 242c 4889 | 7c24 404c | 895c 2430 | 4489 6c24 | 284c 8b54 
  0x0000028a3a3a2d24: 2448 4c89 

  0x0000028a3a3a2d28: ;   {metadata({type array byte})}
  0x0000028a3a3a2d28: 5424 2048 | baf8 4218 | 8d00 0000 | 0044 8bc3 

  0x0000028a3a3a2d38: ;   {runtime_call C2 Runtime new_array}
  0x0000028a3a3a2d38: c5f8 77e8 

  0x0000028a3a3a2d3c: ; ImmutableOopMap {[32]=Oop [48]=Oop [56]=Oop [64]=Oop [72]=Oop }
                      ;*invokevirtual allocateUninitializedArray0 {reexecute=0 rethrow=0 return_oop=1}
                      ; - jdk.internal.misc.Unsafe::allocateUninitializedArray@51 (line 1396)
                      ; - java.lang.StringConcatHelper::newArray@21 (line 578)
                      ; - java.lang.StringConcatHelper::doConcat@27 (line 436)
                      ; - java.lang.String::concat@11 (line 2964)
                      ; - jdk.internal.loader.BuiltinClassLoader::findClassOnClassPathOrNull@10 (line 687)
  0x0000028a3a3a2d3c: 2004 4bff 

  0x0000028a3a3a2d40: ;   {post_call_nop}
  0x0000028a3a3a2d40: 0f1f 8400 | 384f 0035 | 448b 6c24 | 284c 8b5c | 2430 488b | 7c24 408b | 5c24 2c4c | 8bf0 e902 
  0x0000028a3a3a2d60: b6ff ff4c | 8974 2428 | 4489 6c24 | 2048 8b6c 

  0x0000028a3a3a2d70: ;   {metadata('java/lang/String')}
  0x0000028a3a3a2d70: 2448 48ba | c872 188d | 0000 0000 

  0x0000028a3a3a2d7c: ;   {runtime_call C2 Runtime new_instance}
  0x0000028a3a3a2d7c: c5f8 77e8 

  0x0000028a3a3a2d80: ; ImmutableOopMap {rbp=Oop [40]=Oop [56]=Oop [72]=Oop }
                      ;*new {reexecute=0 rethrow=0 return_oop=1}
                      ; - java.lang.StringConcatHelper::doConcat@51 (line 439)
                      ; - java.lang.String::concat@11 (line 2964)
                      ; - jdk.internal.loader.BuiltinClassLoader::findClassOnClassPathOrNull@10 (line 687)
  0x0000028a3a3a2d80: 5c2f 4bff 

  0x0000028a3a3a2d84: ;   {post_call_nop}
  0x0000028a3a3a2d84: 0f1f 8400 | 7c4f 0036 | 4c8b c044 | 8b6c 2420 | 4c8b 7424 | 28e9 96b6 

  0x0000028a3a3a2d9c: ;   {metadata('java/security/CodeSource')}
  0x0000028a3a3a2d9c: ffff 48ba | 6892 1c8d | 0000 0000 | 488b 6c24 | 4066 6690 

  0x0000028a3a3a2db0: ;   {runtime_call C2 Runtime new_instance}
  0x0000028a3a3a2db0: c5f8 77e8 

  0x0000028a3a3a2db4: ; ImmutableOopMap {rbp=Oop [64]=Oop [72]=Oop [80]=Oop [112]=NarrowOop }
                      ;*new {reexecute=0 rethrow=0 return_oop=1}
                      ; - jdk.internal.loader.BuiltinClassLoader::defineClass@95 (line 775)
                      ; - jdk.internal.loader.BuiltinClassLoader::findClassOnClassPathOrNull@30 (line 691)
  0x0000028a3a3a2db4: 282f 4bff 

  0x0000028a3a3a2db8: ;   {post_call_nop}
  0x0000028a3a3a2db8: 0f1f 8400 | b04f 0037 | e99b c6ff | ff41 8beb | 4889 7424 

  0x0000028a3a3a2dcc: ;   {metadata({type array byte})}
  0x0000028a3a3a2dcc: 5848 baf8 | 4218 8d00 | 0000 0045 | 33c0 6690 

  0x0000028a3a3a2ddc: ;   {runtime_call C2 Runtime new_array}
  0x0000028a3a3a2ddc: c5f8 77e8 

  0x0000028a3a3a2de0: ; ImmutableOopMap {[40]=Oop [64]=Oop [72]=Oop [80]=Oop [88]=Oop [112]=NarrowOop }
                      ;*newarray {reexecute=0 rethrow=0 return_oop=1}
                      ; - jdk.internal.loader.Resource::getBytes@11 (line 91)
                      ; - jdk.internal.loader.URLClassPath$JarLoader$1::getBytes@1 (line 730)
                      ; - jdk.internal.loader.BuiltinClassLoader::defineClass@84 (line 773)
                      ; - jdk.internal.loader.BuiltinClassLoader::findClassOnClassPathOrNull@30 (line 691)
  0x0000028a3a3a2de0: 7c03 4bff 

  0x0000028a3a3a2de4: ;   {post_call_nop}
  0x0000028a3a3a2de4: 0f1f 8400 | dc4f 0038 | 488b 7424 | 5848 8bf8 | 448b dde9 | 2ccc ffff 

  0x0000028a3a3a2dfc: ;   {metadata({type array byte})}
  0x0000028a3a3a2dfc: 48ba f842 | 188d 0000 | 0000 41b8 | 1e00 0000 

  0x0000028a3a3a2e0c: ;   {runtime_call C2 Runtime new_array}
  0x0000028a3a3a2e0c: c5f8 77e8 

  0x0000028a3a3a2e10: ; ImmutableOopMap {[40]=Oop [48]=Oop [56]=Oop [64]=Oop [72]=Oop [80]=Oop [88]=Oop [112]=NarrowOop [128]=Oop [136]=Oop [144]=NarrowOop [152]=Oop [160]=NarrowOop }
                      ;*newarray {reexecute=0 rethrow=0 return_oop=1}
                      ; - java.util.zip.ZipFile$ZipFileInputStream::initDataOffset@11 (line 908)
                      ; - java.util.zip.ZipFile$ZipFileInputStream::read@16 (line 926)
                      ; - java.util.zip.ZipFile$ZipFileInflaterInputStream::fill@32 (line 449)
                      ; - java.util.zip.InflaterInputStream::read@78 (line 208)
                      ; - jdk.internal.loader.Resource::getBytes@90 (line 106)
                      ; - jdk.internal.loader.URLClassPath$JarLoader$1::getBytes@1 (line 730)
                      ; - jdk.internal.loader.BuiltinClassLoader::defineClass@84 (line 773)
                      ; - jdk.internal.loader.BuiltinClassLoader::findClassOnClassPathOrNull@30 (line 691)
  0x0000028a3a3a2e10: 4c03 4bff 

  0x0000028a3a3a2e14: ;   {post_call_nop}
  0x0000028a3a3a2e14: 0f1f 8400 | 0c50 0039 | e95a b9ff | ff45 33db | 4c8b 5424 | 284c 8954 | 2448 4c8b | 5424 204c 
  0x0000028a3a3a2e34: 8954 2438 | 488b 7424 | 30e9 78ca | ffff 4889 | 7424 4089 | 4424 3489 | 5424 3089 | 4c24 2c44 
  0x0000028a3a3a2e54: 894c 2428 | 4c8b 5424 | 484c 8954 

  0x0000028a3a3a2e60: ;   {metadata({type array byte})}
  0x0000028a3a3a2e60: 2420 48ba | f842 188d | 0000 0000 | 448b c190 

  0x0000028a3a3a2e70: ;   {runtime_call C2 Runtime new_array}
  0x0000028a3a3a2e70: c5f8 77e8 

  0x0000028a3a3a2e74: ; ImmutableOopMap {[32]=Oop [40]=NarrowOop [56]=Oop [64]=Oop [72]=Oop }
                      ;*invokevirtual allocateUninitializedArray0 {reexecute=0 rethrow=0 return_oop=1}
                      ; - jdk.internal.misc.Unsafe::allocateUninitializedArray@51 (line 1396)
                      ; - java.lang.StringConcatHelper::newArray@21 (line 578)
                      ; - java.lang.StringLatin1::replace@48 (line 303)
                      ; - java.lang.String::replace@18 (line 2998)
                      ; - jdk.internal.loader.BuiltinClassLoader::findClassOnClassPathOrNull@5 (line 687)
  0x0000028a3a3a2e74: e802 4bff 

  0x0000028a3a3a2e78: ;   {post_call_nop}
  0x0000028a3a3a2e78: 0f1f 8400 | 7050 003a | 4c8b d044 | 8b4c 2428 | 8b4c 242c | 8b54 2430 | 8b44 2434 | 488b 7424 
  0x0000028a3a3a2e98: 404d 8bda | e9f0 b1ff 

  0x0000028a3a3a2ea0: ;   {metadata('java/lang/String')}
  0x0000028a3a3a2ea0: ff48 bac8 | 7218 8d00 | 0000 0048 | 8b6c 2438 | 4c8b 5424 | 484c 8954 | 2428 4c89 | 5c24 4090 
  0x0000028a3a3a2ec0: ;   {runtime_call C2 Runtime new_instance}
  0x0000028a3a3a2ec0: c5f8 77e8 

  0x0000028a3a3a2ec4: ; ImmutableOopMap {rbp=Oop [40]=Oop [56]=Oop [64]=Oop [72]=Oop }
                      ;*new {reexecute=0 rethrow=0 return_oop=1}
                      ; - java.lang.StringLatin1::replace@115 (line 312)
                      ; - java.lang.String::replace@18 (line 2998)
                      ; - jdk.internal.loader.BuiltinClassLoader::findClassOnClassPathOrNull@5 (line 687)
  0x0000028a3a3a2ec4: 182e 4bff 

  0x0000028a3a3a2ec8: ;   {post_call_nop}
  0x0000028a3a3a2ec8: 0f1f 8400 | c050 003b | 488b f84c | 8b5c 2440 | e9e9 b3ff | ff44 8954 | 2454 4489 | 4424 5044 
  0x0000028a3a3a2ee8: 895c 2444 | 4889 7424 | 304c 8b54 | 2438 4c89 | 5424 284c | 8b54 2448 | 4c89 5424 

  0x0000028a3a3a2f04: ;   {metadata('java/lang/String')}
  0x0000028a3a3a2f04: 2048 bac8 | 7218 8d00 | 0000 0090 

  0x0000028a3a3a2f10: ;   {runtime_call C2 Runtime new_instance}
  0x0000028a3a3a2f10: c5f8 77e8 

  0x0000028a3a3a2f14: ; ImmutableOopMap {rbp=Oop [32]=Oop [40]=Oop [48]=Oop [68]=NarrowOop [112]=NarrowOop }
                      ;*new {reexecute=0 rethrow=0 return_oop=1}
                      ; - java.lang.StringLatin1::newString@7 (line 760)
                      ; - java.lang.String::substring@41 (line 2904)
                      ; - jdk.internal.loader.BuiltinClassLoader::defineClass@23 (line 761)
                      ; - jdk.internal.loader.BuiltinClassLoader::findClassOnClassPathOrNull@30 (line 691)
  0x0000028a3a3a2f14: c82d 4bff 

  0x0000028a3a3a2f18: ;   {post_call_nop}
  0x0000028a3a3a2f18: 0f1f 8400 | 1051 003c | 4c8b 5424 | 204c 8954 | 2448 4c8b | 5424 284c | 8954 2438 | 488b 7424 
  0x0000028a3a3a2f38: 3044 8b5c | 2444 448b | 4424 5044 | 8b54 2454 | 488b d8e9 | 45c6 ffff | 4c89 4424 | 684c 895c 
  0x0000028a3a3a2f58: 2460 4c89 | 4c24 5848 | 895c 2450 | 4489 5424 | 4448 8944 | 24f8 8b44 | 2470 8944 | 2440 488b 
  0x0000028a3a3a2f78: 4424 f848 | 8974 2430 | 4c8b 5424 | 384c 8954 | 2428 4c8b | 5424 484c | 8954 2420 

  0x0000028a3a3a2f94: ;   {metadata({type array byte})}
  0x0000028a3a3a2f94: 48ba f842 | 188d 0000 | 0000 448b | 4424 4490 

  0x0000028a3a3a2fa4: ;   {runtime_call C2 Runtime new_array_nozero}
  0x0000028a3a3a2fa4: c5f8 77e8 

  0x0000028a3a3a2fa8: ; ImmutableOopMap {rbp=Oop [88]=Derived_oop_rbp [32]=Oop [40]=Oop [48]=Oop [64]=NarrowOop [80]=Oop }
                      ;*newarray {reexecute=0 rethrow=0 return_oop=1}
                      ; - java.util.Arrays::copyOfRange@59 (line 3849)
                      ; - java.lang.StringLatin1::newString@16 (line 760)
                      ; - java.lang.String::substring@41 (line 2904)
                      ; - jdk.internal.loader.BuiltinClassLoader::defineClass@23 (line 761)
                      ; - jdk.internal.loader.BuiltinClassLoader::findClassOnClassPathOrNull@30 (line 691)
  0x0000028a3a3a2fa8: b4fe 4aff 

  0x0000028a3a3a2fac: ;   {post_call_nop}
  0x0000028a3a3a2fac: 0f1f 8400 | a451 003d | 4c8b 5424 | 204c 8954 | 2448 4c8b | 5424 284c | 8954 2438 | 488b 7424 
  0x0000028a3a3a2fcc: 3048 8944 | 24f8 8b44 | 2440 8944 | 2470 488b | 4424 f844 | 8b54 2444 | 488b 5c24 | 504c 8b4c 
  0x0000028a3a3a2fec: 2458 4c8b | 5c24 604c | 8b44 2468 | 4c8b e8e9 | 32c6 ffff | 4c63 c981 | f900 0010 | 000f 87d5 
  0x0000028a3a3a300c: 3d00 004c | 894c 2420 | 488b ee44 | 8954 245c | 8954 2430 | 4489 4424 | 5848 897c | 2460 4c89 
  0x0000028a3a3a302c: 5c24 384d | 8b97 c801 | 0000 4d8d | 5917 4983 | e3f8 4d8b | c24d 03c3 | 4d3b 87d8 | 0100 000f 
  0x0000028a3a3a304c: 83b3 3d00 | 004d 8987 | c801 0000 | 410f 0d88 | c000 0000 | 49c7 0201 | 0000 0041 | 0f0d 8800 
  0x0000028a3a3a306c: ;   {metadata({type array byte})}
  0x0000028a3a3a306c: 0100 0041 | c742 08f8 | 4218 0041 | 894a 0c41 | 0f0d 8840 | 0100 0041 | 0f0d 8880 | 0100 0049 
  0x0000028a3a3a308c: 8bda 4c8b | 5424 2049 | 83c2 0749 | c1ea 0348 | 8bd3 4883 | c210 488b | cd4d 8bc2 

  0x0000028a3a3a30a8: ;   {runtime_call Stub::jlong_disjoint_arraycopy}
  0x0000028a3a3a30a8: c5f8 7749 | ba80 2576 | 398a 0200 | 0041 ffd2 

  0x0000028a3a3a30b8: ;   {post_call_nop}
  0x0000028a3a3a30b8: 0f1f 8400 | 0000 0000 | e990 e7ff | ff4c 63c5 | 4d8d 4810 | 498b c948 | 83e1 f848 | 8bfb 4803 
  0x0000028a3a3a30d8: f949 c1e9 | 034d 2bd1 | 498b ca48 | 33c0 4883 | f908 7f10 | 48ff c978 | 4f48 8904 | cf48 ffc9 
  0x0000028a3a3a30f8: 7df7 eb44 | c5fd efc0 | e90d 0000 | 00c5 fe7f | 07c5 fe7f | 4720 4883 | c740 4883 | e908 7ded 
  0x0000028a3a3a3118: 4883 c104 | 7c0c c5fe | 7f07 4883 | c720 4883 | e904 4883 | c104 7e10 | 48ff c9c5 | f9d6 0748 
  0x0000028a3a3a3138: 83c7 0848 | ffc9 7df3 | 488b 4c24 | 6049 8bd3 

  0x0000028a3a3a3148: ;   {runtime_call Stub::jbyte_disjoint_arraycopy}
  0x0000028a3a3a3148: c5f8 7749 | bae0 1e76 | 398a 0200 | 0041 ffd2 

  0x0000028a3a3a3158: ;   {post_call_nop}
  0x0000028a3a3a3158: 0f1f 8400 | 0000 0000 | e9f0 e6ff | ffbb 0100 | 0000 e9e4 | eaff ff8b | ebe9 a8ae | ffff 412b 
  0x0000028a3a3a3178: ca8b c14c | 8bcf e9ec | e6ff ff33 | dbe9 3be4 | ffff 4889 | 4424 684c | 894c 2460 | 4889 5c24 
  0x0000028a3a3a3198: 5844 895c | 2450 4889 | 4424 f88b | 4424 7089 | 4424 4048 | 8b44 24f8 | 4889 7424 | 304c 8b54 
  0x0000028a3a3a31b8: 2438 4c89 | 5424 284c | 8b54 2448 | 4c89 5424 

  0x0000028a3a3a31c8: ;   {metadata({type array byte})}
  0x0000028a3a3a31c8: 2048 baf8 | 4218 8d00 | 0000 0090 

  0x0000028a3a3a31d4: ;   {runtime_call C2 Runtime new_array_nozero}
  0x0000028a3a3a31d4: c5f8 77e8 

  0x0000028a3a3a31d8: ; ImmutableOopMap {rbp=Oop [96]=Derived_oop_rbp [32]=Oop [40]=Oop [48]=Oop [64]=NarrowOop [80]=NarrowOop [88]=Oop }
                      ;*invokevirtual clone {reexecute=1 rethrow=0 return_oop=1}
                      ; - (reexecute) java.util.Arrays::copyOfRange@11 (line 3843)
                      ; - java.lang.StringLatin1::newString@16 (line 760)
                      ; - java.lang.String::substring@41 (line 2904)
                      ; - jdk.internal.loader.BuiltinClassLoader::defineClass@23 (line 761)
                      ; - jdk.internal.loader.BuiltinClassLoader::findClassOnClassPathOrNull@30 (line 691)
  0x0000028a3a3a31d8: 84fc 4aff 

  0x0000028a3a3a31dc: ;   {post_call_nop}
  0x0000028a3a3a31dc: 0f1f 8400 | d453 003e | 4c8b d04c | 8b5c 2420 | 4c89 5c24 | 484c 8b5c | 2428 4c89 | 5c24 3848 
  0x0000028a3a3a31fc: 8b74 2430 | 4889 4424 | f88b 4424 | 4089 4424 | 7048 8b44 | 24f8 488b | 5c24 584c | 8b4c 2460 
  0x0000028a3a3a321c: 488b 4424 | 6849 8bfa | e941 cfff | ff49 8bd0 | 488b 6c24 | 4066 6690 

  0x0000028a3a3a3234: ;   {optimized virtual_call}
  0x0000028a3a3a3234: c5f8 77e8 

  0x0000028a3a3a3238: ; ImmutableOopMap {rbp=Oop [40]=Oop [56]=Oop [64]=Oop [72]=Oop [80]=Oop [96]=Oop [104]=Oop [112]=NarrowOop [120]=NarrowOop [128]=Oop [136]=Oop [144]=Oop }
                      ;*invokevirtual hashCode {reexecute=0 rethrow=0 return_oop=0}
                      ; - java.util.WeakHashMap::hash@1 (line 310)
                      ; - java.util.WeakHashMap::remove@7 (line 603)
                      ; - java.util.Collections$SetFromMap::remove@5 (line 6044)
                      ; - java.util.zip.ZipFile$ZipFileInputStream::close@42 (line 998)
                      ; - java.util.zip.ZipFile$ZipFileInputStream::read@130 (line 943)
                      ; - java.util.zip.ZipFile$ZipFileInflaterInputStream::fill@32 (line 449)
                      ; - java.util.zip.InflaterInputStream::read@78 (line 208)
                      ; - jdk.internal.loader.Resource::getBytes@90 (line 106)
                      ; - jdk.internal.loader.BuiltinClassLoader::defineClass@84 (line 773)
                      ; - jdk.internal.loader.BuiltinClassLoader::findClassOnClassPathOrNull@30 (line 691)
  0x0000028a3a3a3238: a4bb 3dff 

  0x0000028a3a3a323c: ;   {post_call_nop}
  0x0000028a3a3a323c: 0f1f 8400 | 3454 003f | e90a dfff | ffc6 460c | 01f0 8344 | 24c0 0048 | 8d84 2410 | 0100 0041 
  0x0000028a3a3a325c: 8b87 d806 | 0000 4d8b | 134d 3b5c | 07f8 0f85 | 2e00 0000 | 4183 afd8 | 0600 0008 | 4d3b 5c07 
  0x0000028a3a3a327c: f00f 845f | 0000 0049 | 8bc2 4883 | e0fc 4983 | ca01 f04d | 0fb1 130f | 85d1 6d00 | 00e9 4400 
  0x0000028a3a3a329c: 0000 4983 | ba86 0000 | 0000 7533 | 49c7 423e | 0000 0000 | f083 4424 | c000 4983 | ba8e 0000 
  0x0000028a3a3a32bc: 0000 7422 | 4983 ba9e | 0000 0000 | 7518 4983 | e2fd 4d89 | 97e8 0500 | 0041 83ca | 01eb 0a49 
  0x0000028a3a3a32dc: ff8a 8600 | 0000 4533 | d20f 8555 | 4100 0044 | 8b5e 1845 | 85db 7424 | 488b ee48 | 897c 2438 
  0x0000028a3a3a32fc: 4b8d 14dc 

  0x0000028a3a3a3300: ;   {optimized virtual_call}
  0x0000028a3a3a3300: c5f8 77e8 

  0x0000028a3a3a3304: ; ImmutableOopMap {rbp=Oop [40]=Oop [56]=Oop [64]=Oop [72]=Oop [80]=Oop [112]=NarrowOop }
                      ;*invokevirtual close {reexecute=0 rethrow=0 return_oop=0}
                      ; - java.io.FileInputStream::close@50 (line 502)
                      ; - jdk.internal.loader.Resource::getBytes@144 (line 121)
                      ; - jdk.internal.loader.BuiltinClassLoader::defineClass@84 (line 773)
                      ; - jdk.internal.loader.BuiltinClassLoader::findClassOnClassPathOrNull@30 (line 691)
  0x0000028a3a3a3304: d8ba 3dff 

  0x0000028a3a3a3308: ;   {post_call_nop}
  0x0000028a3a3a3308: 0f1f 8400 | 0055 0040 | 488b 7c24 | 3848 8bf5 | 8b6e 1049 | 8b87 c801 | 0000 4c8b | d049 83c2 
  0x0000028a3a3a3328: 104d 3b97 | d801 0000 | 0f83 623d | 0000 4d89 | 97c8 0100 | 0041 0f0d | 8ac0 0000 | 0048 c700 
  0x0000028a3a3a3348: 0100 0000 

  0x0000028a3a3a334c: ;   {metadata('java/io/FileInputStream$1')}
  0x0000028a3a3a334c: c740 0828 | 562e 0044 | 8960 0c4c | 8bc0 4c8b | d649 c1ea | 0345 8950 | 0c85 ed0f | 84ad 4000 
  0x0000028a3a3a336c: 0048 897c | 2438 498d | 14ec 488b | 6c24 4090 

  0x0000028a3a3a337c: ;   {optimized virtual_call}
  0x0000028a3a3a337c: c5f8 77e8 

  0x0000028a3a3a3380: ; ImmutableOopMap {rbp=Oop [40]=Oop [56]=Oop [64]=Oop [72]=Oop [80]=Oop [112]=NarrowOop }
                      ;*invokevirtual closeAll {reexecute=0 rethrow=0 return_oop=0}
                      ; - java.io.FileInputStream::close@65 (line 505)
                      ; - jdk.internal.loader.Resource::getBytes@144 (line 121)
                      ; - jdk.internal.loader.BuiltinClassLoader::defineClass@84 (line 773)
                      ; - jdk.internal.loader.BuiltinClassLoader::findClassOnClassPathOrNull@30 (line 691)
  0x0000028a3a3a3380: 9c9b aff8 

  0x0000028a3a3a3384: ;   {post_call_nop}
  0x0000028a3a3a3384: 0f1f 8400 | 7c55 0041 | 488b 7c24 | 38e9 7be2 

  0x0000028a3a3a3394: ;   {metadata({type array byte})}
  0x0000028a3a3a3394: ffff 48ba | f842 188d | 0000 0000 | 448b c390 

  0x0000028a3a3a33a4: ;   {runtime_call C2 Runtime new_array_nozero}
  0x0000028a3a3a33a4: c5f8 77e8 

  0x0000028a3a3a33a8: ; ImmutableOopMap {[32]=Oop [96]=Derived_oop_[32] [40]=Oop [56]=Oop [64]=Oop [72]=Oop [80]=Oop [112]=NarrowOop }
                      ;*newarray {reexecute=0 rethrow=0 return_oop=1}
                      ; - java.util.Arrays::copyOf@15 (line 3537)
                      ; - jdk.internal.loader.Resource::getBytes@70 (line 102)
                      ; - jdk.internal.loader.BuiltinClassLoader::defineClass@84 (line 773)
                      ; - jdk.internal.loader.BuiltinClassLoader::findClassOnClassPathOrNull@30 (line 691)
  0x0000028a3a3a33a8: b4fa 4aff 

  0x0000028a3a3a33ac: ;   {post_call_nop}
  0x0000028a3a3a33ac: 0f1f 8400 | a455 0042 | 4c8b c0e9 | 41e4 ffff | 458b d2e9 | 34d9 ffff | 4983 c2fe | 498b ca48 
  0x0000028a3a3a33cc: 8bfa 4833 | c048 83f9 | 087f 1048 | ffc9 784f | 4889 04cf | 48ff c97d | f7eb 44c5 | fdef c0e9 
  0x0000028a3a3a33ec: 0d00 0000 | c5fe 7f07 | c5fe 7f47 | 2048 83c7 | 4048 83e9 | 087d ed48 | 83c1 047c | 0cc5 fe7f 
  0x0000028a3a3a340c: 0748 83c7 | 2048 83e9 | 0448 83c1 | 047e 1048 | ffc9 c5f9 | d607 4883 | c708 48ff | c97d f3e9 
  0x0000028a3a3a342c: 6ec7 ffff | bacc ffff | ff48 8b6c | 2440 4c8b | 5424 484c | 8954 2420 | 4889 7424 | 384c 894c 
  0x0000028a3a3a344c: 2440 4489 | 4424 5c90 

  0x0000028a3a3a3454: ;   {runtime_call UncommonTrapBlob}
  0x0000028a3a3a3454: c5f8 77e8 

  0x0000028a3a3a3458: ; ImmutableOopMap {rbp=Oop [32]=Oop [56]=Oop [64]=Oop [96]=Oop [112]=NarrowOop }
                      ;*newarray {reexecute=1 rethrow=0 return_oop=0}
                      ; - (reexecute) java.util.Arrays::copyOf@15 (line 3537)
                      ; - jdk.internal.loader.Resource::getBytes@70 (line 102)
                      ; - jdk.internal.loader.URLClassPath$JarLoader$1::getBytes@1 (line 730)
                      ; - jdk.internal.loader.BuiltinClassLoader::defineClass@84 (line 773)
                      ; - jdk.internal.loader.BuiltinClassLoader::findClassOnClassPathOrNull@30 (line 691)
  0x0000028a3a3a3458: 84e9 4aff 

  0x0000028a3a3a345c: ;   {post_call_nop}
  0x0000028a3a3a345c: 0f1f 8400 | 5456 0043 | baf6 ffff | ff48 8b6c | 2440 4c8b | 5424 484c | 8954 2420 | 4889 7424 
  0x0000028a3a3a347c: 3844 8b54 | 2460 4489 | 5424 3448 | 895c 2458 | 4889 7c24 | 6044 8944 | 2454 6690 

  0x0000028a3a3a3498: ;   {runtime_call UncommonTrapBlob}
  0x0000028a3a3a3498: c5f8 77e8 

  0x0000028a3a3a349c: ; ImmutableOopMap {rbp=Oop [32]=Oop [56]=Oop [88]=Oop [96]=Oop [112]=NarrowOop [116]=NarrowOop [128]=Oop }
                      ;*monitorenter {reexecute=0 rethrow=0 return_oop=0}
                      ; - java.util.zip.Inflater::finished@6 (line 302)
                      ; - java.util.zip.InflaterInputStream::read@34 (line 198)
                      ; - jdk.internal.loader.Resource::getBytes@90 (line 106)
                      ; - jdk.internal.loader.URLClassPath$JarLoader$1::getBytes@1 (line 730)
                      ; - jdk.internal.loader.BuiltinClassLoader::defineClass@84 (line 773)
                      ; - jdk.internal.loader.BuiltinClassLoader::findClassOnClassPathOrNull@30 (line 691)
  0x0000028a3a3a349c: 40e9 4aff 

  0x0000028a3a3a34a0: ;   {post_call_nop}
  0x0000028a3a3a34a0: 0f1f 8400 | 9856 0044 | 448b 5c24 | 744b 8d2c | dc48 8b54 | 2430 4c8d | 8424 1001 | 0000 6690 
  0x0000028a3a3a34c0: ;   {runtime_call C2 Runtime complete_monitor_locking}
  0x0000028a3a3a34c0: c5f8 77e8 

  0x0000028a3a3a34c4: ; ImmutableOopMap {rbp=Oop [40]=Oop [48]=Oop [64]=Oop [72]=Oop [80]=Oop [88]=Oop [104]=Oop [112]=NarrowOop [116]=NarrowOop [128]=Oop }
                      ;*monitorenter {reexecute=0 rethrow=0 return_oop=0}
                      ; - java.util.zip.Inflater::finished@6 (line 302)
                      ; - java.util.zip.InflaterInputStream::read@34 (line 198)
                      ; - jdk.internal.loader.Resource::getBytes@90 (line 106)
                      ; - jdk.internal.loader.URLClassPath$JarLoader$1::getBytes@1 (line 730)
                      ; - jdk.internal.loader.BuiltinClassLoader::defineClass@84 (line 773)
                      ; - jdk.internal.loader.BuiltinClassLoader::findClassOnClassPathOrNull@30 (line 691)
  0x0000028a3a3a34c4: 98a0 4bff 

  0x0000028a3a3a34c8: ;   {post_call_nop}
  0x0000028a3a3a34c8: 0f1f 8400 | c056 0045 | e90c c8ff | ff49 8bcb | 488d 9424 | 1001 0000 | 4d8b c7c5 

  0x0000028a3a3a34e4: ;   {runtime_call}
  0x0000028a3a3a34e4: f877 49ba | 70f4 49e5 | fe7f 0000 

  0x0000028a3a3a34f0: ;   {post_call_nop}
  0x0000028a3a3a34f0: 41ff d20f | 1f84 0000 | 0000 00e9 | 89c8 ffff | baf6 ffff | ff48 8b6c | 2440 4c8b | 5424 484c 
  0x0000028a3a3a3510: 8954 2420 | 4c8b 5424 | 584c 8954 | 2438 4c8b | 9424 8000 | 0000 4c89 | 5424 4044 | 8b54 2460 
  0x0000028a3a3a3530: 4489 5424 | 3444 8b5c | 2478 4c8b | 5424 684c | 8954 2458 | 4489 5c24 | 5466 6690 

  0x0000028a3a3a354c: ;   {runtime_call UncommonTrapBlob}
  0x0000028a3a3a354c: c5f8 77e8 

  0x0000028a3a3a3550: ; ImmutableOopMap {rbp=Oop [32]=Oop [56]=Oop [64]=Oop [88]=Oop [112]=NarrowOop [116]=NarrowOop }
                      ;*monitorenter {reexecute=0 rethrow=0 return_oop=0}
                      ; - java.util.zip.Inflater::needsDictionary@6 (line 292)
                      ; - java.util.zip.InflaterInputStream::read@44 (line 198)
                      ; - jdk.internal.loader.Resource::getBytes@90 (line 106)
                      ; - jdk.internal.loader.URLClassPath$JarLoader$1::getBytes@1 (line 730)
                      ; - jdk.internal.loader.BuiltinClassLoader::defineClass@84 (line 773)
                      ; - jdk.internal.loader.BuiltinClassLoader::findClassOnClassPathOrNull@30 (line 691)
  0x0000028a3a3a3550: 8ce8 4aff 

  0x0000028a3a3a3554: ;   {post_call_nop}
  0x0000028a3a3a3554: 0f1f 8400 | 4c57 0046 | baf6 ffff | ff48 8b6c | 2440 4c8b | 5424 484c | 8954 2420 | 4c8b 5424 
  0x0000028a3a3a3574: 584c 8954 | 2428 4c8b | 9424 8000 | 0000 4c89 | 5424 4044 | 8b54 2460 | 4489 5424 | 3444 8b5c 
  0x0000028a3a3a3594: 2478 4c8b | 5424 684c | 8954 2458 | 4489 5c24 | 5466 6690 

  0x0000028a3a3a35a8: ;   {runtime_call UncommonTrapBlob}
  0x0000028a3a3a35a8: c5f8 77e8 

  0x0000028a3a3a35ac: ; ImmutableOopMap {rbp=Oop [32]=Oop [40]=Oop [64]=Oop [88]=Oop [112]=NarrowOop [116]=NarrowOop }
                      ;*monitorenter {reexecute=0 rethrow=0 return_oop=0}
                      ; - java.util.zip.Inflater::needsInput@6 (line 281)
                      ; - java.util.zip.InflaterInputStream::read@61 (line 202)
                      ; - jdk.internal.loader.Resource::getBytes@90 (line 106)
                      ; - jdk.internal.loader.URLClassPath$JarLoader$1::getBytes@1 (line 730)
                      ; - jdk.internal.loader.BuiltinClassLoader::defineClass@84 (line 773)
                      ; - jdk.internal.loader.BuiltinClassLoader::findClassOnClassPathOrNull@30 (line 691)
  0x0000028a3a3a35ac: 30e8 4aff 

  0x0000028a3a3a35b0: ;   {post_call_nop}
  0x0000028a3a3a35b0: 0f1f 8400 | a857 0047 | 498b cb48 | 8d94 2410 | 0100 004d | 8bc7 c5f8 

  0x0000028a3a3a35c8: ;   {runtime_call}
  0x0000028a3a3a35c8: 7749 ba70 | f449 e5fe | 7f00 0041 

  0x0000028a3a3a35d4: ;   {post_call_nop}
  0x0000028a3a3a35d4: ffd2 0f1f | 8400 0000 | 0000 e9f9 | c8ff ff44 | 8b54 2474 | 4b8d 2cd4 | 498b d34c | 8d84 2410 
  0x0000028a3a3a35f4: 0100 0090 

  0x0000028a3a3a35f8: ;   {runtime_call C2 Runtime complete_monitor_locking}
  0x0000028a3a3a35f8: c5f8 77e8 

  0x0000028a3a3a35fc: ; ImmutableOopMap {rbp=Oop [40]=Oop [48]=Oop [64]=Oop [72]=Oop [80]=Oop [88]=Oop [104]=Oop [112]=NarrowOop [116]=NarrowOop [128]=Oop }
                      ;*monitorenter {reexecute=0 rethrow=0 return_oop=0}
                      ; - java.util.zip.Inflater::needsDictionary@6 (line 292)
                      ; - java.util.zip.InflaterInputStream::read@44 (line 198)
                      ; - jdk.internal.loader.Resource::getBytes@90 (line 106)
                      ; - jdk.internal.loader.URLClassPath$JarLoader$1::getBytes@1 (line 730)
                      ; - jdk.internal.loader.BuiltinClassLoader::defineClass@84 (line 773)
                      ; - jdk.internal.loader.BuiltinClassLoader::findClassOnClassPathOrNull@30 (line 691)
  0x0000028a3a3a35fc: 609f 4bff 

  0x0000028a3a3a3600: ;   {post_call_nop}
  0x0000028a3a3a3600: 0f1f 8400 | f857 0048 | e927 c8ff | ff44 8b5c | 2474 4b8d | 2cdc 488b | 5424 304c | 8d84 2410 
  0x0000028a3a3a3620: 0100 0090 

  0x0000028a3a3a3624: ;   {runtime_call C2 Runtime complete_monitor_locking}
  0x0000028a3a3a3624: c5f8 77e8 

  0x0000028a3a3a3628: ; ImmutableOopMap {rbp=Oop [40]=Oop [48]=Oop [64]=Oop [72]=Oop [80]=Oop [88]=Oop [104]=Oop [112]=NarrowOop [116]=NarrowOop [128]=Oop [136]=NarrowOop }
                      ;*monitorenter {reexecute=0 rethrow=0 return_oop=0}
                      ; - java.util.zip.Inflater::needsInput@6 (line 281)
                      ; - java.util.zip.InflaterInputStream::read@61 (line 202)
                      ; - jdk.internal.loader.Resource::getBytes@90 (line 106)
                      ; - jdk.internal.loader.URLClassPath$JarLoader$1::getBytes@1 (line 730)
                      ; - jdk.internal.loader.BuiltinClassLoader::defineClass@84 (line 773)
                      ; - jdk.internal.loader.BuiltinClassLoader::findClassOnClassPathOrNull@30 (line 691)
  0x0000028a3a3a3628: 349f 4bff 

  0x0000028a3a3a362c: ;   {post_call_nop}
  0x0000028a3a3a362c: 0f1f 8400 | 2458 0049 | e956 c9ff | ff49 8bcb | 488d 9424 | 1001 0000 | 4d8b c7c5 

  0x0000028a3a3a3648: ;   {runtime_call}
  0x0000028a3a3a3648: f877 49ba | 70f4 49e5 | fe7f 0000 

  0x0000028a3a3a3654: ;   {post_call_nop}
  0x0000028a3a3a3654: 41ff d20f | 1f84 0000 | 0000 00e9 | 0bca ffff 

  0x0000028a3a3a3664: ;   {metadata({type array byte})}
  0x0000028a3a3a3664: 418b e848 | baf8 4218 | 8d00 0000 | 0045 33c0 

  0x0000028a3a3a3674: ;   {runtime_call C2 Runtime new_array}
  0x0000028a3a3a3674: c5f8 77e8 

  0x0000028a3a3a3678: ; ImmutableOopMap {[40]=Oop [56]=Oop [64]=Oop [72]=Oop [80]=Oop [112]=NarrowOop }
                      ;*newarray {reexecute=0 rethrow=0 return_oop=1}
                      ; - jdk.internal.loader.Resource::getBytes@11 (line 91)
                      ; - jdk.internal.loader.BuiltinClassLoader::defineClass@84 (line 773)
                      ; - jdk.internal.loader.BuiltinClassLoader::findClassOnClassPathOrNull@30 (line 691)
  0x0000028a3a3a3678: e4fa 4aff 

  0x0000028a3a3a367c: ;   {post_call_nop}
  0x0000028a3a3a367c: 0f1f 8400 | 7458 004a | 488b f844 | 8bc5 e94c 

  0x0000028a3a3a368c: ;   {metadata({type array byte})}
  0x0000028a3a3a368c: e0ff ff48 | baf8 4218 | 8d00 0000 | 0041 b81e | 0000 0090 

  0x0000028a3a3a36a0: ;   {runtime_call C2 Runtime new_array}
  0x0000028a3a3a36a0: c5f8 77e8 

  0x0000028a3a3a36a4: ; ImmutableOopMap {[40]=Oop [56]=Oop [64]=Oop [72]=Oop [80]=Oop [96]=Oop [104]=Oop [112]=NarrowOop [116]=NarrowOop [124]=NarrowOop [128]=Oop [136]=Oop [144]=Oop }
                      ;*newarray {reexecute=0 rethrow=0 return_oop=1}
                      ; - java.util.zip.ZipFile$ZipFileInputStream::initDataOffset@11 (line 908)
                      ; - java.util.zip.ZipFile$ZipFileInputStream::read@16 (line 926)
                      ; - java.util.zip.ZipFile$ZipFileInflaterInputStream::fill@32 (line 449)
                      ; - java.util.zip.InflaterInputStream::read@78 (line 208)
                      ; - jdk.internal.loader.Resource::getBytes@90 (line 106)
                      ; - jdk.internal.loader.BuiltinClassLoader::defineClass@84 (line 773)
                      ; - jdk.internal.loader.BuiltinClassLoader::findClassOnClassPathOrNull@30 (line 691)
  0x0000028a3a3a36a4: b8fa 4aff 

  0x0000028a3a3a36a8: ;   {post_call_nop}
  0x0000028a3a3a36a8: 0f1f 8400 | a058 004b | e96f d3ff | ffba 45ff | ffff 4c8b | 4c24 4049 | 8be9 4c8b | 4c24 484c 
  0x0000028a3a3a36c8: 894c 2420 | 448b 4c24 | 7044 894c | 2430 4889 | 7424 3844 | 895c 2434 | 4889 5c24 | 5848 897c 
  0x0000028a3a3a36e8: 2460 4489 | 4424 5444 | 8b4c 2474 | 4489 4424 | 6c44 894c | 2470 894c | 2474 4489 | 5424 7890 
  0x0000028a3a3a3708: ;   {runtime_call UncommonTrapBlob}
  0x0000028a3a3a3708: c5f8 77e8 

  0x0000028a3a3a370c: ; ImmutableOopMap {rbp=Oop [32]=Oop [48]=NarrowOop [56]=Oop [88]=Oop [96]=Oop }
                      ;*iflt {reexecute=1 rethrow=0 return_oop=0}
                      ; - (reexecute) jdk.internal.util.Preconditions::checkFromIndexSize@5 (line 396)
                      ; - java.util.Objects::checkFromIndexSize@4 (line 417)
                      ; - java.util.zip.InflaterInputStream::read@20 (line 191)
                      ; - jdk.internal.loader.Resource::getBytes@90 (line 106)
                      ; - jdk.internal.loader.URLClassPath$JarLoader$1::getBytes@1 (line 730)
                      ; - jdk.internal.loader.BuiltinClassLoader::defineClass@84 (line 773)
                      ; - jdk.internal.loader.BuiltinClassLoader::findClassOnClassPathOrNull@30 (line 691)
  0x0000028a3a3a370c: d0e6 4aff 

  0x0000028a3a3a3710: ;   {post_call_nop}
  0x0000028a3a3a3710: 0f1f 8400 | 0859 004c | ba45 ffff | ff4c 8b54 | 2440 498b | ea4c 8b54 | 2448 4c89 | 5424 2048 
  0x0000028a3a3a3730: 8974 2438 | 4889 7c24 | 404c 894c | 2448 4489 | 5c24 3444 | 8944 2450 | 8944 2454 

  0x0000028a3a3a374c: ;   {runtime_call UncommonTrapBlob}
  0x0000028a3a3a374c: c5f8 77e8 

  0x0000028a3a3a3750: ; ImmutableOopMap {rbp=Oop [32]=Oop [56]=Oop [64]=Oop [72]=Oop [112]=NarrowOop }
                      ;*ifge {reexecute=1 rethrow=0 return_oop=0}
                      ; - (reexecute) jdk.internal.loader.Resource::getBytes@97 (line 107)
                      ; - jdk.internal.loader.URLClassPath$JarLoader$1::getBytes@1 (line 730)
                      ; - jdk.internal.loader.BuiltinClassLoader::defineClass@84 (line 773)
                      ; - jdk.internal.loader.BuiltinClassLoader::findClassOnClassPathOrNull@30 (line 691)
  0x0000028a3a3a3750: 8ce6 4aff 

  0x0000028a3a3a3754: ;   {post_call_nop}
  0x0000028a3a3a3754: 0f1f 8400 | 4c59 004d | ba45 ffff | ff48 8b6c | 2440 4c8b | 5424 484c | 8954 2420 | 4889 7424 
  0x0000028a3a3a3774: 384c 894c | 2448 6690 

  0x0000028a3a3a377c: ;   {runtime_call UncommonTrapBlob}
  0x0000028a3a3a377c: c5f8 77e8 

  0x0000028a3a3a3780: ; ImmutableOopMap {rbp=Oop [32]=Oop [56]=Oop [72]=Oop [88]=Oop [96]=Oop [112]=NarrowOop }
                      ;*ifge {reexecute=1 rethrow=0 return_oop=0}
                      ; - (reexecute) jdk.internal.loader.Resource::getBytes@55 (line 98)
                      ; - jdk.internal.loader.URLClassPath$JarLoader$1::getBytes@1 (line 730)
                      ; - jdk.internal.loader.BuiltinClassLoader::defineClass@84 (line 773)
                      ; - jdk.internal.loader.BuiltinClassLoader::findClassOnClassPathOrNull@30 (line 691)
  0x0000028a3a3a3780: 5ce6 4aff 

  0x0000028a3a3a3784: ;   {post_call_nop}
  0x0000028a3a3a3784: 0f1f 8400 | 7c59 004e | ba45 ffff | ff4c 8b4c | 2440 498b | e94c 8b4c | 2448 4c89 | 4c24 2048 
  0x0000028a3a3a37a4: 8974 2438 | 4489 5c24 | 3448 895c | 2458 4889 | 7c24 6044 | 8944 2454 | 4489 5424 | 6c66 6690 
  0x0000028a3a3a37c4: ;   {runtime_call UncommonTrapBlob}
  0x0000028a3a3a37c4: c5f8 77e8 

  0x0000028a3a3a37c8: ; ImmutableOopMap {rbp=Oop [32]=Oop [56]=Oop [88]=Oop [96]=Oop [112]=NarrowOop }
                      ;*ifeq {reexecute=1 rethrow=0 return_oop=0}
                      ; - (reexecute) java.util.zip.InflaterInputStream::ensureOpen@4 (line 84)
                      ; - java.util.zip.InflaterInputStream::read@1 (line 187)
                      ; - jdk.internal.loader.Resource::getBytes@90 (line 106)
                      ; - jdk.internal.loader.URLClassPath$JarLoader$1::getBytes@1 (line 730)
                      ; - jdk.internal.loader.BuiltinClassLoader::defineClass@84 (line 773)
                      ; - jdk.internal.loader.BuiltinClassLoader::findClassOnClassPathOrNull@30 (line 691)
  0x0000028a3a3a37c8: 14e6 4aff 

  0x0000028a3a3a37cc: ;   {post_call_nop}
  0x0000028a3a3a37cc: 0f1f 8400 | c459 004f | ba45 ffff | ff4c 8b4c | 2440 498b | e94c 8b4c | 2448 4c89 | 4c24 2044 
  0x0000028a3a3a37ec: 8b4c 2470 | 4489 4c24 | 3048 8974 | 2438 4489 | 5c24 3448 | 895c 2458 | 4889 7c24 | 6044 8944 
  0x0000028a3a3a380c: 2454 4489 | 4424 6c48 | 8944 24f8 | 8b44 2474 | 8944 2470 | 488b 4424 | f889 4c24 | 7489 4424 
  0x0000028a3a3a382c: 7844 8954 | 247c 6690 

  0x0000028a3a3a3834: ;   {runtime_call UncommonTrapBlob}
  0x0000028a3a3a3834: c5f8 77e8 

  0x0000028a3a3a3838: ; ImmutableOopMap {rbp=Oop [32]=Oop [48]=NarrowOop [56]=Oop [88]=Oop [96]=Oop }
                      ;*if_icmple {reexecute=1 rethrow=0 return_oop=0}
                      ; - (reexecute) jdk.internal.util.Preconditions::checkFromIndexSize@12 (line 396)
                      ; - java.util.Objects::checkFromIndexSize@4 (line 417)
                      ; - java.util.zip.InflaterInputStream::read@20 (line 191)
                      ; - jdk.internal.loader.Resource::getBytes@90 (line 106)
                      ; - jdk.internal.loader.URLClassPath$JarLoader$1::getBytes@1 (line 730)
                      ; - jdk.internal.loader.BuiltinClassLoader::defineClass@84 (line 773)
                      ; - jdk.internal.loader.BuiltinClassLoader::findClassOnClassPathOrNull@30 (line 691)
  0x0000028a3a3a3838: a4e5 4aff 

  0x0000028a3a3a383c: ;   {post_call_nop}
  0x0000028a3a3a383c: 0f1f 8400 | 345a 0050 | baf6 ffff | ff49 8bea | 4c89 4424 | 2866 6690 

  0x0000028a3a3a3854: ;   {runtime_call UncommonTrapBlob}
  0x0000028a3a3a3854: c5f8 77e8 

  0x0000028a3a3a3858: ; ImmutableOopMap {rbp=Oop [40]=Oop [72]=Oop }
                      ;*invokevirtual getResource {reexecute=0 rethrow=0 return_oop=0}
                      ; - jdk.internal.loader.BuiltinClassLoader::findClassOnClassPathOrNull@19 (line 688)
  0x0000028a3a3a3858: 84e5 4aff 

  0x0000028a3a3a385c: ;   {post_call_nop}
  0x0000028a3a3a385c: 0f1f 8400 | 545a 0051 | ba6e ffff | ff48 8b6c | 2438 4c89 | 4424 2844 | 894c 2430 | 894c 2438 
  0x0000028a3a3a387c: ;   {runtime_call UncommonTrapBlob}
  0x0000028a3a3a387c: c5f8 77e8 

  0x0000028a3a3a3880: ; ImmutableOopMap {rbp=Oop [40]=Oop [48]=NarrowOop [72]=Oop }
                      ;*if_icmpge {reexecute=1 rethrow=0 return_oop=0}
                      ; - (reexecute) java.lang.StringLatin1::replace@19 (line 296)
                      ; - java.lang.String::replace@18 (line 2998)
                      ; - jdk.internal.loader.BuiltinClassLoader::findClassOnClassPathOrNull@5 (line 687)
  0x0000028a3a3a3880: 5ce5 4aff 

  0x0000028a3a3a3884: ;   {post_call_nop}
  0x0000028a3a3a3884: 0f1f 8400 | 7c5a 0052 | bacc ffff | ff4c 8b54 | 2438 4c89 | 5424 204c | 8b54 2448 | 4c89 5424 
  0x0000028a3a3a38a4: 2848 897c | 2430 4489 | 6c24 384c | 895c 2448 | 4c89 7424 | 5066 6690 

  0x0000028a3a3a38bc: ;   {runtime_call UncommonTrapBlob}
  0x0000028a3a3a38bc: c5f8 77e8 

  0x0000028a3a3a38c0: ; ImmutableOopMap {[32]=Oop [40]=Oop [48]=Oop [72]=Oop [80]=Oop }
                      ;*invokestatic arraycopy {reexecute=0 rethrow=0 return_oop=0}
                      ; - java.lang.String::getBytes@22 (line 4797)
                      ; - java.lang.StringConcatHelper::doConcat@37 (line 437)
                      ; - java.lang.String::concat@11 (line 2964)
                      ; - jdk.internal.loader.BuiltinClassLoader::findClassOnClassPathOrNull@10 (line 687)
  0x0000028a3a3a38c0: 1ce5 4aff 

  0x0000028a3a3a38c4: ;   {post_call_nop}
  0x0000028a3a3a38c4: 0f1f 8400 | bc5a 0053 | bacc ffff | ff48 8b6c | 2438 4489 | 6c24 284c | 8974 2438 | 4489 5c24 
  0x0000028a3a3a38e4: 2c66 6690 

  0x0000028a3a3a38e8: ;   {runtime_call UncommonTrapBlob}
  0x0000028a3a3a38e8: c5f8 77e8 

  0x0000028a3a3a38ec: ; ImmutableOopMap {rbp=Oop [56]=Oop [72]=Oop }
                      ;*invokestatic arraycopy {reexecute=0 rethrow=0 return_oop=0}
                      ; - java.lang.String::getBytes@22 (line 4797)
                      ; - java.lang.StringConcatHelper::doConcat@48 (line 438)
                      ; - java.lang.String::concat@11 (line 2964)
                      ; - jdk.internal.loader.BuiltinClassLoader::findClassOnClassPathOrNull@10 (line 687)
  0x0000028a3a3a38ec: f0e4 4aff 

  0x0000028a3a3a38f0: ;   {post_call_nop}
  0x0000028a3a3a38f0: 0f1f 8400 | e85a 0054 | ba45 ffff | ff48 8b6c | 2440 4c8b | 5424 484c | 8954 2420 | 4c8b 5424 
  0x0000028a3a3a3910: 584c 8954 | 2428 895c | 2454 6690 

  0x0000028a3a3a391c: ;   {runtime_call UncommonTrapBlob}
  0x0000028a3a3a391c: c5f8 77e8 

  0x0000028a3a3a3920: ; ImmutableOopMap {rbp=Oop [32]=Oop [40]=Oop [104]=Oop [112]=NarrowOop [128]=Oop }
                      ;*ifeq {reexecute=1 rethrow=0 return_oop=0}
                      ; - (reexecute) java.util.zip.InflaterInputStream::read@47 (line 198)
                      ; - jdk.internal.loader.Resource::getBytes@90 (line 106)
                      ; - jdk.internal.loader.URLClassPath$JarLoader$1::getBytes@1 (line 730)
                      ; - jdk.internal.loader.BuiltinClassLoader::defineClass@84 (line 773)
                      ; - jdk.internal.loader.BuiltinClassLoader::findClassOnClassPathOrNull@30 (line 691)
  0x0000028a3a3a3920: bce4 4aff 

  0x0000028a3a3a3924: ;   {post_call_nop}
  0x0000028a3a3a3924: 0f1f 8400 | 1c5b 0055 | ba6e ffff | ff48 8b6c | 2438 4889 | 4424 2844 | 895c 2434 | 4489 5424 
  0x0000028a3a3a3944: 3c66 6690 

  0x0000028a3a3a3948: ;   {runtime_call UncommonTrapBlob}
  0x0000028a3a3a3948: c5f8 77e8 

  0x0000028a3a3a394c: ; ImmutableOopMap {rbp=Oop [40]=Oop [52]=NarrowOop [72]=Oop [112]=NarrowOop }
                      ;*iflt {reexecute=1 rethrow=0 return_oop=0}
                      ; - (reexecute) java.lang.StringLatin1::lastIndexOf@19 (line 284)
                      ; - java.lang.String::lastIndexOf@13 (line 2638)
                      ; - java.lang.String::lastIndexOf@8 (line 2600)
                      ; - jdk.internal.loader.BuiltinClassLoader::defineClass@8 (line 759)
                      ; - jdk.internal.loader.BuiltinClassLoader::findClassOnClassPathOrNull@30 (line 691)
  0x0000028a3a3a394c: 90e4 4aff 

  0x0000028a3a3a3950: ;   {post_call_nop}
  0x0000028a3a3a3950: 0f1f 8400 | 485b 0056 | bade ffff | ff4c 8b54 | 2448 4c89 | 5424 2048 | 8974 2428 | 4c89 5c24 
  0x0000028a3a3a3970: 4866 6690 

  0x0000028a3a3a3974: ;   {runtime_call UncommonTrapBlob}
  0x0000028a3a3a3974: c5f8 77e8 

  0x0000028a3a3a3978: ; ImmutableOopMap {[32]=Oop [40]=Oop [56]=Oop [72]=Oop [112]=NarrowOop [128]=Oop }
                      ;*invokevirtual defineOrCheckPackage {reexecute=0 rethrow=0 return_oop=0}
                      ; - jdk.internal.loader.BuiltinClassLoader::defineClass@40 (line 763)
                      ; - jdk.internal.loader.BuiltinClassLoader::findClassOnClassPathOrNull@30 (line 691)
  0x0000028a3a3a3978: 64e4 4aff 

  0x0000028a3a3a397c: ;   {post_call_nop}
  0x0000028a3a3a397c: 0f1f 8400 | 745b 0057 | baf6 ffff | ff66 6690 

  0x0000028a3a3a398c: ;   {runtime_call UncommonTrapBlob}
  0x0000028a3a3a398c: c5f8 77e8 

  0x0000028a3a3a3990: ; ImmutableOopMap {}
                      ;*invokevirtual ensureInitialization {reexecute=0 rethrow=0 return_oop=0}
                      ; - java.util.jar.JavaUtilJarAccessImpl::ensureInitialization@1 (line 42)
                      ; - jdk.internal.loader.URLClassPath$JarLoader$1::getManifest@10 (line 720)
                      ; - jdk.internal.loader.BuiltinClassLoader::defineClass@29 (line 762)
                      ; - jdk.internal.loader.BuiltinClassLoader::findClassOnClassPathOrNull@30 (line 691)
  0x0000028a3a3a3990: 4ce4 4aff 

  0x0000028a3a3a3994: ;   {post_call_nop}
  0x0000028a3a3a3994: 0f1f 8400 | 8c5b 0058 | bade ffff | ff48 8b6c | 2438 4c8b | 5c24 484c | 895c 2420 | 4889 7c24 
  0x0000028a3a3a39b4: 4044 8954 | 242c 4489 | 4424 4890 

  0x0000028a3a3a39c0: ;   {runtime_call UncommonTrapBlob}
  0x0000028a3a3a39c0: c5f8 77e8 

  0x0000028a3a3a39c4: ; ImmutableOopMap {rbp=Oop [32]=Oop [44]=NarrowOop [64]=Oop [72]=NarrowOop [112]=NarrowOop [128]=Oop }
                      ;*invokeinterface ensureInitialization {reexecute=0 rethrow=0 return_oop=0}
                      ; - jdk.internal.loader.URLClassPath$JarLoader$1::getManifest@10 (line 720)
                      ; - jdk.internal.loader.BuiltinClassLoader::defineClass@29 (line 762)
                      ; - jdk.internal.loader.BuiltinClassLoader::findClassOnClassPathOrNull@30 (line 691)
  0x0000028a3a3a39c4: 18e4 4aff 

  0x0000028a3a3a39c8: ;   {post_call_nop}
  0x0000028a3a3a39c8: 0f1f 8400 | c05b 0059 | 4c89 5c24 | 5044 8944 | 2434 4889 | 7c24 4048 | 8974 2428 | 4c8b 5424 
  0x0000028a3a3a39e8: 384c 8954 | 2420 488b | 6c24 4849 | 8bd3 4c8d | 8424 1001 | 0000 6690 

  0x0000028a3a3a3a00: ;   {runtime_call C2 Runtime complete_monitor_locking}
  0x0000028a3a3a3a00: c5f8 77e8 

  0x0000028a3a3a3a04: ; ImmutableOopMap {rbp=Oop [32]=Oop [40]=Oop [52]=NarrowOop [64]=Oop [80]=Oop [112]=NarrowOop [128]=Oop }
                      ;*synchronization entry
                      ; - java.util.jar.JarFile::ensureInitialization@-1 (line 1042)
                      ; - java.util.jar.JavaUtilJarAccessImpl::ensureInitialization@1 (line 42)
                      ; - jdk.internal.loader.URLClassPath$JarLoader$1::getManifest@10 (line 720)
                      ; - jdk.internal.loader.BuiltinClassLoader::defineClass@29 (line 762)
                      ; - jdk.internal.loader.BuiltinClassLoader::findClassOnClassPathOrNull@30 (line 691)
  0x0000028a3a3a3a04: 589b 4bff 

  0x0000028a3a3a3a08: ;   {post_call_nop}
  0x0000028a3a3a3a08: 0f1f 8400 | 005c 005a | 4889 6c24 | 484c 8b54 | 2420 4c89 | 5424 3848 | 8b74 2428 | 488b 7c24 
  0x0000028a3a3a3a28: 4044 8b44 | 2434 4c8b | 5c24 50e9 | 56bd ffff | 498b cb48 | 8d94 2410 | 0100 004d | 8bc7 c5f8 
  0x0000028a3a3a3a48: ;   {runtime_call}
  0x0000028a3a3a3a48: 7749 ba70 | f449 e5fe | 7f00 0041 

  0x0000028a3a3a3a54: ;   {post_call_nop}
  0x0000028a3a3a3a54: ffd2 0f1f | 8400 0000 | 0000 e9df | bdff ffba | deff ffff | 4c8b 5424 | 384c 8954 | 2420 4889 
  0x0000028a3a3a3a74: 7c24 4090 

  0x0000028a3a3a3a78: ;   {runtime_call UncommonTrapBlob}
  0x0000028a3a3a3a78: c5f8 77e8 

  0x0000028a3a3a3a7c: ; ImmutableOopMap {rbp=NarrowOop [32]=Oop [64]=Oop [72]=Oop [112]=NarrowOop [128]=Oop }
                      ;*invokevirtual getManifest {reexecute=0 rethrow=0 return_oop=0}
                      ; - jdk.internal.loader.URLClassPath$JarLoader$1::getManifest@22 (line 721)
                      ; - jdk.internal.loader.BuiltinClassLoader::defineClass@29 (line 762)
                      ; - jdk.internal.loader.BuiltinClassLoader::findClassOnClassPathOrNull@30 (line 691)
  0x0000028a3a3a3a7c: 60e3 4aff 

  0x0000028a3a3a3a80: ;   {post_call_nop}
  0x0000028a3a3a3a80: 0f1f 8400 | 785c 005b | bade ffff | ff66 6690 

  0x0000028a3a3a3a90: ;   {runtime_call UncommonTrapBlob}
  0x0000028a3a3a3a90: c5f8 77e8 

  0x0000028a3a3a3a94: ; ImmutableOopMap {rbp=NarrowOop [64]=Oop [72]=Oop [80]=Oop [112]=NarrowOop }
                      ;*invokevirtual getCodeSigners {reexecute=0 rethrow=0 return_oop=0}
                      ; - jdk.internal.loader.URLClassPath$JarLoader$1::getCodeSigners@4 (line 726)
                      ; - jdk.internal.loader.BuiltinClassLoader::defineClass@90 (line 774)
                      ; - jdk.internal.loader.BuiltinClassLoader::findClassOnClassPathOrNull@30 (line 691)
  0x0000028a3a3a3a94: 48e3 4aff 

  0x0000028a3a3a3a98: ;   {post_call_nop}
  0x0000028a3a3a3a98: 0f1f 8400 | 905c 005c | baf6 ffff | ff48 8b6c | 2440 4c8b | 5424 484c | 8954 2420 | 4c8b 5424 
  0x0000028a3a3a3ab8: 5844 8b5c | 2470 4489 | 5c24 304c | 8954 2438 | 4c8b 9424 | 8000 0000 | 4c89 5424 | 4044 8b54 
  0x0000028a3a3a3ad8: 2460 4489 | 5424 3444 | 8b5c 2478 | 4c89 4424 | 5844 895c | 2454 448b | 5c24 7c44 | 895c 2468 
  0x0000028a3a3a3af8: 4c89 4424 | 7066 6690 

  0x0000028a3a3a3b00: ;   {runtime_call UncommonTrapBlob}
  0x0000028a3a3a3b00: c5f8 77e8 

  0x0000028a3a3a3b04: ; ImmutableOopMap {rbp=Oop [32]=Oop [48]=NarrowOop [56]=Oop [64]=Oop [88]=Oop [112]=Oop [144]=NarrowOop [152]=Oop }
                      ;*monitorenter {reexecute=0 rethrow=0 return_oop=0}
                      ; - java.util.zip.ZipFile$ZipFileInputStream::read@7 (line 924)
                      ; - java.util.zip.ZipFile$ZipFileInflaterInputStream::fill@32 (line 449)
                      ; - java.util.zip.InflaterInputStream::read@78 (line 208)
                      ; - jdk.internal.loader.Resource::getBytes@90 (line 106)
                      ; - jdk.internal.loader.URLClassPath$JarLoader$1::getBytes@1 (line 730)
                      ; - jdk.internal.loader.BuiltinClassLoader::defineClass@84 (line 773)
                      ; - jdk.internal.loader.BuiltinClassLoader::findClassOnClassPathOrNull@30 (line 691)
  0x0000028a3a3a3b04: d8e2 4aff 

  0x0000028a3a3a3b08: ;   {post_call_nop}
  0x0000028a3a3a3b08: 0f1f 8400 | 005d 005d | baf6 ffff | ff48 8b6c | 2440 4c8b | 5424 484c | 8954 2420 | 4c8b 5424 
  0x0000028a3a3a3b28: 5844 8b5c | 2470 4489 | 5c24 304c | 8954 2438 | 4c8b 9424 | 8000 0000 | 4c89 5424 | 404c 8b94 
  0x0000028a3a3a3b48: 2488 0000 | 004c 8954 | 2448 448b | 5424 6044 | 8954 2434 | 448b 5c24 | 7844 895c | 2454 448b 
  0x0000028a3a3a3b68: 5c24 7c44 | 895c 2468 | 4c8b 9424 | 9800 0000 | 4c89 9424 | 8000 0000 | 448b 9424 | a000 0000 
  0x0000028a3a3a3b88: 458b da44 | 899c 2488 | 0000 0090 

  0x0000028a3a3a3b94: ;   {runtime_call UncommonTrapBlob}
  0x0000028a3a3a3b94: c5f8 77e8 

  0x0000028a3a3a3b98: ; ImmutableOopMap {rbp=Oop [32]=Oop [48]=NarrowOop [56]=Oop [64]=Oop [72]=Oop [128]=Oop [136]=NarrowOop [144]=NarrowOop [160]=NarrowOop [164]=NarrowOop }
                      ;*monitorenter {reexecute=0 rethrow=0 return_oop=0}
                      ; - java.util.zip.ZipFile$Source::readAt@7 (line 1586)
                      ; - java.util.zip.ZipFile$ZipFileInputStream::read@76 (line 936)
                      ; - java.util.zip.ZipFile$ZipFileInflaterInputStream::fill@32 (line 449)
                      ; - java.util.zip.InflaterInputStream::read@78 (line 208)
                      ; - jdk.internal.loader.Resource::getBytes@90 (line 106)
                      ; - jdk.internal.loader.URLClassPath$JarLoader$1::getBytes@1 (line 730)
                      ; - jdk.internal.loader.BuiltinClassLoader::defineClass@84 (line 773)
                      ; - jdk.internal.loader.BuiltinClassLoader::findClassOnClassPathOrNull@30 (line 691)
  0x0000028a3a3a3b98: 44e2 4aff 

  0x0000028a3a3a3b9c: ;   {post_call_nop}
  0x0000028a3a3a3b9c: 0f1f 8400 | 945d 005e | baf6 ffff | ff48 8b6c | 2440 4c8b | 5424 484c | 8954 2420 | 4c8b 5424 
  0x0000028a3a3a3bbc: 584c 8954 | 2428 448b | 5424 7044 | 8954 2430 | 4c8b 9424 | 8000 0000 | 4c89 5424 | 404c 8b94 
  0x0000028a3a3a3bdc: 2488 0000 | 004c 8954 | 2448 448b | 5c24 6044 | 895c 2434 | 448b 5424 | 7844 8954 | 2450 448b 
  0x0000028a3a3a3bfc: 5424 7c44 | 8954 2468 | 4c8b 9424 | 9800 0000 | 4c89 9424 | 8000 0000 | 448b 9c24 | a000 0000 
  0x0000028a3a3a3c1c: 4489 9c24 | 8800 0000 | 448b 9c24 | a400 0000 | 4489 9c24 | 8c00 0000 | 448b 9424 | b000 0000 
  0x0000028a3a3a3c3c: 4489 9424 | 9800 0000 

  0x0000028a3a3a3c44: ;   {runtime_call UncommonTrapBlob}
  0x0000028a3a3a3c44: c5f8 77e8 

  0x0000028a3a3a3c48: ; ImmutableOopMap {rbp=Oop [32]=Oop [40]=Oop [48]=NarrowOop [64]=Oop [72]=Oop [128]=Oop [136]=NarrowOop [140]=NarrowOop [144]=NarrowOop [152]=NarrowOop }
                      ;*invokevirtual seek {reexecute=0 rethrow=0 return_oop=0}
                      ; - java.util.zip.ZipFile$Source::readAt@14 (line 1587)
                      ; - java.util.zip.ZipFile$ZipFileInputStream::read@76 (line 936)
                      ; - java.util.zip.ZipFile$ZipFileInflaterInputStream::fill@32 (line 449)
                      ; - java.util.zip.InflaterInputStream::read@78 (line 208)
                      ; - jdk.internal.loader.Resource::getBytes@90 (line 106)
                      ; - jdk.internal.loader.URLClassPath$JarLoader$1::getBytes@1 (line 730)
                      ; - jdk.internal.loader.BuiltinClassLoader::defineClass@84 (line 773)
                      ; - jdk.internal.loader.BuiltinClassLoader::findClassOnClassPathOrNull@30 (line 691)
  0x0000028a3a3a3c48: 94e1 4aff 

  0x0000028a3a3a3c4c: ;   {post_call_nop}
  0x0000028a3a3a3c4c: 0f1f 8400 | 445e 005f | baf6 ffff | ff48 8b6c | 2440 4c8b | 5424 484c | 8954 2420 | 4c8b 5424 
  0x0000028a3a3a3c6c: 5844 8b5c | 2470 4489 | 5c24 304c | 8954 2438 | 4c8b 9424 | 8000 0000 | 4c89 5424 | 404c 8b94 
  0x0000028a3a3a3c8c: 2488 0000 | 004c 8954 | 2448 448b | 5424 6044 | 8954 2434 | 448b 5c24 | 6444 895c | 2454 448b 
  0x0000028a3a3a3cac: 5c24 7c44 | 895c 2468 | 4c8b 9424 | 9800 0000 | 4c89 9424 | 8000 0000 | 448b 9424 | a000 0000 
  0x0000028a3a3a3ccc: 458b da44 | 899c 2488 | 0000 0044 | 8b94 24b0 | 0000 0044 | 8994 2498 | 0000 0090 

  0x0000028a3a3a3ce8: ;   {runtime_call UncommonTrapBlob}
  0x0000028a3a3a3ce8: c5f8 77e8 

  0x0000028a3a3a3cec: ; ImmutableOopMap {rbp=Oop [32]=Oop [48]=NarrowOop [56]=Oop [64]=Oop [72]=Oop [128]=Oop [136]=NarrowOop [144]=NarrowOop [152]=NarrowOop [160]=NarrowOop [176]=NarrowOop }
                      ;*invokevirtual read {reexecute=0 rethrow=0 return_oop=0}
                      ; - java.util.zip.ZipFile$Source::readAt@24 (line 1588)
                      ; - java.util.zip.ZipFile$ZipFileInputStream::read@76 (line 936)
                      ; - java.util.zip.ZipFile$ZipFileInflaterInputStream::fill@32 (line 449)
                      ; - java.util.zip.InflaterInputStream::read@78 (line 208)
                      ; - jdk.internal.loader.Resource::getBytes@90 (line 106)
                      ; - jdk.internal.loader.URLClassPath$JarLoader$1::getBytes@1 (line 730)
                      ; - jdk.internal.loader.BuiltinClassLoader::defineClass@84 (line 773)
                      ; - jdk.internal.loader.BuiltinClassLoader::findClassOnClassPathOrNull@30 (line 691)
  0x0000028a3a3a3cec: f0e0 4aff 

  0x0000028a3a3a3cf0: ;   {post_call_nop}
  0x0000028a3a3a3cf0: 0f1f 8400 | e85e 0060 | baf6 ffff | ff48 8b6c | 2440 4c8b | 5424 484c | 8954 2420 | 4c8b 5424 
  0x0000028a3a3a3d10: 5844 8b5c | 2470 4489 | 5c24 304c | 8954 2438 | 4c8b 9424 | 8000 0000 | 4c89 5424 | 4044 8b54 
  0x0000028a3a3a3d30: 2460 4489 | 5424 3444 | 8b5c 2478 | 4c8b 5424 | 684c 8954 | 2458 4489 | 5c24 5490 

  0x0000028a3a3a3d4c: ;   {runtime_call UncommonTrapBlob}
  0x0000028a3a3a3d4c: c5f8 77e8 

  0x0000028a3a3a3d50: ; ImmutableOopMap {rbp=Oop [32]=Oop [48]=NarrowOop [56]=Oop [64]=Oop [88]=Oop [136]=NarrowOop [140]=NarrowOop }
                      ;*monitorenter {reexecute=0 rethrow=0 return_oop=0}
                      ; - java.util.zip.Inflater::setInput@18 (line 135)
                      ; - java.util.zip.ZipFile$ZipFileInflaterInputStream::fill@76 (line 455)
                      ; - java.util.zip.InflaterInputStream::read@78 (line 208)
                      ; - jdk.internal.loader.Resource::getBytes@90 (line 106)
                      ; - jdk.internal.loader.URLClassPath$JarLoader$1::getBytes@1 (line 730)
                      ; - jdk.internal.loader.BuiltinClassLoader::defineClass@84 (line 773)
                      ; - jdk.internal.loader.BuiltinClassLoader::findClassOnClassPathOrNull@30 (line 691)
  0x0000028a3a3a3d50: 8ce0 4aff 

  0x0000028a3a3a3d54: ;   {post_call_nop}
  0x0000028a3a3a3d54: 0f1f 8400 | 4c5f 0061 | baf6 ffff | ff48 8b6c | 2440 4c8b | 5424 484c | 8954 2420 | 4c8b 5424 
  0x0000028a3a3a3d74: 5844 8b5c | 2470 4489 | 5c24 304c | 8954 2438 | 4c8b 9424 | 8000 0000 | 4c89 5424 | 404c 8b94 
  0x0000028a3a3a3d94: 2488 0000 | 004c 8954 | 2448 448b | 5c24 6044 | 895c 2434 | 448b 5424 | 7844 8954 | 2450 448b 
  0x0000028a3a3a3db4: 5424 7c44 | 8954 2468 | 448b 9c24 | 9000 0000 | 4489 5c24 | 6c44 8b94 | 2494 0000 | 0044 8994 
  0x0000028a3a3a3dd4: 2488 0000 | 0044 8b9c | 24a0 0000 | 0044 899c | 2490 0000 | 0044 8b9c | 24a4 0000 | 0044 899c 
  0x0000028a3a3a3df4: 2494 0000 | 0048 8984 | 24a0 0000 | 0066 6690 

  0x0000028a3a3a3e04: ;   {runtime_call UncommonTrapBlob}
  0x0000028a3a3a3e04: c5f8 77e8 

  0x0000028a3a3a3e08: ; ImmutableOopMap {rbp=Oop [32]=Oop [48]=NarrowOop [56]=Oop [64]=Oop [72]=Oop [108]=NarrowOop [144]=NarrowOop [148]=NarrowOop [152]=Oop [160]=Oop [168]=Oop }
                      ;*monitorenter {reexecute=0 rethrow=0 return_oop=0}
                      ; - java.util.zip.ZipFile$Source::readFullyAt@7 (line 1570)
                      ; - java.util.zip.ZipFile$ZipFileInputStream::initDataOffset@41 (line 910)
                      ; - java.util.zip.ZipFile$ZipFileInputStream::read@16 (line 926)
                      ; - java.util.zip.ZipFile$ZipFileInflaterInputStream::fill@32 (line 449)
                      ; - java.util.zip.InflaterInputStream::read@78 (line 208)
                      ; - jdk.internal.loader.Resource::getBytes@90 (line 106)
                      ; - jdk.internal.loader.URLClassPath$JarLoader$1::getBytes@1 (line 730)
                      ; - jdk.internal.loader.BuiltinClassLoader::defineClass@84 (line 773)
                      ; - jdk.internal.loader.BuiltinClassLoader::findClassOnClassPathOrNull@30 (line 691)
  0x0000028a3a3a3e08: d4df 4aff 

  0x0000028a3a3a3e0c: ;   {post_call_nop}
  0x0000028a3a3a3e0c: 0f1f 8400 | 0460 0062 | baf6 ffff | ff48 8b6c | 2440 4c8b | 5424 484c | 8954 2420 | 4c8b 5424 
  0x0000028a3a3a3e2c: 584c 8954 | 2428 448b | 5424 7044 | 8954 2430 | 4c8b 9424 | 8000 0000 | 4c89 5424 | 404c 8b94 
  0x0000028a3a3a3e4c: 2488 0000 | 004c 8954 | 2448 448b | 5c24 6044 | 895c 2434 | 448b 5424 | 7844 8954 | 2450 448b 
  0x0000028a3a3a3e6c: 5424 7c44 | 8954 2468 | 448b 9c24 | 9000 0000 | 4489 5c24 | 6c44 8b94 | 2494 0000 | 0044 8994 
  0x0000028a3a3a3e8c: 2488 0000 | 0044 8b9c | 24a0 0000 | 0044 899c | 2490 0000 | 0044 8b9c | 24a4 0000 | 0044 899c 
  0x0000028a3a3a3eac: 2494 0000 | 004c 8b94 | 24a8 0000 | 004c 8994 | 24a0 0000 | 0066 6690 

  0x0000028a3a3a3ec4: ;   {runtime_call UncommonTrapBlob}
  0x0000028a3a3a3ec4: c5f8 77e8 

  0x0000028a3a3a3ec8: ; ImmutableOopMap {rbp=Oop [32]=Oop [40]=Oop [48]=NarrowOop [64]=Oop [72]=Oop [108]=NarrowOop [144]=NarrowOop [148]=NarrowOop [152]=Oop [160]=Oop [168]=Oop [184]=NarrowOop }
                      ;*invokevirtual seek {reexecute=0 rethrow=0 return_oop=0}
                      ; - java.util.zip.ZipFile$Source::readFullyAt@14 (line 1571)
                      ; - java.util.zip.ZipFile$ZipFileInputStream::initDataOffset@41 (line 910)
                      ; - java.util.zip.ZipFile$ZipFileInputStream::read@16 (line 926)
                      ; - java.util.zip.ZipFile$ZipFileInflaterInputStream::fill@32 (line 449)
                      ; - java.util.zip.InflaterInputStream::read@78 (line 208)
                      ; - jdk.internal.loader.Resource::getBytes@90 (line 106)
                      ; - jdk.internal.loader.URLClassPath$JarLoader$1::getBytes@1 (line 730)
                      ; - jdk.internal.loader.BuiltinClassLoader::defineClass@84 (line 773)
                      ; - jdk.internal.loader.BuiltinClassLoader::findClassOnClassPathOrNull@30 (line 691)
  0x0000028a3a3a3ec8: 14df 4aff 

  0x0000028a3a3a3ecc: ;   {post_call_nop}
  0x0000028a3a3a3ecc: 0f1f 8400 | c460 0063 | baf6 ffff | ff48 8b6c | 2440 4c8b | 5424 484c | 8954 2420 | 4c8b 5424 
  0x0000028a3a3a3eec: 5844 8b5c | 2470 4489 | 5c24 304c | 8954 2438 | 4c8b 9424 | 8000 0000 | 4c89 5424 | 404c 8b94 
  0x0000028a3a3a3f0c: 2488 0000 | 004c 8954 | 2448 448b | 5424 6044 | 8954 2434 | 448b 5c24 | 6444 895c | 2454 448b 
  0x0000028a3a3a3f2c: 5c24 7c44 | 895c 2468 | 448b 9424 | 9000 0000 | 4489 5424 | 6c44 8b9c | 2494 0000 | 0044 899c 
  0x0000028a3a3a3f4c: 2488 0000 | 0044 8b94 | 24a0 0000 | 0045 8bda | 4489 9c24 | 9000 0000 | 448b 9424 | a400 0000 
  0x0000028a3a3a3f6c: 4489 9424 | 9400 0000 | 4c8b 9424 | a800 0000 | 4c89 9424 | a000 0000 | 448b 9c24 | b800 0000 
  0x0000028a3a3a3f8c: 4489 9c24 | b400 0000 

  0x0000028a3a3a3f94: ;   {runtime_call UncommonTrapBlob}
  0x0000028a3a3a3f94: c5f8 77e8 

  0x0000028a3a3a3f98: ; ImmutableOopMap {rbp=Oop [32]=Oop [48]=NarrowOop [56]=Oop [64]=Oop [72]=Oop [108]=NarrowOop [144]=NarrowOop [148]=NarrowOop [152]=Oop [160]=Oop [168]=Oop [180]=NarrowOop [184]=NarrowOop }
                      ;*invokevirtual readFully {reexecute=0 rethrow=0 return_oop=0}
                      ; - java.util.zip.ZipFile$Source::readFullyAt@43 (line 1575)
                      ; - java.util.zip.ZipFile$ZipFileInputStream::initDataOffset@41 (line 910)
                      ; - java.util.zip.ZipFile$ZipFileInputStream::read@16 (line 926)
                      ; - java.util.zip.ZipFile$ZipFileInflaterInputStream::fill@32 (line 449)
                      ; - java.util.zip.InflaterInputStream::read@78 (line 208)
                      ; - jdk.internal.loader.Resource::getBytes@90 (line 106)
                      ; - jdk.internal.loader.URLClassPath$JarLoader$1::getBytes@1 (line 730)
                      ; - jdk.internal.loader.BuiltinClassLoader::defineClass@84 (line 773)
                      ; - jdk.internal.loader.BuiltinClassLoader::findClassOnClassPathOrNull@30 (line 691)
  0x0000028a3a3a3f98: 44de 4aff 

  0x0000028a3a3a3f9c: ;   {post_call_nop}
  0x0000028a3a3a3f9c: 0f1f 8400 | 9461 0064 | bae4 ffff | ff4c 8b54 | 2440 4c89 | 5424 204c | 8b54 2448 | 4c89 5424 
  0x0000028a3a3a3fbc: 2848 8974 | 2440 4889 | 7c24 5044 | 8944 2458 

  0x0000028a3a3a3fcc: ;   {runtime_call UncommonTrapBlob}
  0x0000028a3a3a3fcc: c5f8 77e8 

  0x0000028a3a3a3fd0: ; ImmutableOopMap {[32]=Oop [40]=Oop [64]=Oop [80]=Oop [112]=NarrowOop }
                      ;*invokestatic checkIndex {reexecute=0 rethrow=0 return_oop=0}
                      ; - java.util.zip.CRC32::updateBytesCheck@30 (line 152)
                      ; - java.util.zip.CRC32::updateBytes@3 (line 138)
                      ; - java.util.zip.CRC32::update@31 (line 78)
                      ; - java.util.zip.Checksum::update@5 (line 58)
                      ; - jdk.internal.loader.URLClassPath$JarLoader$1::getBytes@15 (line 732)
                      ; - jdk.internal.loader.BuiltinClassLoader::defineClass@84 (line 773)
                      ; - jdk.internal.loader.BuiltinClassLoader::findClassOnClassPathOrNull@30 (line 691)
  0x0000028a3a3a3fd0: 0cde 4aff 

  0x0000028a3a3a3fd4: ;   {post_call_nop}
  0x0000028a3a3a3fd4: 0f1f 8400 | cc61 0065 | bade ffff | ff48 8b6c | 2440 4c8b | 5424 484c | 8954 2420 | 4c8b 5424 
  0x0000028a3a3a3ff4: 584c 8954 | 2428 448b | 5424 7044 | 8954 2430 | 4c8b 9424 | 8000 0000 | 4c89 5424 | 4044 8b5c 
  0x0000028a3a3a4014: 2460 4489 | 5c24 3444 | 8b54 2478 | 4489 5424 | 504c 8944 | 2458 448b | 5424 7c44 | 8954 2468 
  0x0000028a3a3a4034: 4c89 4424 | 7044 894c | 246c 6690 

  0x0000028a3a3a4040: ;   {runtime_call UncommonTrapBlob}
  0x0000028a3a3a4040: c5f8 77e8 

  0x0000028a3a3a4044: ; ImmutableOopMap {rbp=Oop [32]=Oop [40]=Oop [48]=NarrowOop [64]=Oop [88]=Oop [108]=NarrowOop [112]=Oop [144]=NarrowOop }
                      ;*invokevirtual read {reexecute=0 rethrow=0 return_oop=0}
                      ; - java.util.zip.ZipFile$ZipFileInflaterInputStream::fill@32 (line 449)
                      ; - java.util.zip.InflaterInputStream::read@78 (line 208)
                      ; - jdk.internal.loader.Resource::getBytes@90 (line 106)
                      ; - jdk.internal.loader.URLClassPath$JarLoader$1::getBytes@1 (line 730)
                      ; - jdk.internal.loader.BuiltinClassLoader::defineClass@84 (line 773)
                      ; - jdk.internal.loader.BuiltinClassLoader::findClassOnClassPathOrNull@30 (line 691)
  0x0000028a3a3a4044: 98dd 4aff 

  0x0000028a3a3a4048: ;   {post_call_nop}
  0x0000028a3a3a4048: 0f1f 8400 | 4062 0066 | 498b d34c | 8d84 2410 | 0100 0048 | 8b6c 2440 

  0x0000028a3a3a4060: ;   {runtime_call C2 Runtime complete_monitor_locking}
  0x0000028a3a3a4060: c5f8 77e8 

  0x0000028a3a3a4064: ; ImmutableOopMap {rbp=Oop [40]=Oop [48]=Oop [56]=Oop [64]=Oop [72]=Oop [80]=Oop [88]=Oop [112]=NarrowOop [128]=Oop [136]=Oop [144]=NarrowOop [152]=Oop [160]=NarrowOop }
                      ;*monitorenter {reexecute=0 rethrow=0 return_oop=0}
                      ; - java.util.zip.ZipFile$ZipFileInputStream::read@7 (line 924)
                      ; - java.util.zip.ZipFile$ZipFileInflaterInputStream::fill@32 (line 449)
                      ; - java.util.zip.InflaterInputStream::read@78 (line 208)
                      ; - jdk.internal.loader.Resource::getBytes@90 (line 106)
                      ; - jdk.internal.loader.URLClassPath$JarLoader$1::getBytes@1 (line 730)
                      ; - jdk.internal.loader.BuiltinClassLoader::defineClass@84 (line 773)
                      ; - jdk.internal.loader.BuiltinClassLoader::findClassOnClassPathOrNull@30 (line 691)
  0x0000028a3a3a4064: f894 4bff 

  0x0000028a3a3a4068: ;   {post_call_nop}
  0x0000028a3a3a4068: 0f1f 8400 | 6062 0067 | e978 a6ff | ff49 8bd3 | 4c8d 8424 | 1801 0000 

  0x0000028a3a3a4080: ;   {runtime_call C2 Runtime complete_monitor_locking}
  0x0000028a3a3a4080: c5f8 77e8 

  0x0000028a3a3a4084: ; ImmutableOopMap {rbp=Oop [40]=Oop [48]=Oop [56]=Oop [64]=Oop [72]=Oop [80]=Oop [88]=Oop [104]=Oop [112]=NarrowOop [128]=Oop [136]=Oop [144]=NarrowOop [152]=Oop [160]=NarrowOop [164]=NarrowOop [176]=NarrowOop }
                      ;*monitorenter {reexecute=0 rethrow=0 return_oop=0}
                      ; - java.util.zip.ZipFile$Source::readAt@7 (line 1586)
                      ; - java.util.zip.ZipFile$ZipFileInputStream::read@76 (line 936)
                      ; - java.util.zip.ZipFile$ZipFileInflaterInputStream::fill@32 (line 449)
                      ; - java.util.zip.InflaterInputStream::read@78 (line 208)
                      ; - jdk.internal.loader.Resource::getBytes@90 (line 106)
                      ; - jdk.internal.loader.URLClassPath$JarLoader$1::getBytes@1 (line 730)
                      ; - jdk.internal.loader.BuiltinClassLoader::defineClass@84 (line 773)
                      ; - jdk.internal.loader.BuiltinClassLoader::findClassOnClassPathOrNull@30 (line 691)
  0x0000028a3a3a4084: d894 4bff 

  0x0000028a3a3a4088: ;   {post_call_nop}
  0x0000028a3a3a4088: 0f1f 8400 | 8062 0068 | e982 aaff | ff48 8bcd | 488d 9424 | 1801 0000 | 4d8b c7c5 

  0x0000028a3a3a40a4: ;   {runtime_call}
  0x0000028a3a3a40a4: f877 49ba | 70f4 49e5 | fe7f 0000 

  0x0000028a3a3a40b0: ;   {post_call_nop}
  0x0000028a3a3a40b0: 41ff d20f | 1f84 0000 | 0000 00e9 | a4ab ffff | 498b cb48 | 8d94 2410 | 0100 004d | 8bc7 c5f8 
  0x0000028a3a3a40d0: ;   {runtime_call}
  0x0000028a3a3a40d0: 7749 ba70 | f449 e5fe | 7f00 0041 

  0x0000028a3a3a40dc: ;   {post_call_nop}
  0x0000028a3a3a40dc: ffd2 0f1f | 8400 0000 | 0000 e951 | acff ff49 | 8bcb 488d | 9424 1001 | 0000 4d8b | c7c5 f877 
  0x0000028a3a3a40fc: ;   {runtime_call}
  0x0000028a3a3a40fc: 49ba 70f4 | 49e5 fe7f | 0000 41ff 

  0x0000028a3a3a4108: ;   {post_call_nop}
  0x0000028a3a3a4108: d20f 1f84 | 0000 0000 | 00e9 77b1 | ffff 448b | 9424 8c00 | 0000 49c1 | e203 448b | 8424 8800 
  0x0000028a3a3a4128: 0000 4b8d | 2cc4 498b | d34c 8d84 | 2410 0100 | 004c 8994 | 24b0 0000 | 0066 6690 

  0x0000028a3a3a4144: ;   {runtime_call C2 Runtime complete_monitor_locking}
  0x0000028a3a3a4144: c5f8 77e8 

  0x0000028a3a3a4148: ; ImmutableOopMap {rbp=Oop [40]=Oop [48]=Oop [64]=Oop [72]=Oop [80]=Oop [88]=Oop [104]=Oop [112]=NarrowOop [128]=Oop [136]=NarrowOop [140]=NarrowOop [176]=Oop }
                      ;*monitorenter {reexecute=0 rethrow=0 return_oop=0}
                      ; - java.util.zip.Inflater::setInput@18 (line 135)
                      ; - java.util.zip.ZipFile$ZipFileInflaterInputStream::fill@76 (line 455)
                      ; - java.util.zip.InflaterInputStream::read@78 (line 208)
                      ; - jdk.internal.loader.Resource::getBytes@90 (line 106)
                      ; - jdk.internal.loader.URLClassPath$JarLoader$1::getBytes@1 (line 730)
                      ; - jdk.internal.loader.BuiltinClassLoader::defineClass@84 (line 773)
                      ; - jdk.internal.loader.BuiltinClassLoader::findClassOnClassPathOrNull@30 (line 691)
  0x0000028a3a3a4148: 1494 4bff 

  0x0000028a3a3a414c: ;   {post_call_nop}
  0x0000028a3a3a414c: 0f1f 8400 | 4463 0069 | e913 b0ff | ff49 8bd3 | 4c8d 8424 | 1801 0000 | 488b 6c24 | 4066 6690 
  0x0000028a3a3a416c: ;   {runtime_call C2 Runtime complete_monitor_locking}
  0x0000028a3a3a416c: c5f8 77e8 

  0x0000028a3a3a4170: ; ImmutableOopMap {rbp=Oop [40]=Oop [48]=Oop [56]=Oop [64]=Oop [72]=Oop [80]=Oop [88]=Oop [104]=Oop [112]=NarrowOop [128]=Oop [136]=Oop [144]=NarrowOop [152]=Oop [160]=NarrowOop [164]=NarrowOop [168]=Oop [184]=NarrowOop [192]=Oop }
                      ;*monitorenter {reexecute=0 rethrow=0 return_oop=0}
                      ; - java.util.zip.ZipFile$Source::readFullyAt@7 (line 1570)
                      ; - java.util.zip.ZipFile$ZipFileInputStream::initDataOffset@41 (line 910)
                      ; - java.util.zip.ZipFile$ZipFileInputStream::read@16 (line 926)
                      ; - java.util.zip.ZipFile$ZipFileInflaterInputStream::fill@32 (line 449)
                      ; - java.util.zip.InflaterInputStream::read@78 (line 208)
                      ; - jdk.internal.loader.Resource::getBytes@90 (line 106)
                      ; - jdk.internal.loader.URLClassPath$JarLoader$1::getBytes@1 (line 730)
                      ; - jdk.internal.loader.BuiltinClassLoader::defineClass@84 (line 773)
                      ; - jdk.internal.loader.BuiltinClassLoader::findClassOnClassPathOrNull@30 (line 691)
  0x0000028a3a3a4170: ec93 4bff 

  0x0000028a3a3a4174: ;   {post_call_nop}
  0x0000028a3a3a4174: 0f1f 8400 | 6c63 006a | e9e0 a6ff | ff49 8bcb | 488d 9424 | 1801 0000 | 4d8b c7c5 

  0x0000028a3a3a4190: ;   {runtime_call}
  0x0000028a3a3a4190: f877 49ba | 70f4 49e5 | fe7f 0000 

  0x0000028a3a3a419c: ;   {post_call_nop}
  0x0000028a3a3a419c: 41ff d20f | 1f84 0000 | 0000 00e9 | 1aa8 ffff | 33ed 453b | d040 0f9c | c5ba 45ff | ffff 4c8b 
  0x0000028a3a3a41bc: 5424 404c | 8954 2420 | 4c8b 5424 | 484c 8954 | 2428 4c8b | 5424 5844 | 8b5c 2470 | 4489 5c24 
  0x0000028a3a3a41dc: 384c 8954 | 2440 4c8b | 9424 8000 | 0000 4c89 | 5424 4844 | 8b54 2460 | 4489 5424 | 3c44 8b5c 
  0x0000028a3a3a41fc: 2478 4c8b | 5424 684c | 8954 2460 | 4489 5c24 | 5c44 8b9c | 2488 0000 | 0045 8bd3 | 4489 5424 
  0x0000028a3a3a421c: 7866 6690 

  0x0000028a3a3a4220: ;   {runtime_call UncommonTrapBlob}
  0x0000028a3a3a4220: c5f8 77e8 

  0x0000028a3a3a4224: ; ImmutableOopMap {[32]=Oop [40]=Oop [56]=NarrowOop [64]=Oop [72]=Oop [96]=Oop [120]=NarrowOop [136]=NarrowOop }
                      ;*ifne {reexecute=1 rethrow=0 return_oop=0}
                      ; - (reexecute) java.util.zip.Inflater::needsInput@39 (line 283)
                      ; - java.util.zip.InflaterInputStream::read@61 (line 202)
                      ; - jdk.internal.loader.Resource::getBytes@90 (line 106)
                      ; - jdk.internal.loader.URLClassPath$JarLoader$1::getBytes@1 (line 730)
                      ; - jdk.internal.loader.BuiltinClassLoader::defineClass@84 (line 773)
                      ; - jdk.internal.loader.BuiltinClassLoader::findClassOnClassPathOrNull@30 (line 691)
  0x0000028a3a3a4224: b8db 4aff 

  0x0000028a3a3a4228: ;   {post_call_nop}
  0x0000028a3a3a4228: 0f1f 8400 | 2064 006b | 448b d1e9 | 6ba3 ffff | ba6e ffff | ff4c 8b54 | 2438 4c89 | 5424 204c 
  0x0000028a3a3a4248: 8b54 2448 | 4c89 5424 | 3044 894c | 2438 4c89 | 5c24 4089 | 4c24 4c90 

  0x0000028a3a3a4260: ;   {runtime_call UncommonTrapBlob}
  0x0000028a3a3a4260: c5f8 77e8 

  0x0000028a3a3a4264: ; ImmutableOopMap {[32]=Oop [48]=Oop [56]=NarrowOop [64]=Oop }
                      ;*if_icmpge {reexecute=1 rethrow=0 return_oop=0}
                      ; - (reexecute) java.lang.StringLatin1::replace@81 (line 307)
                      ; - java.lang.String::replace@18 (line 2998)
                      ; - jdk.internal.loader.BuiltinClassLoader::findClassOnClassPathOrNull@5 (line 687)
  0x0000028a3a3a4264: 78db 4aff 

  0x0000028a3a3a4268: ;   {post_call_nop}
  0x0000028a3a3a4268: 0f1f 8400 | 6064 006c 

  0x0000028a3a3a4270: ;   {metadata('java/util/jar/Manifest')}
  0x0000028a3a3a4270: 48ba 50bc | 1c8d 0000 | 0000 6690 

  0x0000028a3a3a427c: ;   {runtime_call C2 Runtime new_instance}
  0x0000028a3a3a427c: c5f8 77e8 

  0x0000028a3a3a4280: ; ImmutableOopMap {rbp=Oop [32]=Oop [40]=Oop [48]=Oop [64]=NarrowOop [72]=Oop [80]=Oop [112]=NarrowOop [128]=Oop }
                      ;*new {reexecute=0 rethrow=0 return_oop=1}
                      ; - java.util.jar.JarFile::getManifestFromReference@134 (line 420)
                      ; - java.util.jar.JarFile::getManifest@1 (line 393)
                      ; - jdk.internal.loader.URLClassPath$JarLoader$1::getManifest@22 (line 721)
                      ; - jdk.internal.loader.BuiltinClassLoader::defineClass@29 (line 762)
                      ; - jdk.internal.loader.BuiltinClassLoader::findClassOnClassPathOrNull@30 (line 691)
  0x0000028a3a3a4280: 5c1a 4bff 

  0x0000028a3a3a4284: ;   {post_call_nop}
  0x0000028a3a3a4284: 0f1f 8400 | 7c64 006d | e9f8 dcff | ff89 4c24 | 444c 895c | 2458 4c89 

  0x0000028a3a3a429c: ;   {metadata('java/util/jar/Attributes')}
  0x0000028a3a3a429c: 4424 3848 | baf8 552a | 8d00 0000 | 0048 8b6c | 2420 6690 

  0x0000028a3a3a42b0: ;   {runtime_call C2 Runtime new_instance}
  0x0000028a3a3a42b0: c5f8 77e8 

  0x0000028a3a3a42b4: ; ImmutableOopMap {rbp=Oop [32]=Oop [40]=Oop [48]=Oop [56]=Oop [64]=NarrowOop [68]=NarrowOop [72]=Oop [80]=Oop [88]=Oop [128]=Oop }
                      ;*new {reexecute=0 rethrow=0 return_oop=1}
                      ; - java.util.jar.Manifest::<init>@5 (line 58)
                      ; - java.util.jar.Manifest::<init>@4 (line 93)
                      ; - java.util.jar.JarFile::getManifestFromReference@143 (line 420)
                      ; - java.util.jar.JarFile::getManifest@1 (line 393)
                      ; - jdk.internal.loader.URLClassPath$JarLoader$1::getManifest@22 (line 721)
                      ; - jdk.internal.loader.BuiltinClassLoader::defineClass@29 (line 762)
                      ; - jdk.internal.loader.BuiltinClassLoader::findClassOnClassPathOrNull@30 (line 691)
  0x0000028a3a3a42b4: 281a 4bff 

  0x0000028a3a3a42b8: ;   {post_call_nop}
  0x0000028a3a3a42b8: 0f1f 8400 | b064 006e | 488b e8e9 | 16dd ffff 

  0x0000028a3a3a42c8: ;   {metadata('java/util/HashMap')}
  0x0000028a3a3a42c8: 48ba 0804 | 208d 0000 | 0000 488b | 6c24 2090 

  0x0000028a3a3a42d8: ;   {runtime_call C2 Runtime new_instance}
  0x0000028a3a3a42d8: c5f8 77e8 

  0x0000028a3a3a42dc: ; ImmutableOopMap {rbp=Oop [32]=Oop [40]=Oop [48]=Oop [56]=Oop [64]=NarrowOop [68]=NarrowOop [72]=Oop [80]=Oop [88]=Oop [128]=Oop }
                      ;*new {reexecute=0 rethrow=0 return_oop=1}
                      ; - java.util.jar.Manifest::<init>@16 (line 61)
                      ; - java.util.jar.Manifest::<init>@4 (line 93)
                      ; - java.util.jar.JarFile::getManifestFromReference@143 (line 420)
                      ; - java.util.jar.JarFile::getManifest@1 (line 393)
                      ; - jdk.internal.loader.URLClassPath$JarLoader$1::getManifest@22 (line 721)
                      ; - jdk.internal.loader.BuiltinClassLoader::defineClass@29 (line 762)
                      ; - jdk.internal.loader.BuiltinClassLoader::findClassOnClassPathOrNull@30 (line 691)
  0x0000028a3a3a42dc: 001a 4bff 

  0x0000028a3a3a42e0: ;   {post_call_nop}
  0x0000028a3a3a42e0: 0f1f 8400 | d864 006f | e9ef ddff 

  0x0000028a3a3a42ec: ;   {metadata('java/lang/ref/SoftReference')}
  0x0000028a3a3a42ec: ff48 ba50 | 6a1b 8d00 | 0000 004c | 8b54 2450 | 4c89 5424 | 4866 6690 

  0x0000028a3a3a4304: ;   {runtime_call C2 Runtime new_instance}
  0x0000028a3a3a4304: c5f8 77e8 

  0x0000028a3a3a4308: ; ImmutableOopMap {rbp=Oop [32]=Oop [40]=Oop [48]=Oop [56]=Oop [64]=NarrowOop [72]=Oop [128]=Oop }
                      ;*new {reexecute=0 rethrow=0 return_oop=1}
                      ; - java.util.jar.JarFile::getManifestFromReference@184 (line 423)
                      ; - java.util.jar.JarFile::getManifest@1 (line 393)
                      ; - jdk.internal.loader.URLClassPath$JarLoader$1::getManifest@22 (line 721)
                      ; - jdk.internal.loader.BuiltinClassLoader::defineClass@29 (line 762)
                      ; - jdk.internal.loader.BuiltinClassLoader::findClassOnClassPathOrNull@30 (line 691)
  0x0000028a3a3a4308: d419 4bff 

  0x0000028a3a3a430c: ;   {post_call_nop}
  0x0000028a3a3a430c: 0f1f 8400 | 0465 0070 | e9cf deff | ff49 83c3 | fe49 8bcb | 488b fa48 | 33c0 4883 | f908 7f10 
  0x0000028a3a3a432c: 48ff c978 | 4f48 8904 | cf48 ffc9 | 7df7 eb44 | c5fd efc0 | e90d 0000 | 00c5 fe7f | 07c5 fe7f 
  0x0000028a3a3a434c: 4720 4883 | c740 4883 | e908 7ded | 4883 c104 | 7c0c c5fe | 7f07 4883 | c720 4883 | e904 4883 
  0x0000028a3a3a436c: c104 7e10 | 48ff c9c5 | f9d6 0748 | 83c7 0848 | ffc9 7df3 | e9f0 b2ff | ffba ccff | ffff 488b 
  0x0000028a3a3a438c: 6c24 384c | 8b44 2448 | 4c89 4424 | 2048 8974 | 2428 4889 | 5c24 4044 | 895c 2434 | 4489 5424 
  0x0000028a3a3a43ac: 4c66 6690 

  0x0000028a3a3a43b0: ;   {runtime_call UncommonTrapBlob}
  0x0000028a3a3a43b0: c5f8 77e8 

  0x0000028a3a3a43b4: ; ImmutableOopMap {rbp=Oop [32]=Oop [40]=Oop [52]=NarrowOop [64]=Oop [112]=NarrowOop }
                      ;*newarray {reexecute=1 rethrow=0 return_oop=0}
                      ; - (reexecute) java.util.Arrays::copyOfRange@59 (line 3849)
                      ; - java.lang.StringLatin1::newString@16 (line 760)
                      ; - java.lang.String::substring@41 (line 2904)
                      ; - jdk.internal.loader.BuiltinClassLoader::defineClass@23 (line 761)
                      ; - jdk.internal.loader.BuiltinClassLoader::findClassOnClassPathOrNull@30 (line 691)
  0x0000028a3a3a43b4: 28da 4aff 

  0x0000028a3a3a43b8: ;   {post_call_nop}
  0x0000028a3a3a43b8: 0f1f 8400 | b065 0071 | ba6e ffff | ff4c 8b54 | 2438 4c89 | 5424 204c | 8b54 2448 | 4c89 5424 
  0x0000028a3a3a43d8: 3044 894c | 2438 894c | 243c 4c89 | 5c24 4090 

  0x0000028a3a3a43e8: ;   {runtime_call UncommonTrapBlob}
  0x0000028a3a3a43e8: c5f8 77e8 

  0x0000028a3a3a43ec: ; ImmutableOopMap {[32]=Oop [48]=Oop [56]=NarrowOop [64]=Oop }
                      ;*if_icmpge {reexecute=1 rethrow=0 return_oop=0}
                      ; - (reexecute) java.lang.StringLatin1::replace@60 (line 304)
                      ; - java.lang.String::replace@18 (line 2998)
                      ; - jdk.internal.loader.BuiltinClassLoader::findClassOnClassPathOrNull@5 (line 687)
  0x0000028a3a3a43ec: f0d9 4aff 

  0x0000028a3a3a43f0: ;   {post_call_nop}
  0x0000028a3a3a43f0: 0f1f 8400 | e865 0072 | 41b8 0100 | 0000 e92e | 9dff ff33 | ed45 85ed | 400f 94c5 | ba45 ffff 
  0x0000028a3a3a4410: ff4c 8944 | 2430 6690 

  0x0000028a3a3a4418: ;   {runtime_call UncommonTrapBlob}
  0x0000028a3a3a4418: c5f8 77e8 

  0x0000028a3a3a441c: ; ImmutableOopMap {[48]=Oop [56]=Oop [72]=Oop }
                      ;*ifeq {reexecute=1 rethrow=0 return_oop=0}
                      ; - (reexecute) java.lang.String::replace@9 (line 2998)
                      ; - jdk.internal.loader.BuiltinClassLoader::findClassOnClassPathOrNull@5 (line 687)
  0x0000028a3a3a441c: c0d9 4aff 

  0x0000028a3a3a4420: ;   {post_call_nop}
  0x0000028a3a3a4420: 0f1f 8400 | 1866 0073 | ba45 ffff | ff48 8b6c | 2438 4889 | 7c24 2844 | 896c 2430 | 4489 4424 
  0x0000028a3a3a4440: 3466 6690 

  0x0000028a3a3a4444: ;   {runtime_call UncommonTrapBlob}
  0x0000028a3a3a4444: c5f8 77e8 

  0x0000028a3a3a4448: ; ImmutableOopMap {rbp=Oop [40]=Oop [72]=Oop }
                      ;*iflt {reexecute=1 rethrow=0 return_oop=0}
                      ; - (reexecute) java.lang.StringConcatHelper::checkOverflow@1 (line 784)
                      ; - java.lang.StringConcatHelper::doConcat@20 (line 435)
                      ; - java.lang.String::concat@11 (line 2964)
                      ; - jdk.internal.loader.BuiltinClassLoader::findClassOnClassPathOrNull@10 (line 687)
  0x0000028a3a3a4448: 94d9 4aff 

  0x0000028a3a3a444c: ;   {post_call_nop}
  0x0000028a3a3a444c: 0f1f 8400 | 4466 0074 | 33ed 85ff | 400f 94c5 | ba45 ffff | ff4c 8b54 | 2438 4c89 | 5424 204c 
  0x0000028a3a3a446c: 8b54 2448 | 4889 4424 | 304c 8954 | 2440 4489 | 4c24 3c90 

  0x0000028a3a3a4480: ;   {runtime_call UncommonTrapBlob}
  0x0000028a3a3a4480: c5f8 77e8 

  0x0000028a3a3a4484: ; ImmutableOopMap {[32]=Oop [48]=Oop [64]=Oop [72]=Oop [112]=NarrowOop }
                      ;*ifeq {reexecute=1 rethrow=0 return_oop=0}
                      ; - (reexecute) java.lang.String::lastIndexOf@4 (line 2638)
                      ; - java.lang.String::lastIndexOf@8 (line 2600)
                      ; - jdk.internal.loader.BuiltinClassLoader::defineClass@8 (line 759)
                      ; - jdk.internal.loader.BuiltinClassLoader::findClassOnClassPathOrNull@30 (line 691)
  0x0000028a3a3a4484: 58d9 4aff 

  0x0000028a3a3a4488: ;   {post_call_nop}
  0x0000028a3a3a4488: 0f1f 8400 | 8066 0075 | ba45 ffff | ff48 8b6c | 2438 4889 | 7c24 2844 | 896c 2430 | 895c 2434 
  0x0000028a3a3a44a8: ;   {runtime_call UncommonTrapBlob}
  0x0000028a3a3a44a8: c5f8 77e8 

  0x0000028a3a3a44ac: ; ImmutableOopMap {rbp=Oop [40]=Oop [72]=Oop }
                      ;*ifge {reexecute=1 rethrow=0 return_oop=0}
                      ; - (reexecute) java.lang.StringConcatHelper::newArray@1 (line 575)
                      ; - java.lang.StringConcatHelper::doConcat@27 (line 436)
                      ; - java.lang.String::concat@11 (line 2964)
                      ; - jdk.internal.loader.BuiltinClassLoader::findClassOnClassPathOrNull@10 (line 687)
  0x0000028a3a3a44ac: 30d9 4aff 

  0x0000028a3a3a44b0: ;   {post_call_nop}
  0x0000028a3a3a44b0: 0f1f 8400 | a866 0076 | ba45 ffff | ff4c 8b54 | 2440 4c89 | 5424 204c | 894c 2440 

  0x0000028a3a3a44cc: ;   {runtime_call UncommonTrapBlob}
  0x0000028a3a3a44cc: c5f8 77e8 

  0x0000028a3a3a44d0: ; ImmutableOopMap {rbp=NarrowOop [32]=Oop [64]=Oop [72]=Oop [80]=Oop [112]=NarrowOop }
                      ;*ifnonnull {reexecute=1 rethrow=0 return_oop=0}
                      ; - (reexecute) java.util.jar.JarFile$JarFileEntry::getCodeSigners@24 (line 652)
                      ; - jdk.internal.loader.URLClassPath$JarLoader$1::getCodeSigners@4 (line 726)
                      ; - jdk.internal.loader.BuiltinClassLoader::defineClass@90 (line 774)
                      ; - jdk.internal.loader.BuiltinClassLoader::findClassOnClassPathOrNull@30 (line 691)
  0x0000028a3a3a44d0: 0cd9 4aff 

  0x0000028a3a3a44d4: ;   {post_call_nop}
  0x0000028a3a3a44d4: 0f1f 8400 | cc66 0077 | ba45 ffff | ff4c 8b54 | 2440 4c89 | 5424 204c | 8b54 2448 | 4c89 5424 
  0x0000028a3a3a44f4: 284c 8b54 | 2458 4c89 | 5424 3044 | 8b54 2470 | 4489 5424 | 384c 8b94 | 2480 0000 | 004c 8954 
  0x0000028a3a3a4514: 2448 448b | 5c24 6044 | 895c 243c | 448b 5424 | 7844 8954 | 2458 4c8b | 5424 684c | 8954 2460 
  0x0000028a3a3a4534: ;   {runtime_call UncommonTrapBlob}
  0x0000028a3a3a4534: c5f8 77e8 

  0x0000028a3a3a4538: ; ImmutableOopMap {[32]=Oop [40]=Oop [48]=Oop [56]=NarrowOop [72]=Oop [96]=Oop }
                      ;*ifne {reexecute=1 rethrow=0 return_oop=0}
                      ; - (reexecute) java.util.zip.InflaterInputStream::read@74 (line 202)
                      ; - jdk.internal.loader.Resource::getBytes@90 (line 106)
                      ; - jdk.internal.loader.URLClassPath$JarLoader$1::getBytes@1 (line 730)
                      ; - jdk.internal.loader.BuiltinClassLoader::defineClass@84 (line 773)
                      ; - jdk.internal.loader.BuiltinClassLoader::findClassOnClassPathOrNull@30 (line 691)
  0x0000028a3a3a4538: a4d8 4aff 

  0x0000028a3a3a453c: ;   {post_call_nop}
  0x0000028a3a3a453c: 0f1f 8400 | 3467 0078 | ba45 ffff | ff48 8b6c | 2440 4c8b | 5424 484c | 8954 2420 | 4c8b 5424 
  0x0000028a3a3a455c: 5844 8b5c | 2470 4489 | 5c24 304c | 8954 2438 | 4c8b 9424 | 8000 0000 | 4c89 5424 | 404c 8b94 
  0x0000028a3a3a457c: 2488 0000 | 004c 8954 | 2448 448b | 5424 6044 | 8954 2434 | 448b 5c24 | 6444 895c | 2454 448b 
  0x0000028a3a3a459c: 5c24 7c44 | 895c 2468 | 448b 9424 | a000 0000 | 89bc 248c | 0000 0045 | 8bda 4489 | 9c24 9000 
  0x0000028a3a3a45bc: 0000 6690 

  0x0000028a3a3a45c0: ;   {runtime_call UncommonTrapBlob}
  0x0000028a3a3a45c0: c5f8 77e8 

  0x0000028a3a3a45c4: ; ImmutableOopMap {rbp=Oop [32]=Oop [48]=NarrowOop [56]=Oop [64]=Oop [72]=Oop [144]=NarrowOop [152]=Oop [160]=NarrowOop }
                      ;*ifle {reexecute=1 rethrow=0 return_oop=0}
                      ; - (reexecute) java.util.zip.ZipFile$ZipFileInputStream::read@81 (line 937)
                      ; - java.util.zip.ZipFile$ZipFileInflaterInputStream::fill@32 (line 449)
                      ; - java.util.zip.InflaterInputStream::read@78 (line 208)
                      ; - jdk.internal.loader.Resource::getBytes@90 (line 106)
                      ; - jdk.internal.loader.URLClassPath$JarLoader$1::getBytes@1 (line 730)
                      ; - jdk.internal.loader.BuiltinClassLoader::defineClass@84 (line 773)
                      ; - jdk.internal.loader.BuiltinClassLoader::findClassOnClassPathOrNull@30 (line 691)
  0x0000028a3a3a45c4: 18d8 4aff 

  0x0000028a3a3a45c8: ;   {post_call_nop}
  0x0000028a3a3a45c8: 0f1f 8400 | c067 0079 | ba45 ffff | ff4c 8b54 | 2440 4c89 | 5424 204c | 8b54 2448 | 4c89 5424 
  0x0000028a3a3a45e8: 284c 8b54 | 2458 448b | 5c24 7044 | 895c 2438 | 4c89 5424 | 404c 8b94 | 2480 0000 | 004c 8954 
  0x0000028a3a3a4608: 2448 448b | 5c24 6044 | 895c 243c | 448b 5c24 | 784c 894c | 2460 4489 | 5c24 5c44 | 8b5c 247c 
  0x0000028a3a3a4628: 4489 5c24 | 7044 8984 | 2484 0000 | 0066 6690 

  0x0000028a3a3a4638: ;   {runtime_call UncommonTrapBlob}
  0x0000028a3a3a4638: c5f8 77e8 

  0x0000028a3a3a463c: ; ImmutableOopMap {[32]=Oop [40]=Oop [56]=NarrowOop [64]=Oop [72]=Oop [96]=Oop [136]=NarrowOop [140]=NarrowOop }
                      ;*iflt {reexecute=1 rethrow=0 return_oop=0}
                      ; - (reexecute) jdk.internal.util.Preconditions::checkFromIndexSize@5 (line 396)
                      ; - java.util.zip.Inflater::setInput@7 (line 134)
                      ; - java.util.zip.ZipFile$ZipFileInflaterInputStream::fill@76 (line 455)
                      ; - java.util.zip.InflaterInputStream::read@78 (line 208)
                      ; - jdk.internal.loader.Resource::getBytes@90 (line 106)
                      ; - jdk.internal.loader.URLClassPath$JarLoader$1::getBytes@1 (line 730)
                      ; - jdk.internal.loader.BuiltinClassLoader::defineClass@84 (line 773)
                      ; - jdk.internal.loader.BuiltinClassLoader::findClassOnClassPathOrNull@30 (line 691)
  0x0000028a3a3a463c: a0d7 4aff 

  0x0000028a3a3a4640: ;   {post_call_nop}
  0x0000028a3a3a4640: 0f1f 8400 | 3868 007a | ba45 ffff | ff48 8b6c | 2440 4c8b | 5424 484c | 8954 2420 | 4c8b 5424 
  0x0000028a3a3a4660: 584c 8954 | 2428 448b | 5424 7044 | 8954 2430 | 4c8b 9424 | 8000 0000 | 4c89 5424 | 404c 8b94 
  0x0000028a3a3a4680: 2488 0000 | 004c 8954 | 2448 448b | 5c24 6044 | 895c 2434 | 448b 5424 | 6444 8954 | 2450 448b 
  0x0000028a3a3a46a0: 5424 7c44 | 8954 2468 | 448b 9c24 | 9000 0000 | 4489 5c24 | 6c44 8b94 | 2494 0000 | 0044 8994 
  0x0000028a3a3a46c0: 2488 0000 | 0044 8b9c | 24a0 0000 | 0044 899c | 2490 0000 | 0044 8b9c | 24a4 0000 | 0044 899c 
  0x0000028a3a3a46e0: 2494 0000 | 004c 8b94 | 24a8 0000 | 004c 8994 | 24a0 0000 | 0089 8424 | c800 0000 

  0x0000028a3a3a46fc: ;   {runtime_call UncommonTrapBlob}
  0x0000028a3a3a46fc: c5f8 77e8 

  0x0000028a3a3a4700: ; ImmutableOopMap {rbp=Oop [32]=Oop [40]=Oop [48]=NarrowOop [64]=Oop [72]=Oop [108]=NarrowOop [144]=NarrowOop [148]=NarrowOop [152]=Oop [160]=Oop [176]=NarrowOop [184]=NarrowOop }
                      ;*if_icmplt {reexecute=1 rethrow=0 return_oop=0}
                      ; - (reexecute) java.io.RandomAccessFile::readFully@41 (line 505)
                      ; - java.util.zip.ZipFile$Source::readFullyAt@43 (line 1575)
                      ; - java.util.zip.ZipFile$ZipFileInputStream::initDataOffset@41 (line 910)
                      ; - java.util.zip.ZipFile$ZipFileInputStream::read@16 (line 926)
                      ; - java.util.zip.ZipFile$ZipFileInflaterInputStream::fill@32 (line 449)
                      ; - java.util.zip.InflaterInputStream::read@78 (line 208)
                      ; - jdk.internal.loader.Resource::getBytes@90 (line 106)
                      ; - jdk.internal.loader.URLClassPath$JarLoader$1::getBytes@1 (line 730)
                      ; - jdk.internal.loader.BuiltinClassLoader::defineClass@84 (line 773)
                      ; - jdk.internal.loader.BuiltinClassLoader::findClassOnClassPathOrNull@30 (line 691)
  0x0000028a3a3a4700: dcd6 4aff 

  0x0000028a3a3a4704: ;   {post_call_nop}
  0x0000028a3a3a4704: 0f1f 8400 | fc68 007b | ba45 ffff | ff48 8b6c | 2438 4889 | 7424 2844 | 8954 2434 

  0x0000028a3a3a4720: ;   {runtime_call UncommonTrapBlob}
  0x0000028a3a3a4720: c5f8 77e8 

  0x0000028a3a3a4724: ; ImmutableOopMap {rbp=Oop [40]=Oop [72]=Oop [112]=NarrowOop }
                      ;*if_icmpeq {reexecute=1 rethrow=0 return_oop=0}
                      ; - (reexecute) jdk.internal.loader.BuiltinClassLoader::defineClass@16 (line 760)
                      ; - jdk.internal.loader.BuiltinClassLoader::findClassOnClassPathOrNull@30 (line 691)
  0x0000028a3a3a4724: b8d6 4aff 

  0x0000028a3a3a4728: ;   {post_call_nop}
  0x0000028a3a3a4728: 0f1f 8400 | 2069 007c | ba3d ffff | ff48 8b6c | 2438 4c8b | 5c24 4848 | 8974 2428 | 4c89 5c24 
  0x0000028a3a3a4748: 3844 8954 | 2444 895c | 2448 4489 | 5424 4c90 

  0x0000028a3a3a4758: ;   {runtime_call UncommonTrapBlob}
  0x0000028a3a3a4758: c5f8 77e8 

  0x0000028a3a3a475c: ; ImmutableOopMap {rbp=Oop [40]=Oop [56]=Oop [112]=NarrowOop }
                      ;*if_icmpgt {reexecute=1 rethrow=0 return_oop=0}
                      ; - (reexecute) jdk.internal.util.Preconditions::checkFromToIndex@6 (line 348)
                      ; - java.lang.String::checkBoundsBeginEnd@6 (line 4937)
                      ; - java.lang.String::substring@8 (line 2899)
                      ; - jdk.internal.loader.BuiltinClassLoader::defineClass@23 (line 761)
                      ; - jdk.internal.loader.BuiltinClassLoader::findClassOnClassPathOrNull@30 (line 691)
  0x0000028a3a3a475c: 80d6 4aff 

  0x0000028a3a3a4760: ;   {post_call_nop}
  0x0000028a3a3a4760: 0f1f 8400 | 5869 007d | ba45 ffff | ff48 8b6c | 2440 4c8b | 5424 304c | 8954 2428 | 4889 4424 
  0x0000028a3a3a4780: 4066 6690 

  0x0000028a3a3a4784: ;   {runtime_call UncommonTrapBlob}
  0x0000028a3a3a4784: c5f8 77e8 

  0x0000028a3a3a4788: ; ImmutableOopMap {rbp=Oop [40]=Oop [64]=Oop [72]=Oop [112]=NarrowOop }
                      ;*ifnull {reexecute=1 rethrow=0 return_oop=0}
                      ; - (reexecute) jdk.internal.loader.BuiltinClassLoader::defineClass@52 (line 768)
                      ; - jdk.internal.loader.BuiltinClassLoader::findClassOnClassPathOrNull@30 (line 691)
  0x0000028a3a3a4788: 54d6 4aff 

  0x0000028a3a3a478c: ;   {post_call_nop}
  0x0000028a3a3a478c: 0f1f 8400 | 8469 007e | ba45 ffff | ff4c 8b54 | 2440 4c89 | 5424 2090 

  0x0000028a3a3a47a4: ;   {runtime_call UncommonTrapBlob}
  0x0000028a3a3a47a4: c5f8 77e8 

  0x0000028a3a3a47a8: ; ImmutableOopMap {rbp=Oop [32]=Oop [72]=Oop [80]=Oop [112]=NarrowOop }
                      ;*ifnull {reexecute=1 rethrow=0 return_oop=0}
                      ; - (reexecute) java.security.CodeSource::<init>@25 (line 122)
                      ; - jdk.internal.loader.BuiltinClassLoader::defineClass@102 (line 775)
                      ; - jdk.internal.loader.BuiltinClassLoader::findClassOnClassPathOrNull@30 (line 691)
  0x0000028a3a3a47a8: 34d6 4aff 

  0x0000028a3a3a47ac: ;   {post_call_nop}
  0x0000028a3a3a47ac: 0f1f 8400 | a469 007f | ba45 ffff | ff4c 8b54 | 2438 4c89 | 5424 204c | 8b54 2448 | 4c89 5424 
  0x0000028a3a3a47cc: 2848 897c | 2448 4489 | 4424 5090 

  0x0000028a3a3a47d8: ;   {runtime_call UncommonTrapBlob}
  0x0000028a3a3a47d8: c5f8 77e8 

  0x0000028a3a3a47dc: ; ImmutableOopMap {rbp=NarrowOop [32]=Oop [40]=Oop [72]=Oop [80]=NarrowOop [112]=NarrowOop [128]=Oop }
                      ;*ifnull {reexecute=1 rethrow=0 return_oop=0}
                      ; - (reexecute) java.util.jar.JarFile::maybeInstantiateVerifier@4 (line 691)
                      ; - java.util.jar.JarFile::ensureInitialization@1 (line 1042)
                      ; - java.util.jar.JavaUtilJarAccessImpl::ensureInitialization@1 (line 42)
                      ; - jdk.internal.loader.URLClassPath$JarLoader$1::getManifest@10 (line 720)
                      ; - jdk.internal.loader.BuiltinClassLoader::defineClass@29 (line 762)
                      ; - jdk.internal.loader.BuiltinClassLoader::findClassOnClassPathOrNull@30 (line 691)
  0x0000028a3a3a47dc: 00d6 4aff 

  0x0000028a3a3a47e0: ;   {post_call_nop}
  0x0000028a3a3a47e0: 0f1f 8400 | d869 0080 | ba45 ffff | ff4c 8b54 | 2440 498b | ea4c 8b54 | 2448 4c89 | 5424 2048 
  0x0000028a3a3a4800: 8974 2438 | 4889 7c24 | 4044 895c | 2434 6690 

  0x0000028a3a3a4810: ;   {runtime_call UncommonTrapBlob}
  0x0000028a3a3a4810: c5f8 77e8 

  0x0000028a3a3a4814: ; ImmutableOopMap {rbp=Oop [32]=Oop [56]=Oop [64]=Oop [80]=Oop [112]=NarrowOop }
                      ;*if_icmpne {reexecute=1 rethrow=0 return_oop=0}
                      ; - (reexecute) jdk.internal.loader.Resource::getBytes@16 (line 92)
                      ; - jdk.internal.loader.URLClassPath$JarLoader$1::getBytes@1 (line 730)
                      ; - jdk.internal.loader.BuiltinClassLoader::defineClass@84 (line 773)
                      ; - jdk.internal.loader.BuiltinClassLoader::findClassOnClassPathOrNull@30 (line 691)
  0x0000028a3a3a4814: c8d5 4aff 

  0x0000028a3a3a4818: ;   {post_call_nop}
  0x0000028a3a3a4818: 0f1f 8400 | 106a 0081 | 4d3b dabd | ffff ffff | 7c08 400f | 95c5 400f | b6ed ba45 | ffff ff4c 
  0x0000028a3a3a4838: 8b54 2440 | 4c89 5424 | 204c 8b54 | 2448 4c89 | 5424 2848 | 8974 2440 | 4889 7c24 | 4866 6690 
  0x0000028a3a3a4858: ;   {runtime_call UncommonTrapBlob}
  0x0000028a3a3a4858: c5f8 77e8 

  0x0000028a3a3a485c: ; ImmutableOopMap {[32]=Oop [40]=Oop [64]=Oop [72]=Oop [112]=NarrowOop }
                      ;*ifeq {reexecute=1 rethrow=0 return_oop=0}
                      ; - (reexecute) jdk.internal.loader.URLClassPath$JarLoader$1::getBytes@30 (line 733)
                      ; - jdk.internal.loader.BuiltinClassLoader::defineClass@84 (line 773)
                      ; - jdk.internal.loader.BuiltinClassLoader::findClassOnClassPathOrNull@30 (line 691)
  0x0000028a3a3a485c: 80d5 4aff 

  0x0000028a3a3a4860: ;   {post_call_nop}
  0x0000028a3a3a4860: 0f1f 8400 | 586a 0082 | ba45 ffff | ff4c 8b54 | 2440 4c89 | 5424 204c | 894c 2440 

  0x0000028a3a3a487c: ;   {runtime_call UncommonTrapBlob}
  0x0000028a3a3a487c: c5f8 77e8 

  0x0000028a3a3a4880: ; ImmutableOopMap {rbp=NarrowOop [32]=Oop [64]=Oop [72]=Oop [80]=Oop [112]=NarrowOop }
                      ;*ifnull {reexecute=1 rethrow=0 return_oop=0}
                      ; - (reexecute) java.util.jar.JarFile::maybeInstantiateVerifier@4 (line 691)
                      ; - java.util.jar.JarFile$JarFileEntry::getCodeSigners@4 (line 648)
                      ; - jdk.internal.loader.URLClassPath$JarLoader$1::getCodeSigners@4 (line 726)
                      ; - jdk.internal.loader.BuiltinClassLoader::defineClass@90 (line 774)
                      ; - jdk.internal.loader.BuiltinClassLoader::findClassOnClassPathOrNull@30 (line 691)
  0x0000028a3a3a4880: 5cd5 4aff 

  0x0000028a3a3a4884: ;   {post_call_nop}
  0x0000028a3a3a4884: 0f1f 8400 | 7c6a 0083 | ba45 ffff | ff4c 8b54 | 2440 4c89 | 5424 204c | 894c 2440 

  0x0000028a3a3a48a0: ;   {runtime_call UncommonTrapBlob}
  0x0000028a3a3a48a0: c5f8 77e8 

  0x0000028a3a3a48a4: ; ImmutableOopMap {rbp=NarrowOop [32]=Oop [64]=Oop [72]=Oop [80]=Oop [112]=NarrowOop }
                      ;*ifnull {reexecute=1 rethrow=0 return_oop=0}
                      ; - (reexecute) java.util.jar.JarFile$JarFileEntry::getCodeSigners@34 (line 652)
                      ; - jdk.internal.loader.URLClassPath$JarLoader$1::getCodeSigners@4 (line 726)
                      ; - jdk.internal.loader.BuiltinClassLoader::defineClass@90 (line 774)
                      ; - jdk.internal.loader.BuiltinClassLoader::findClassOnClassPathOrNull@30 (line 691)
  0x0000028a3a3a48a4: 38d5 4aff 

  0x0000028a3a3a48a8: ;   {post_call_nop}
  0x0000028a3a3a48a8: 0f1f 8400 | a06a 0084 | ba45 ffff | ff4c 8b54 | 2440 4c89 | 5424 204c | 8b54 2448 | 4c89 5424 
  0x0000028a3a3a48c8: 284c 8b54 | 2458 448b | 5c24 7044 | 895c 2438 | 4c89 5424 | 404c 8b94 | 2480 0000 | 004c 8954 
  0x0000028a3a3a48e8: 2448 448b | 5c24 6044 | 895c 243c | 448b 5424 | 7844 8954 | 2458 48ff | 7424 6848 | 8f44 2460 
  0x0000028a3a3a4908: ;   {runtime_call UncommonTrapBlob}
  0x0000028a3a3a4908: c5f8 77e8 

  0x0000028a3a3a490c: ; ImmutableOopMap {[32]=Oop [40]=Oop [56]=NarrowOop [64]=Oop [72]=Oop [96]=Oop }
                      ;*ifeq {reexecute=1 rethrow=0 return_oop=0}
                      ; - (reexecute) java.util.zip.ZipFile$ZipFileInflaterInputStream::fill@4 (line 446)
                      ; - java.util.zip.InflaterInputStream::read@78 (line 208)
                      ; - jdk.internal.loader.Resource::getBytes@90 (line 106)
                      ; - jdk.internal.loader.URLClassPath$JarLoader$1::getBytes@1 (line 730)
                      ; - jdk.internal.loader.BuiltinClassLoader::defineClass@84 (line 773)
                      ; - jdk.internal.loader.BuiltinClassLoader::findClassOnClassPathOrNull@30 (line 691)
  0x0000028a3a3a490c: d0d4 4aff 

  0x0000028a3a3a4910: ;   {post_call_nop}
  0x0000028a3a3a4910: 0f1f 8400 | 086b 0085 | ba45 ffff | ff4c 8b54 | 2440 4c89 | 5424 204c | 8b54 2448 | 4c89 5424 
  0x0000028a3a3a4930: 284c 8b54 | 2458 448b | 5c24 7044 | 895c 2438 | 4c89 5424 | 404c 8b94 | 2480 0000 | 004c 8954 
  0x0000028a3a3a4950: 2448 4c8b | 9424 8800 | 0000 4c89 | 5424 5044 | 8b54 2460 | 4489 5424 | 3c44 8b5c | 2478 4489 
  0x0000028a3a3a4970: 5c24 5c44 | 8b5c 247c | 4489 5c24 | 704c 8b94 | 2498 0000 | 004c 8994 | 2488 0000 | 0044 8b94 
  0x0000028a3a3a4990: 2490 0000 | 0044 8954 | 2474 448b | 9c24 9400 | 0000 4489 | 9c24 9000 | 0000 448b | 9424 a000 
  0x0000028a3a3a49b0: 0000 458b | da44 899c | 2498 0000 | 0066 6690 

  0x0000028a3a3a49c0: ;   {runtime_call UncommonTrapBlob}
  0x0000028a3a3a49c0: c5f8 77e8 

  0x0000028a3a3a49c4: ; ImmutableOopMap {[32]=Oop [40]=Oop [56]=NarrowOop [64]=Oop [72]=Oop [80]=Oop [116]=NarrowOop [136]=Oop [152]=NarrowOop [160]=NarrowOop }
                      ;*ifeq {reexecute=1 rethrow=0 return_oop=0}
                      ; - (reexecute) java.util.zip.ZipFile::ensureOpenOrZipException@4 (line 834)
                      ; - java.util.zip.ZipFile$ZipFileInputStream::read@12 (line 925)
                      ; - java.util.zip.ZipFile$ZipFileInflaterInputStream::fill@32 (line 449)
                      ; - java.util.zip.InflaterInputStream::read@78 (line 208)
                      ; - jdk.internal.loader.Resource::getBytes@90 (line 106)
                      ; - jdk.internal.loader.URLClassPath$JarLoader$1::getBytes@1 (line 730)
                      ; - jdk.internal.loader.BuiltinClassLoader::defineClass@84 (line 773)
                      ; - jdk.internal.loader.BuiltinClassLoader::findClassOnClassPathOrNull@30 (line 691)
  0x0000028a3a3a49c4: 18d4 4aff 

  0x0000028a3a3a49c8: ;   {post_call_nop}
  0x0000028a3a3a49c8: 0f1f 8400 | c06b 0086 | 4533 db4d | 3bd3 bdff | ffff ff7c | 0840 0f95 | c540 0fb6 | edba 45ff 
  0x0000028a3a3a49e8: ffff 4c8b | 5424 404c | 8954 2420 | 4c8b 5424 | 484c 8954 | 2428 4c8b | 5424 584c | 8954 2430 
  0x0000028a3a3a4a08: 448b 5424 | 7044 8954 | 2438 4c8b | 9424 8000 | 0000 4c89 | 5424 484c | 8b94 2488 | 0000 004c 
  0x0000028a3a3a4a28: 8954 2450 | 448b 5424 | 6044 8954 | 243c 448b | 5c24 7844 | 895c 245c | 448b 5c24 | 7c44 895c 
  0x0000028a3a3a4a48: 2470 448b | 9424 a000 | 0000 458b | da44 899c | 2488 0000 | 0066 6690 

  0x0000028a3a3a4a60: ;   {runtime_call UncommonTrapBlob}
  0x0000028a3a3a4a60: c5f8 77e8 

  0x0000028a3a3a4a64: ; ImmutableOopMap {[32]=Oop [40]=Oop [48]=Oop [56]=NarrowOop [72]=Oop [80]=Oop [136]=NarrowOop [160]=NarrowOop }
                      ;*ifne {reexecute=1 rethrow=0 return_oop=0}
                      ; - (reexecute) java.util.zip.ZipFile$ZipFileInputStream::read@26 (line 927)
                      ; - java.util.zip.ZipFile$ZipFileInflaterInputStream::fill@32 (line 449)
                      ; - java.util.zip.InflaterInputStream::read@78 (line 208)
                      ; - jdk.internal.loader.Resource::getBytes@90 (line 106)
                      ; - jdk.internal.loader.URLClassPath$JarLoader$1::getBytes@1 (line 730)
                      ; - jdk.internal.loader.BuiltinClassLoader::defineClass@84 (line 773)
                      ; - jdk.internal.loader.BuiltinClassLoader::findClassOnClassPathOrNull@30 (line 691)
  0x0000028a3a3a4a64: 78d3 4aff 

  0x0000028a3a3a4a68: ;   {post_call_nop}
  0x0000028a3a3a4a68: 0f1f 8400 | 606c 0087 | ba45 ffff | ff48 8b6c | 2440 4c8b | 5424 484c | 8954 2420 | 4c8b 5424 
  0x0000028a3a3a4a88: 5844 8b5c | 2470 4489 | 5c24 304c | 8954 2438 | 4c8b 9424 | 8000 0000 | 4c89 5424 | 404c 8b94 
  0x0000028a3a3a4aa8: 2488 0000 | 004c 8954 | 2448 448b | 5c24 6044 | 895c 2434 | 448b 5424 | 7844 8954 | 2450 448b 
  0x0000028a3a3a4ac8: 5424 7c44 | 8954 2468 | 448b 9c24 | a000 0000 | 4489 9c24 | 8400 0000 

  0x0000028a3a3a4ae0: ;   {runtime_call UncommonTrapBlob}
  0x0000028a3a3a4ae0: c5f8 77e8 

  0x0000028a3a3a4ae4: ; ImmutableOopMap {rbp=Oop [32]=Oop [48]=NarrowOop [56]=Oop [64]=Oop [72]=Oop [132]=NarrowOop [160]=NarrowOop }
                      ;*ifgt {reexecute=1 rethrow=0 return_oop=0}
                      ; - (reexecute) java.util.zip.ZipFile$ZipFileInputStream::read@51 (line 933)
                      ; - java.util.zip.ZipFile$ZipFileInflaterInputStream::fill@32 (line 449)
                      ; - java.util.zip.InflaterInputStream::read@78 (line 208)
                      ; - jdk.internal.loader.Resource::getBytes@90 (line 106)
                      ; - jdk.internal.loader.URLClassPath$JarLoader$1::getBytes@1 (line 730)
                      ; - jdk.internal.loader.BuiltinClassLoader::defineClass@84 (line 773)
                      ; - jdk.internal.loader.BuiltinClassLoader::findClassOnClassPathOrNull@30 (line 691)
  0x0000028a3a3a4ae4: f8d2 4aff 

  0x0000028a3a3a4ae8: ;   {post_call_nop}
  0x0000028a3a3a4ae8: 0f1f 8400 | e06c 0088 | 4533 db4d | 3bd3 bdff | ffff ff7c | 0840 0f95 | c540 0fb6 | edba 45ff 
  0x0000028a3a3a4b08: ffff 4c8b | 5424 404c | 8954 2420 | 4c8b 5424 | 484c 8954 | 2428 4c8b | 5424 5844 | 8b5c 2470 
  0x0000028a3a3a4b28: 4489 5c24 | 384c 8954 | 2440 4c8b | 9424 8000 | 0000 4c89 | 5424 484c | 8b94 2488 | 0000 004c 
  0x0000028a3a3a4b48: 8954 2450 | 448b 5c24 | 6044 895c | 243c 448b | 5424 7844 | 8954 2458 | 448b 5424 | 7c44 8954 
  0x0000028a3a3a4b68: 2470 4c8b | 9424 9800 | 0000 4c89 | 9424 8800 | 0000 448b | 9c24 a000 | 0000 4489 | 9c24 9800 
  0x0000028a3a3a4b88: 0000 448b | 9c24 a400 | 0000 4489 | 9c24 9c00 | 0000 448b | 9424 b000 | 0000 4489 | 9424 a400 
  0x0000028a3a3a4ba8: 0000 6690 

  0x0000028a3a3a4bac: ;   {runtime_call UncommonTrapBlob}
  0x0000028a3a3a4bac: c5f8 77e8 

  0x0000028a3a3a4bb0: ; ImmutableOopMap {[32]=Oop [40]=Oop [56]=NarrowOop [64]=Oop [72]=Oop [80]=Oop [136]=Oop [144]=NarrowOop [152]=NarrowOop [156]=NarrowOop [164]=NarrowOop [176]=NarrowOop }
                      ;*ifge {reexecute=1 rethrow=0 return_oop=0}
                      ; - (reexecute) java.io.RandomAccessFile::seek@3 (line 672)
                      ; - java.util.zip.ZipFile$Source::readAt@14 (line 1587)
                      ; - java.util.zip.ZipFile$ZipFileInputStream::read@76 (line 936)
                      ; - java.util.zip.ZipFile$ZipFileInflaterInputStream::fill@32 (line 449)
                      ; - java.util.zip.InflaterInputStream::read@78 (line 208)
                      ; - jdk.internal.loader.Resource::getBytes@90 (line 106)
                      ; - jdk.internal.loader.URLClassPath$JarLoader$1::getBytes@1 (line 730)
                      ; - jdk.internal.loader.BuiltinClassLoader::defineClass@84 (line 773)
                      ; - jdk.internal.loader.BuiltinClassLoader::findClassOnClassPathOrNull@30 (line 691)
  0x0000028a3a3a4bb0: 2cd2 4aff 

  0x0000028a3a3a4bb4: ;   {post_call_nop}
  0x0000028a3a3a4bb4: 0f1f 8400 | ac6d 0089 | ba45 ffff | ff4c 8b54 | 2440 4c89 | 5424 204c | 8b54 2448 | 4c89 5424 
  0x0000028a3a3a4bd4: 284c 8b54 | 2458 4c89 | 5424 3044 | 8b54 2470 | 4489 5424 | 384c 8b94 | 2480 0000 | 004c 8954 
  0x0000028a3a3a4bf4: 2448 4c8b | 9424 8800 | 0000 4c89 | 5424 5044 | 8b5c 2460 | 4489 5c24 | 3c44 8b54 | 2464 4489 
  0x0000028a3a3a4c14: 5424 5844 | 8b54 247c | 4489 5424 | 704c 8b94 | 2498 0000 | 004c 8994 | 2488 0000 | 0044 8b9c 
  0x0000028a3a3a4c34: 24a0 0000 | 0044 899c | 2498 0000 | 0044 8b9c | 24b0 0000 | 0045 8bd3 | 4489 9424 | a000 0000 
  0x0000028a3a3a4c54: 4489 8c24 | a400 0000 

  0x0000028a3a3a4c5c: ;   {runtime_call UncommonTrapBlob}
  0x0000028a3a3a4c5c: c5f8 77e8 

  0x0000028a3a3a4c60: ; ImmutableOopMap {[32]=Oop [40]=Oop [48]=Oop [56]=NarrowOop [72]=Oop [80]=Oop [136]=Oop [144]=NarrowOop [152]=NarrowOop [160]=NarrowOop [164]=NarrowOop [176]=NarrowOop }
                      ;*ifeq {reexecute=1 rethrow=0 return_oop=0}
                      ; - (reexecute) java.io.RandomAccessFile::readBytes@3 (line 392)
                      ; - java.io.RandomAccessFile::read@4 (line 437)
                      ; - java.util.zip.ZipFile$Source::readAt@24 (line 1588)
                      ; - java.util.zip.ZipFile$ZipFileInputStream::read@76 (line 936)
                      ; - java.util.zip.ZipFile$ZipFileInflaterInputStream::fill@32 (line 449)
                      ; - java.util.zip.InflaterInputStream::read@78 (line 208)
                      ; - jdk.internal.loader.Resource::getBytes@90 (line 106)
                      ; - jdk.internal.loader.URLClassPath$JarLoader$1::getBytes@1 (line 730)
                      ; - jdk.internal.loader.BuiltinClassLoader::defineClass@84 (line 773)
                      ; - jdk.internal.loader.BuiltinClassLoader::findClassOnClassPathOrNull@30 (line 691)
  0x0000028a3a3a4c60: 7cd1 4aff 

  0x0000028a3a3a4c64: ;   {post_call_nop}
  0x0000028a3a3a4c64: 0f1f 8400 | 5c6e 008a | ba45 ffff | ff48 8b6c | 2440 4c8b | 5424 484c | 8954 2420 | 4c8b 5424 
  0x0000028a3a3a4c84: 584c 8954 | 2428 448b | 5424 7044 | 8954 2430 | 4c8b 9424 | 8000 0000 | 4c89 5424 | 4044 8b5c 
  0x0000028a3a3a4ca4: 2460 4489 | 5c24 3444 | 8b54 2478 | 4489 5424 | 504c 894c | 2458 4c89 | 4c24 7090 

  0x0000028a3a3a4cc0: ;   {runtime_call UncommonTrapBlob}
  0x0000028a3a3a4cc0: c5f8 77e8 

  0x0000028a3a3a4cc4: ; ImmutableOopMap {rbp=Oop [32]=Oop [40]=Oop [48]=NarrowOop [64]=Oop [88]=Oop [112]=Oop }
                      ;*if_icmpne {reexecute=1 rethrow=0 return_oop=0}
                      ; - (reexecute) java.util.zip.ZipFile$ZipFileInflaterInputStream::fill@43 (line 450)
                      ; - java.util.zip.InflaterInputStream::read@78 (line 208)
                      ; - jdk.internal.loader.Resource::getBytes@90 (line 106)
                      ; - jdk.internal.loader.URLClassPath$JarLoader$1::getBytes@1 (line 730)
                      ; - jdk.internal.loader.BuiltinClassLoader::defineClass@84 (line 773)
                      ; - jdk.internal.loader.BuiltinClassLoader::findClassOnClassPathOrNull@30 (line 691)
  0x0000028a3a3a4cc4: 18d1 4aff 

  0x0000028a3a3a4cc8: ;   {post_call_nop}
  0x0000028a3a3a4cc8: 0f1f 8400 | c06e 008b | ba45 ffff | ff48 8b6c | 2440 4c8b | 5424 484c | 8954 2420 | 4c8b 5424 
  0x0000028a3a3a4ce8: 584c 8954 | 2428 448b | 5424 7044 | 8954 2430 | 4c8b 9424 | 8000 0000 | 4c89 5424 | 4044 8b54 
  0x0000028a3a3a4d08: 2460 4489 | 5424 3444 | 8b5c 2478 | 4c8b 5424 | 684c 8954 | 2458 4489 | 5c24 5444 | 8b5c 247c 
  0x0000028a3a3a4d28: 4489 5c24 | 6844 8984 | 2484 0000 | 0066 6690 

  0x0000028a3a3a4d38: ;   {runtime_call UncommonTrapBlob}
  0x0000028a3a3a4d38: c5f8 77e8 

  0x0000028a3a3a4d3c: ; ImmutableOopMap {rbp=Oop [32]=Oop [40]=Oop [48]=NarrowOop [64]=Oop [88]=Oop [136]=NarrowOop [140]=NarrowOop }
                      ;*if_icmple {reexecute=1 rethrow=0 return_oop=0}
                      ; - (reexecute) jdk.internal.util.Preconditions::checkFromIndexSize@12 (line 396)
                      ; - java.util.zip.Inflater::setInput@7 (line 134)
                      ; - java.util.zip.ZipFile$ZipFileInflaterInputStream::fill@76 (line 455)
                      ; - java.util.zip.InflaterInputStream::read@78 (line 208)
                      ; - jdk.internal.loader.Resource::getBytes@90 (line 106)
                      ; - jdk.internal.loader.URLClassPath$JarLoader$1::getBytes@1 (line 730)
                      ; - jdk.internal.loader.BuiltinClassLoader::defineClass@84 (line 773)
                      ; - jdk.internal.loader.BuiltinClassLoader::findClassOnClassPathOrNull@30 (line 691)
  0x0000028a3a3a4d3c: a0d0 4aff 

  0x0000028a3a3a4d40: ;   {post_call_nop}
  0x0000028a3a3a4d40: 0f1f 8400 | 386f 008c | 4533 db4d | 3bd3 bdff | ffff ff7c | 0840 0f95 | c540 0fb6 | edba 45ff 
  0x0000028a3a3a4d60: ffff 4c8b | 5424 404c | 8954 2420 | 4c8b 5424 | 484c 8954 | 2428 4c8b | 5424 5844 | 8b5c 2470 
  0x0000028a3a3a4d80: 4489 5c24 | 384c 8954 | 2440 4c8b | 9424 8000 | 0000 4c89 | 5424 484c | 8b94 2488 | 0000 004c 
  0x0000028a3a3a4da0: 8954 2450 | 448b 5424 | 6044 8954 | 243c 448b | 5c24 7844 | 895c 245c | 448b 5c24 | 7c44 895c 
  0x0000028a3a3a4dc0: 2470 448b | 9424 9000 | 0000 4489 | 5424 7444 | 8b9c 2494 | 0000 0044 | 899c 2490 | 0000 0090 
  0x0000028a3a3a4de0: ;   {runtime_call UncommonTrapBlob}
  0x0000028a3a3a4de0: c5f8 77e8 

  0x0000028a3a3a4de4: ; ImmutableOopMap {[32]=Oop [40]=Oop [56]=NarrowOop [64]=Oop [72]=Oop [80]=Oop [116]=NarrowOop [152]=Oop [160]=NarrowOop [164]=NarrowOop [168]=Oop [184]=NarrowOop }
                      ;*ifge {reexecute=1 rethrow=0 return_oop=0}
                      ; - (reexecute) java.io.RandomAccessFile::seek@3 (line 672)
                      ; - java.util.zip.ZipFile$Source::readFullyAt@14 (line 1571)
                      ; - java.util.zip.ZipFile$ZipFileInputStream::initDataOffset@41 (line 910)
                      ; - java.util.zip.ZipFile$ZipFileInputStream::read@16 (line 926)
                      ; - java.util.zip.ZipFile$ZipFileInflaterInputStream::fill@32 (line 449)
                      ; - java.util.zip.InflaterInputStream::read@78 (line 208)
                      ; - jdk.internal.loader.Resource::getBytes@90 (line 106)
                      ; - jdk.internal.loader.URLClassPath$JarLoader$1::getBytes@1 (line 730)
                      ; - jdk.internal.loader.BuiltinClassLoader::defineClass@84 (line 773)
                      ; - jdk.internal.loader.BuiltinClassLoader::findClassOnClassPathOrNull@30 (line 691)
  0x0000028a3a3a4de4: f8cf 4aff 

  0x0000028a3a3a4de8: ;   {post_call_nop}
  0x0000028a3a3a4de8: 0f1f 8400 | e06f 008d | ba45 ffff | ff4c 8b54 | 2440 4c89 | 5424 204c | 8b54 2448 | 4c89 5424 
  0x0000028a3a3a4e08: 284c 8b54 | 2458 4c89 | 5424 3044 | 8b54 2470 | 4489 5424 | 384c 8b94 | 2480 0000 | 004c 8954 
  0x0000028a3a3a4e28: 2448 4c8b | 9424 8800 | 0000 4c89 | 5424 5044 | 8b5c 2460 | 4489 5c24 | 3c44 8b54 | 2464 4489 
  0x0000028a3a3a4e48: 5424 5844 | 8b54 247c | 4489 5424 | 7044 8b9c | 2490 0000 | 0044 895c | 2474 448b | 9424 9400 
  0x0000028a3a3a4e68: 0000 4489 | 9424 9000 | 0000 6690 

  0x0000028a3a3a4e74: ;   {runtime_call UncommonTrapBlob}
  0x0000028a3a3a4e74: c5f8 77e8 

  0x0000028a3a3a4e78: ; ImmutableOopMap {[32]=Oop [40]=Oop [48]=Oop [56]=NarrowOop [72]=Oop [80]=Oop [116]=NarrowOop [152]=Oop [160]=NarrowOop [164]=NarrowOop [168]=Oop [176]=NarrowOop [184]=NarrowOop }
                      ;*ifeq {reexecute=1 rethrow=0 return_oop=0}
                      ; - (reexecute) java.io.RandomAccessFile::readBytes@3 (line 392)
                      ; - java.io.RandomAccessFile::read@4 (line 437)
                      ; - java.io.RandomAccessFile::readFully@13 (line 501)
                      ; - java.util.zip.ZipFile$Source::readFullyAt@43 (line 1575)
                      ; - java.util.zip.ZipFile$ZipFileInputStream::initDataOffset@41 (line 910)
                      ; - java.util.zip.ZipFile$ZipFileInputStream::read@16 (line 926)
                      ; - java.util.zip.ZipFile$ZipFileInflaterInputStream::fill@32 (line 449)
                      ; - java.util.zip.InflaterInputStream::read@78 (line 208)
                      ; - jdk.internal.loader.Resource::getBytes@90 (line 106)
                      ; - jdk.internal.loader.URLClassPath$JarLoader$1::getBytes@1 (line 730)
                      ; - jdk.internal.loader.BuiltinClassLoader::defineClass@84 (line 773)
                      ; - jdk.internal.loader.BuiltinClassLoader::findClassOnClassPathOrNull@30 (line 691)
  0x0000028a3a3a4e78: 64cf 4aff 

  0x0000028a3a3a4e7c: ;   {post_call_nop}
  0x0000028a3a3a4e7c: 0f1f 8400 | 7470 008e | ba45 ffff | ff48 8b6c | 2440 4c8b | 5424 484c | 8954 2420 | 4c8b 5424 
  0x0000028a3a3a4e9c: 5844 8b5c | 2470 4489 | 5c24 304c | 8954 2438 | 4c8b 9424 | 8000 0000 | 4c89 5424 | 404c 8b94 
  0x0000028a3a3a4ebc: 2488 0000 | 004c 8954 | 2448 448b | 5424 6044 | 8954 2434 | 448b 5c24 | 6444 895c | 2454 448b 
  0x0000028a3a3a4edc: 5c24 7c44 | 895c 2468 | 448b 9424 | 9000 0000 | 4489 5424 | 6c44 8b9c | 2494 0000 | 0044 899c 
  0x0000028a3a3a4efc: 2488 0000 | 0044 8b94 | 24a0 0000 | 0045 8bda | 4489 9c24 | 9000 0000 | 448b 9424 | a400 0000 
  0x0000028a3a3a4f1c: 4489 9424 | 9400 0000 | 4c8b 9424 | a800 0000 | 4c89 9424 | a000 0000 | 448b 9c24 | b800 0000 
  0x0000028a3a3a4f3c: 4489 9c24 | b400 0000 | 8984 24b8 | 0000 0090 

  0x0000028a3a3a4f4c: ;   {runtime_call UncommonTrapBlob}
  0x0000028a3a3a4f4c: c5f8 77e8 

  0x0000028a3a3a4f50: ; ImmutableOopMap {rbp=Oop [32]=Oop [48]=NarrowOop [56]=Oop [64]=Oop [72]=Oop [108]=NarrowOop [144]=NarrowOop [148]=NarrowOop [152]=Oop [160]=Oop [168]=Oop [180]=NarrowOop }
                      ;*ifge {reexecute=1 rethrow=0 return_oop=0}
                      ; - (reexecute) java.io.RandomAccessFile::readFully@20 (line 502)
                      ; - java.util.zip.ZipFile$Source::readFullyAt@43 (line 1575)
                      ; - java.util.zip.ZipFile$ZipFileInputStream::initDataOffset@41 (line 910)
                      ; - java.util.zip.ZipFile$ZipFileInputStream::read@16 (line 926)
                      ; - java.util.zip.ZipFile$ZipFileInflaterInputStream::fill@32 (line 449)
                      ; - java.util.zip.InflaterInputStream::read@78 (line 208)
                      ; - jdk.internal.loader.Resource::getBytes@90 (line 106)
                      ; - jdk.internal.loader.URLClassPath$JarLoader$1::getBytes@1 (line 730)
                      ; - jdk.internal.loader.BuiltinClassLoader::defineClass@84 (line 773)
                      ; - jdk.internal.loader.BuiltinClassLoader::findClassOnClassPathOrNull@30 (line 691)
  0x0000028a3a3a4f50: 8cce 4aff 

  0x0000028a3a3a4f54: ;   {post_call_nop}
  0x0000028a3a3a4f54: 0f1f 8400 | 4c71 008f | 41bb 504b | 0304 4d3b | d3bd ffff | ffff 7c08 | 400f 95c5 | 400f b6ed 
  0x0000028a3a3a4f74: ba45 ffff | ff4c 8b54 | 2440 4c89 | 5424 204c | 8b54 2448 | 4c89 5424 | 284c 8b54 | 2458 448b 
  0x0000028a3a3a4f94: 5c24 7044 | 895c 2438 | 4c89 5424 | 404c 8b94 | 2480 0000 | 004c 8954 | 2448 4c8b | 9424 8800 
  0x0000028a3a3a4fb4: 0000 4c89 | 5424 5044 | 8b5c 2460 | 4489 5c24 | 3c44 8b54 | 2464 4489 | 5424 5844 | 8b54 247c 
  0x0000028a3a3a4fd4: 4489 5424 | 704c 8b94 | 2498 0000 | 004c 8994 | 2488 0000 | 0044 8b9c | 2490 0000 | 0044 895c 
  0x0000028a3a3a4ff4: 2474 448b | 9424 9400 | 0000 4489 | 9424 9000 | 0000 448b | 9c24 a000 | 0000 4489 | 9c24 9800 
  0x0000028a3a3a5014: 0000 6690 

  0x0000028a3a3a5018: ;   {runtime_call UncommonTrapBlob}
  0x0000028a3a3a5018: c5f8 77e8 

  0x0000028a3a3a501c: ; ImmutableOopMap {[32]=Oop [40]=Oop [56]=NarrowOop [64]=Oop [72]=Oop [80]=Oop [116]=NarrowOop [136]=Oop [152]=NarrowOop [160]=NarrowOop }
                      ;*ifeq {reexecute=1 rethrow=0 return_oop=0}
                      ; - (reexecute) java.util.zip.ZipFile$ZipFileInputStream::initDataOffset@69 (line 914)
                      ; - java.util.zip.ZipFile$ZipFileInputStream::read@16 (line 926)
                      ; - java.util.zip.ZipFile$ZipFileInflaterInputStream::fill@32 (line 449)
                      ; - java.util.zip.InflaterInputStream::read@78 (line 208)
                      ; - jdk.internal.loader.Resource::getBytes@90 (line 106)
                      ; - jdk.internal.loader.URLClassPath$JarLoader$1::getBytes@1 (line 730)
                      ; - jdk.internal.loader.BuiltinClassLoader::defineClass@84 (line 773)
                      ; - jdk.internal.loader.BuiltinClassLoader::findClassOnClassPathOrNull@30 (line 691)
  0x0000028a3a3a501c: c0cd 4aff 

  0x0000028a3a3a5020: ;   {post_call_nop}
  0x0000028a3a3a5020: 0f1f 8400 | 1872 0090 | baf6 ffff | ff48 8b6c | 2440 4c8b | 5424 484c | 8954 2420 | 4c8b 5424 
  0x0000028a3a3a5040: 5844 8b5c | 2470 4489 | 5c24 304c | 8954 2438 | 4c8b 9424 | 8000 0000 | 4c89 5424 | 404c 8b94 
  0x0000028a3a3a5060: 2488 0000 | 004c 8954 | 2448 448b | 5c24 6044 | 895c 2434 | 448b 5424 | 6444 8954 | 2450 448b 
  0x0000028a3a3a5080: 5424 7c44 | 8954 2468 

  0x0000028a3a3a5088: ;   {runtime_call UncommonTrapBlob}
  0x0000028a3a3a5088: c5f8 77e8 

  0x0000028a3a3a508c: ; ImmutableOopMap {rbp=Oop [32]=Oop [48]=NarrowOop [56]=Oop [64]=Oop [72]=Oop [152]=Oop }
                      ;*monitorenter {reexecute=0 rethrow=0 return_oop=0}
                      ; - java.util.zip.ZipFile$ZipFileInputStream::close@30 (line 997)
                      ; - java.util.zip.ZipFile$ZipFileInputStream::read@130 (line 943)
                      ; - java.util.zip.ZipFile$ZipFileInflaterInputStream::fill@32 (line 449)
                      ; - java.util.zip.InflaterInputStream::read@78 (line 208)
                      ; - jdk.internal.loader.Resource::getBytes@90 (line 106)
                      ; - jdk.internal.loader.URLClassPath$JarLoader$1::getBytes@1 (line 730)
                      ; - jdk.internal.loader.BuiltinClassLoader::defineClass@84 (line 773)
                      ; - jdk.internal.loader.BuiltinClassLoader::findClassOnClassPathOrNull@30 (line 691)
  0x0000028a3a3a508c: 50cd 4aff 

  0x0000028a3a3a5090: ;   {post_call_nop}
  0x0000028a3a3a5090: 0f1f 8400 | 8872 0091 | baf6 ffff | ff48 8b6c | 2440 4c8b | 5424 484c | 8954 2420 | 4c8b 5424 
  0x0000028a3a3a50b0: 5844 8b5c | 2470 4489 | 5c24 304c | 8954 2438 | 4c8b 9424 | 8000 0000 | 4c89 5424 | 404c 8b94 
  0x0000028a3a3a50d0: 2488 0000 | 004c 8954 | 2448 448b | 5424 6044 | 8954 2434 | 448b 5c24 | 7844 895c | 2454 448b 
  0x0000028a3a3a50f0: 5c24 7c44 | 895c 2468 | 448b 9424 | 9000 0000 | 4489 5424 | 6c44 8b9c | 2494 0000 | 0045 8bd3 
  0x0000028a3a3a5110: 4489 9424 | 8400 0000 | 4c8b 9424 | a000 0000 | 4c89 9424 | 8800 0000 | 4c8b 9424 | 9800 0000 
  0x0000028a3a3a5130: 4c89 9424 | 9000 0000 | 898c 2498 | 0000 0090 

  0x0000028a3a3a5140: ;   {runtime_call UncommonTrapBlob}
  0x0000028a3a3a5140: c5f8 77e8 

  0x0000028a3a3a5144: ; ImmutableOopMap {rbp=Oop [32]=Oop [48]=NarrowOop [56]=Oop [64]=Oop [72]=Oop [132]=NarrowOop [136]=Oop [144]=Oop }
                      ;*invokevirtual poll {reexecute=0 rethrow=0 return_oop=0}
                      ; - java.util.WeakHashMap::expungeStaleEntries@4 (line 330)
                      ; - java.util.WeakHashMap::getTable@1 (line 362)
                      ; - java.util.WeakHashMap::remove@12 (line 604)
                      ; - java.util.Collections$SetFromMap::remove@5 (line 6044)
                      ; - java.util.zip.ZipFile$ZipFileInputStream::close@42 (line 998)
                      ; - java.util.zip.ZipFile$ZipFileInputStream::read@130 (line 943)
                      ; - java.util.zip.ZipFile$ZipFileInflaterInputStream::fill@32 (line 449)
                      ; - java.util.zip.InflaterInputStream::read@78 (line 208)
                      ; - jdk.internal.loader.Resource::getBytes@90 (line 106)
                      ; - jdk.internal.loader.URLClassPath$JarLoader$1::getBytes@1 (line 730)
                      ; - jdk.internal.loader.BuiltinClassLoader::defineClass@84 (line 773)
                      ; - jdk.internal.loader.BuiltinClassLoader::findClassOnClassPathOrNull@30 (line 691)
  0x0000028a3a3a5144: 98cc 4aff 

  0x0000028a3a3a5148: ;   {post_call_nop}
  0x0000028a3a3a5148: 0f1f 8400 | 4073 0092 | 498b d34c | 8d84 2410 | 0100 0048 | 8b6c 2440 

  0x0000028a3a3a5160: ;   {runtime_call C2 Runtime complete_monitor_locking}
  0x0000028a3a3a5160: c5f8 77e8 

  0x0000028a3a3a5164: ; ImmutableOopMap {rbp=Oop [40]=Oop [48]=Oop [64]=Oop [72]=Oop [80]=Oop [88]=Oop [112]=NarrowOop [128]=Oop [136]=Oop [148]=NarrowOop [152]=Oop }
                      ;*monitorenter {reexecute=0 rethrow=0 return_oop=0}
                      ; - java.util.zip.ZipFile$ZipFileInputStream::close@30 (line 997)
                      ; - java.util.zip.ZipFile$ZipFileInputStream::read@130 (line 943)
                      ; - java.util.zip.ZipFile$ZipFileInflaterInputStream::fill@32 (line 449)
                      ; - java.util.zip.InflaterInputStream::read@78 (line 208)
                      ; - jdk.internal.loader.Resource::getBytes@90 (line 106)
                      ; - jdk.internal.loader.URLClassPath$JarLoader$1::getBytes@1 (line 730)
                      ; - jdk.internal.loader.BuiltinClassLoader::defineClass@84 (line 773)
                      ; - jdk.internal.loader.BuiltinClassLoader::findClassOnClassPathOrNull@30 (line 691)
  0x0000028a3a3a5164: f883 4bff 

  0x0000028a3a3a5168: ;   {post_call_nop}
  0x0000028a3a3a5168: 0f1f 8400 | 6073 0093 | e996 9cff | ffba deff | ffff 4c8b | 5424 404c | 8954 2420 | 4c8b 5424 
  0x0000028a3a3a5188: 484c 8954 | 2428 4c8b | 5424 5844 | 8b5c 2470 | 4489 5c24 | 384c 8954 | 2440 4c8b | 9424 8000 
  0x0000028a3a3a51a8: 0000 4c89 | 5424 484c | 8b94 2488 | 0000 004c | 8954 2450 | 448b 5424 | 6044 8954 | 243c 448b 
  0x0000028a3a3a51c8: 5c24 7844 | 895c 245c | 448b 5c24 | 7c44 895c | 2470 448b | 9c24 9400 | 0000 458b | d344 8994 
  0x0000028a3a3a51e8: 248c 0000 | 0066 6690 

  0x0000028a3a3a51f0: ;   {runtime_call UncommonTrapBlob}
  0x0000028a3a3a51f0: c5f8 77e8 

  0x0000028a3a3a51f4: ; ImmutableOopMap {rbp=NarrowOop [32]=Oop [40]=Oop [56]=NarrowOop [64]=Oop [72]=Oop [80]=Oop [140]=NarrowOop [148]=NarrowOop [152]=Oop }
                      ;*invokeinterface remove {reexecute=0 rethrow=0 return_oop=0}
                      ; - java.util.zip.ZipFile$ZipFileInputStream::close@42 (line 998)
                      ; - java.util.zip.ZipFile$ZipFileInputStream::read@130 (line 943)
                      ; - java.util.zip.ZipFile$ZipFileInflaterInputStream::fill@32 (line 449)
                      ; - java.util.zip.InflaterInputStream::read@78 (line 208)
                      ; - jdk.internal.loader.Resource::getBytes@90 (line 106)
                      ; - jdk.internal.loader.URLClassPath$JarLoader$1::getBytes@1 (line 730)
                      ; - jdk.internal.loader.BuiltinClassLoader::defineClass@84 (line 773)
                      ; - jdk.internal.loader.BuiltinClassLoader::findClassOnClassPathOrNull@30 (line 691)
  0x0000028a3a3a51f4: e8cb 4aff 

  0x0000028a3a3a51f8: ;   {post_call_nop}
  0x0000028a3a3a51f8: 0f1f 8400 | f073 0094 | bade ffff | ff4c 8b54 | 2440 4c89 | 5424 204c | 8b54 2448 | 4c89 5424 
  0x0000028a3a3a5218: 284c 8b54 | 2458 448b | 5c24 7044 | 895c 2438 | 4c89 5424 | 404c 8b94 | 2480 0000 | 004c 8954 
  0x0000028a3a3a5238: 2448 4c8b | 9424 8800 | 0000 4c89 | 5424 5044 | 8b5c 2460 | 4489 5c24 | 3c44 8b54 | 2478 4489 
  0x0000028a3a3a5258: 5424 5844 | 8b54 247c | 4489 5424 | 7044 8b9c | 2490 0000 | 0044 895c | 2474 448b | 9424 9400 
  0x0000028a3a3a5278: 0000 4489 | 9424 8c00 | 0000 6690 

  0x0000028a3a3a5284: ;   {runtime_call UncommonTrapBlob}
  0x0000028a3a3a5284: c5f8 77e8 

  0x0000028a3a3a5288: ; ImmutableOopMap {rbp=NarrowOop [32]=Oop [40]=Oop [56]=NarrowOop [64]=Oop [72]=Oop [80]=Oop [140]=NarrowOop [152]=Oop }
                      ;*invokeinterface remove {reexecute=0 rethrow=0 return_oop=0}
                      ; - java.util.Collections$SetFromMap::remove@5 (line 6044)
                      ; - java.util.zip.ZipFile$ZipFileInputStream::close@42 (line 998)
                      ; - java.util.zip.ZipFile$ZipFileInputStream::read@130 (line 943)
                      ; - java.util.zip.ZipFile$ZipFileInflaterInputStream::fill@32 (line 449)
                      ; - java.util.zip.InflaterInputStream::read@78 (line 208)
                      ; - jdk.internal.loader.Resource::getBytes@90 (line 106)
                      ; - jdk.internal.loader.URLClassPath$JarLoader$1::getBytes@1 (line 730)
                      ; - jdk.internal.loader.BuiltinClassLoader::defineClass@84 (line 773)
                      ; - jdk.internal.loader.BuiltinClassLoader::findClassOnClassPathOrNull@30 (line 691)
  0x0000028a3a3a5288: 54cb 4aff 

  0x0000028a3a3a528c: ;   {post_call_nop}
  0x0000028a3a3a528c: 0f1f 8400 | 8474 0095 | bae4 ffff | ff48 8b6c | 2440 4c8b | 5424 484c | 8954 2420 | 4c8b 5424 
  0x0000028a3a3a52ac: 584c 8954 | 2428 448b | 5424 7044 | 8954 2430 | 4c8b 9424 | 8000 0000 | 4c89 5424 | 404c 8b94 
  0x0000028a3a3a52cc: 2488 0000 | 004c 8954 | 2448 448b | 5c24 6044 | 895c 2434 | 448b 5424 | 7844 8954 | 2450 448b 
  0x0000028a3a3a52ec: 5424 7c44 | 8954 2468 | 448b 9c24 | 9000 0000 | 4489 5c24 | 6c44 8b94 | 2494 0000 | 0044 8994 
  0x0000028a3a3a530c: 2484 0000 | 004c 8b94 | 24a0 0000 | 004c 8994 | 2488 0000 | 004c 8b94 | 2498 0000 | 004c 8994 
  0x0000028a3a3a532c: 2490 0000 | 0044 8b94 | 24a8 0000 | 0044 8994 | 2498 0000 | 0044 8984 | 24a4 0000 | 0044 898c 
  0x0000028a3a3a534c: 24a8 0000 | 0066 6690 

  0x0000028a3a3a5354: ;   {runtime_call UncommonTrapBlob}
  0x0000028a3a3a5354: c5f8 77e8 

  0x0000028a3a3a5358: ; ImmutableOopMap {rbp=Oop [32]=Oop [40]=Oop [48]=NarrowOop [64]=Oop [72]=Oop [132]=NarrowOop [136]=Oop [144]=Oop [164]=NarrowOop }
                      ;*aaload {reexecute=0 rethrow=0 return_oop=0}
                      ; - java.util.WeakHashMap::remove@30 (line 606)
                      ; - java.util.Collections$SetFromMap::remove@5 (line 6044)
                      ; - java.util.zip.ZipFile$ZipFileInputStream::close@42 (line 998)
                      ; - java.util.zip.ZipFile$ZipFileInputStream::read@130 (line 943)
                      ; - java.util.zip.ZipFile$ZipFileInflaterInputStream::fill@32 (line 449)
                      ; - java.util.zip.InflaterInputStream::read@78 (line 208)
                      ; - jdk.internal.loader.Resource::getBytes@90 (line 106)
                      ; - jdk.internal.loader.URLClassPath$JarLoader$1::getBytes@1 (line 730)
                      ; - jdk.internal.loader.BuiltinClassLoader::defineClass@84 (line 773)
                      ; - jdk.internal.loader.BuiltinClassLoader::findClassOnClassPathOrNull@30 (line 691)
  0x0000028a3a3a5358: 84ca 4aff 

  0x0000028a3a3a535c: ;   {post_call_nop}
  0x0000028a3a3a535c: 0f1f 8400 | 5475 0096 | 33ed 4585 | d240 0f95 | c5ba 45ff | ffff 4c8b | 5424 284c | 8954 2420 
  0x0000028a3a3a537c: 4c8b 5424 | 484c 8954 | 2428 4889 | 4424 7890 

  0x0000028a3a3a538c: ;   {runtime_call UncommonTrapBlob}
  0x0000028a3a3a538c: c5f8 77e8 

  0x0000028a3a3a5390: ; ImmutableOopMap {[32]=Oop [40]=Oop [48]=Oop [80]=Oop [112]=NarrowOop [120]=Oop [128]=Oop }
                      ;*ifne {reexecute=1 rethrow=0 return_oop=0}
                      ; - (reexecute) java.lang.Package::isSealed@7 (line 230)
                      ; - jdk.internal.loader.BuiltinClassLoader::getAndVerifyPackage@14 (line 818)
                      ; - jdk.internal.loader.BuiltinClassLoader::defineOrCheckPackage@4 (line 791)
                      ; - jdk.internal.loader.ClassLoaders$AppClassLoader::defineOrCheckPackage@4 (line 185)
                      ; - jdk.internal.loader.BuiltinClassLoader::defineClass@40 (line 763)
                      ; - jdk.internal.loader.BuiltinClassLoader::findClassOnClassPathOrNull@30 (line 691)
  0x0000028a3a3a5390: 4cca 4aff 

  0x0000028a3a3a5394: ;   {post_call_nop}
  0x0000028a3a3a5394: 0f1f 8400 | 8c75 0097 | ba45 ffff | ff4c 8b54 | 2428 4c89 | 5424 204c | 8b54 2448 | 4c89 5424 
  0x0000028a3a3a53b4: 2848 8944 | 2478 6690 

  0x0000028a3a3a53bc: ;   {runtime_call UncommonTrapBlob}
  0x0000028a3a3a53bc: c5f8 77e8 

  0x0000028a3a3a53c0: ; ImmutableOopMap {rbp=NarrowOop [32]=Oop [40]=Oop [48]=Oop [80]=Oop [112]=NarrowOop [120]=Oop [128]=Oop }
                      ;*ifnull {reexecute=1 rethrow=0 return_oop=0}
                      ; - (reexecute) java.lang.Package::isSealed@17 (line 230)
                      ; - jdk.internal.loader.BuiltinClassLoader::getAndVerifyPackage@14 (line 818)
                      ; - jdk.internal.loader.BuiltinClassLoader::defineOrCheckPackage@4 (line 791)
                      ; - jdk.internal.loader.ClassLoaders$AppClassLoader::defineOrCheckPackage@4 (line 185)
                      ; - jdk.internal.loader.BuiltinClassLoader::defineClass@40 (line 763)
                      ; - jdk.internal.loader.BuiltinClassLoader::findClassOnClassPathOrNull@30 (line 691)
  0x0000028a3a3a53c0: 1cca 4aff 

  0x0000028a3a3a53c4: ;   {post_call_nop}
  0x0000028a3a3a53c4: 0f1f 8400 | bc75 0098 | ba45 ffff | ff48 8b6c | 2428 4c8b | 5424 484c | 8954 2420 | 4c8b 5424 
  0x0000028a3a3a53e4: 304c 8954 | 2428 4c8b | 5424 504c | 8954 2448 | 8944 2458 

  0x0000028a3a3a53f8: ;   {runtime_call UncommonTrapBlob}
  0x0000028a3a3a53f8: c5f8 77e8 

  0x0000028a3a3a53fc: ; ImmutableOopMap {rbp=Oop [32]=Oop [40]=Oop [72]=Oop [112]=NarrowOop [128]=Oop }
                      ;*ifeq {reexecute=1 rethrow=0 return_oop=0}
                      ; - (reexecute) jdk.internal.loader.BuiltinClassLoader::getAndVerifyPackage@73 (line 825)
                      ; - jdk.internal.loader.BuiltinClassLoader::defineOrCheckPackage@4 (line 791)
                      ; - jdk.internal.loader.ClassLoaders$AppClassLoader::defineOrCheckPackage@4 (line 185)
                      ; - jdk.internal.loader.BuiltinClassLoader::defineClass@40 (line 763)
                      ; - jdk.internal.loader.BuiltinClassLoader::findClassOnClassPathOrNull@30 (line 691)
  0x0000028a3a3a53fc: e0c9 4aff 

  0x0000028a3a3a5400: ;   {post_call_nop}
  0x0000028a3a3a5400: 0f1f 8400 | f875 0099 

  0x0000028a3a3a5408: ;   {metadata({type array byte})}
  0x0000028a3a3a5408: 48ba f842 | 188d 0000 | 0000 448b | c166 6690 

  0x0000028a3a3a5418: ;   {runtime_call C2 Runtime new_array_nozero}
  0x0000028a3a3a5418: c5f8 77e8 

  0x0000028a3a3a541c: ; ImmutableOopMap {[40]=Oop [64]=Oop [72]=Oop [80]=Oop [88]=Oop [96]=Oop rbp=Derived_oop_[96] [112]=NarrowOop }
                      ;*invokevirtual clone {reexecute=1 rethrow=0 return_oop=1}
                      ; - (reexecute) java.util.Arrays::copyOf@7 (line 3535)
                      ; - jdk.internal.loader.Resource::getBytes@70 (line 102)
                      ; - jdk.internal.loader.URLClassPath$JarLoader$1::getBytes@1 (line 730)
                      ; - jdk.internal.loader.BuiltinClassLoader::defineClass@84 (line 773)
                      ; - jdk.internal.loader.BuiltinClassLoader::findClassOnClassPathOrNull@30 (line 691)
  0x0000028a3a3a541c: 40da 4aff 

  0x0000028a3a3a5420: ;   {post_call_nop}
  0x0000028a3a3a5420: 0f1f 8400 | 1876 009a | 4c8b d8e9 | e1ce ffff | ba45 ffff | ff4c 8b54 | 2440 4c89 | 5424 204c 
  0x0000028a3a3a5440: 8b54 2448 | 4c89 5424 | 284c 8b54 | 2458 4c89 | 5424 3044 | 8b54 2470 | 4489 5424 | 384c 8b94 
  0x0000028a3a3a5460: 2480 0000 | 004c 8954 | 2448 4c8b | 9424 8800 | 0000 4c89 | 5424 5044 | 8b5c 2460 | 4489 5c24 
  0x0000028a3a3a5480: 3c44 8b54 | 2478 4489 | 5424 5844 | 8b54 247c | 4489 5424 | 7044 8b9c | 2490 0000 | 0044 895c 
  0x0000028a3a3a54a0: 2474 448b | 9424 9400 | 0000 4489 | 9424 8c00 | 0000 4c8b | 9424 a000 | 0000 4c89 | 9424 9000 
  0x0000028a3a3a54c0: 0000 448b | 9424 a800 | 0000 4489 | 9424 a000 | 0000 4489 | 8424 a400 | 0000 4489 | 8c24 a800 
  0x0000028a3a3a54e0: 0000 4889 | 9c24 b000 | 0000 4889 | 8c24 c000 | 0000 6690 

  0x0000028a3a3a54f4: ;   {runtime_call UncommonTrapBlob}
  0x0000028a3a3a54f4: c5f8 77e8 

  0x0000028a3a3a54f8: ; ImmutableOopMap {rbp=NarrowOop [32]=Oop [40]=Oop [48]=Oop [56]=NarrowOop [72]=Oop [80]=Oop [140]=NarrowOop [144]=Oop [152]=Oop [164]=NarrowOop [176]=Oop [192]=Oop }
                      ;*ifeq {reexecute=1 rethrow=0 return_oop=0}
                      ; - (reexecute) java.util.WeakHashMap::matchesKey@5 (line 295)
                      ; - java.util.WeakHashMap::remove@62 (line 611)
                      ; - java.util.Collections$SetFromMap::remove@5 (line 6044)
                      ; - java.util.zip.ZipFile$ZipFileInputStream::close@42 (line 998)
                      ; - java.util.zip.ZipFile$ZipFileInputStream::read@130 (line 943)
                      ; - java.util.zip.ZipFile$ZipFileInflaterInputStream::fill@32 (line 449)
                      ; - java.util.zip.InflaterInputStream::read@78 (line 208)
                      ; - jdk.internal.loader.Resource::getBytes@90 (line 106)
                      ; - jdk.internal.loader.URLClassPath$JarLoader$1::getBytes@1 (line 730)
                      ; - jdk.internal.loader.BuiltinClassLoader::defineClass@84 (line 773)
                      ; - jdk.internal.loader.BuiltinClassLoader::findClassOnClassPathOrNull@30 (line 691)
  0x0000028a3a3a54f8: e4c8 4aff 

  0x0000028a3a3a54fc: ;   {post_call_nop}
  0x0000028a3a3a54fc: 0f1f 8400 | f476 009b | ba45 ffff | ff4c 8b54 | 2440 4c89 | 5424 204c | 8b54 2448 | 4c89 5424 
  0x0000028a3a3a551c: 284c 8b54 | 2458 448b | 5c24 7044 | 895c 2438 | 4c89 5424 | 404c 8b94 | 2480 0000 | 004c 8954 
  0x0000028a3a3a553c: 2448 4c8b | 9424 8800 | 0000 4c89 | 5424 5044 | 8b5c 2460 | 4489 5c24 | 3c44 8b54 | 2478 4489 
  0x0000028a3a3a555c: 5424 5844 | 8b54 247c | 4489 5424 | 7044 8b9c | 2490 0000 | 0044 895c | 2474 448b | 9424 9400 
  0x0000028a3a3a557c: 0000 4489 | 9424 8c00 | 0000 4889 | 9c24 a000 | 0000 4889 | 8c24 a800 | 0000 6690 

  0x0000028a3a3a5598: ;   {runtime_call UncommonTrapBlob}
  0x0000028a3a3a5598: c5f8 77e8 

  0x0000028a3a3a559c: ; ImmutableOopMap {rbp=NarrowOop [32]=Oop [40]=Oop [56]=NarrowOop [64]=Oop [72]=Oop [80]=Oop [140]=NarrowOop [160]=Oop [168]=Oop }
                      ;*if_acmpne {reexecute=1 rethrow=0 return_oop=0}
                      ; - (reexecute) java.util.WeakHashMap::remove@92 (line 614)
                      ; - java.util.Collections$SetFromMap::remove@5 (line 6044)
                      ; - java.util.zip.ZipFile$ZipFileInputStream::close@42 (line 998)
                      ; - java.util.zip.ZipFile$ZipFileInputStream::read@130 (line 943)
                      ; - java.util.zip.ZipFile$ZipFileInflaterInputStream::fill@32 (line 449)
                      ; - java.util.zip.InflaterInputStream::read@78 (line 208)
                      ; - jdk.internal.loader.Resource::getBytes@90 (line 106)
                      ; - jdk.internal.loader.URLClassPath$JarLoader$1::getBytes@1 (line 730)
                      ; - jdk.internal.loader.BuiltinClassLoader::defineClass@84 (line 773)
                      ; - jdk.internal.loader.BuiltinClassLoader::findClassOnClassPathOrNull@30 (line 691)
  0x0000028a3a3a559c: 40c8 4aff 

  0x0000028a3a3a55a0: ;   {post_call_nop}
  0x0000028a3a3a55a0: 0f1f 8400 | 9877 009c | bac6 ffff | ff4c 8b54 | 2440 498b | ea4c 8b54 | 2448 4c89 | 5424 2048 
  0x0000028a3a3a55c0: 8974 2438 | 4489 5c24 | 344c 894c | 2458 4889 | 5c24 6044 | 8944 2454 

  0x0000028a3a3a55d8: ;   {runtime_call UncommonTrapBlob}
  0x0000028a3a3a55d8: c5f8 77e8 

  0x0000028a3a3a55dc: ; ImmutableOopMap {rbp=Oop [32]=Oop [56]=Oop [88]=Oop [96]=Oop [112]=NarrowOop }
                      ;*invokevirtual read {reexecute=0 rethrow=0 return_oop=0}
                      ; - jdk.internal.loader.Resource::getBytes@90 (line 106)
                      ; - jdk.internal.loader.URLClassPath$JarLoader$1::getBytes@1 (line 730)
                      ; - jdk.internal.loader.BuiltinClassLoader::defineClass@84 (line 773)
                      ; - jdk.internal.loader.BuiltinClassLoader::findClassOnClassPathOrNull@30 (line 691)
  0x0000028a3a3a55dc: 00c8 4aff 

  0x0000028a3a3a55e0: ;   {post_call_nop}
  0x0000028a3a3a55e0: 0f1f 8400 | d877 009d | ba48 0000 | 004c 8b4c | 2440 498b | e94c 8b4c | 2448 4c89 | 4c24 2048 
  0x0000028a3a3a5600: 8974 2438 | 4489 5c24 | 3448 897c | 2450 4489 | 4424 4c4c | 8954 2468 

  0x0000028a3a3a5618: ;   {runtime_call UncommonTrapBlob}
  0x0000028a3a3a5618: c5f8 77e8 

  0x0000028a3a3a561c: ; ImmutableOopMap {rbp=Oop [32]=Oop [56]=Oop [80]=Oop [104]=Oop [112]=NarrowOop }
                      ;*invokestatic enabled {reexecute=0 rethrow=0 return_oop=0}
                      ; - java.io.FileInputStream::read@6 (line 278)
                      ; - jdk.internal.loader.Resource::getBytes@90 (line 106)
                      ; - jdk.internal.loader.URLClassPath$JarLoader$1::getBytes@1 (line 730)
                      ; - jdk.internal.loader.BuiltinClassLoader::defineClass@84 (line 773)
                      ; - jdk.internal.loader.BuiltinClassLoader::findClassOnClassPathOrNull@30 (line 691)
  0x0000028a3a3a561c: c0c7 4aff 

  0x0000028a3a3a5620: ;   {post_call_nop}
  0x0000028a3a3a5620: 0f1f 8400 | 1878 009e | 4983 c2fe | 498b ca49 | 8bfb 4833 | c048 83f9 | 087f 1048 | ffc9 784f 
  0x0000028a3a3a5640: 4889 04cf | 48ff c97d | f7eb 44c5 | fdef c0e9 | 0d00 0000 | c5fe 7f07 | c5fe 7f47 | 2048 83c7 
  0x0000028a3a3a5660: 4048 83e9 | 087d ed48 | 83c1 047c | 0cc5 fe7f | 0748 83c7 | 2048 83e9 | 0448 83c1 | 047e 1048 
  0x0000028a3a3a5680: ffc9 c5f9 | d607 4883 | c708 48ff | c97d f3e9 | c1c1 ffff | bacc ffff | ff48 8b6c | 2440 4c8b 
  0x0000028a3a3a56a0: 4c24 484c | 894c 2420 | 4889 7c24 | 304c 8b4c | 2450 4c89 | 4c24 384c | 895c 2440 | 4489 4424 
  0x0000028a3a3a56c0: 2c44 8954 | 2448 895c | 2450 6690 

  0x0000028a3a3a56cc: ;   {runtime_call UncommonTrapBlob}
  0x0000028a3a3a56cc: c5f8 77e8 

  0x0000028a3a3a56d0: ; ImmutableOopMap {rbp=Oop [32]=Oop [48]=Oop [56]=Oop [64]=Oop [112]=NarrowOop }
                      ;*newarray {reexecute=1 rethrow=0 return_oop=0}
                      ; - (reexecute) java.util.Arrays::copyOf@15 (line 3537)
                      ; - jdk.internal.loader.Resource::getBytes@70 (line 102)
                      ; - jdk.internal.loader.BuiltinClassLoader::defineClass@84 (line 773)
                      ; - jdk.internal.loader.BuiltinClassLoader::findClassOnClassPathOrNull@30 (line 691)
  0x0000028a3a3a56d0: 0cc7 4aff 

  0x0000028a3a3a56d4: ;   {post_call_nop}
  0x0000028a3a3a56d4: 0f1f 8400 | cc78 009f | baf6 ffff | ff48 8b6c | 2440 4c8b | 5c24 484c | 895c 2420 | 4c8b 5c24 
  0x0000028a3a3a56f4: 504c 895c | 2430 4489 | 4424 2c48 | 895c 2450 | 4c89 4c24 | 5844 8954 | 244c 8944 | 2460 8974 
  0x0000028a3a3a5714: 2464 6690 

  0x0000028a3a3a5718: ;   {runtime_call UncommonTrapBlob}
  0x0000028a3a3a5718: c5f8 77e8 

  0x0000028a3a3a571c: ; ImmutableOopMap {rbp=Oop [32]=Oop [48]=Oop [80]=Oop [88]=Oop [100]=NarrowOop [112]=NarrowOop }
                      ;*monitorenter {reexecute=0 rethrow=0 return_oop=0}
                      ; - java.util.zip.Inflater::finished@6 (line 302)
                      ; - java.util.zip.InflaterInputStream::read@34 (line 198)
                      ; - jdk.internal.loader.Resource::getBytes@90 (line 106)
                      ; - jdk.internal.loader.BuiltinClassLoader::defineClass@84 (line 773)
                      ; - jdk.internal.loader.BuiltinClassLoader::findClassOnClassPathOrNull@30 (line 691)
  0x0000028a3a3a571c: c0c6 4aff 

  0x0000028a3a3a5720: ;   {post_call_nop}
  0x0000028a3a3a5720: 0f1f 8400 | 1879 00a0 | 498d 2cf4 | 488b 5424 | 784c 8d84 | 2410 0100 | 0066 6690 

  0x0000028a3a3a573c: ;   {runtime_call C2 Runtime complete_monitor_locking}
  0x0000028a3a3a573c: c5f8 77e8 

  0x0000028a3a3a5740: ; ImmutableOopMap {rbp=Oop [40]=Oop [48]=NarrowOop [56]=Oop [64]=Oop [72]=Oop [80]=Oop [96]=Oop [104]=Oop [112]=NarrowOop [120]=Oop }
                      ;*monitorenter {reexecute=0 rethrow=0 return_oop=0}
                      ; - java.util.zip.Inflater::finished@6 (line 302)
                      ; - java.util.zip.InflaterInputStream::read@34 (line 198)
                      ; - jdk.internal.loader.Resource::getBytes@90 (line 106)
                      ; - jdk.internal.loader.BuiltinClassLoader::defineClass@84 (line 773)
                      ; - jdk.internal.loader.BuiltinClassLoader::findClassOnClassPathOrNull@30 (line 691)
  0x0000028a3a3a5740: 1c7e 4bff 

  0x0000028a3a3a5744: ;   {post_call_nop}
  0x0000028a3a3a5744: 0f1f 8400 | 3c79 00a1 | e91f c2ff | ff4d 8bd3 | 498b ca48 | 8d94 2410 | 0100 004d | 8bc7 c5f8 
  0x0000028a3a3a5764: ;   {runtime_call}
  0x0000028a3a3a5764: 7749 ba70 | f449 e5fe | 7f00 0041 

  0x0000028a3a3a5770: ;   {post_call_nop}
  0x0000028a3a3a5770: ffd2 0f1f | 8400 0000 | 0000 e999 | c2ff ffba | f6ff ffff | 488b 6c24 | 404c 8b54 | 2448 4c89 
  0x0000028a3a3a5790: 5424 204c | 8b54 2450 | 4c89 5424 | 3844 8b54 | 2434 4489 | 5424 2c44 | 8b5c 2458 | 458b d344 
  0x0000028a3a3a57b0: 8954 2434 | 448b 5c24 | 5c44 895c | 2458 894c | 245c 6690 

  0x0000028a3a3a57c4: ;   {runtime_call UncommonTrapBlob}
  0x0000028a3a3a57c4: c5f8 77e8 

  0x0000028a3a3a57c8: ; ImmutableOopMap {rbp=Oop [32]=Oop [56]=Oop [92]=NarrowOop [96]=Oop [104]=Oop [112]=NarrowOop }
                      ;*monitorenter {reexecute=0 rethrow=0 return_oop=0}
                      ; - java.util.zip.Inflater::needsDictionary@6 (line 292)
                      ; - java.util.zip.InflaterInputStream::read@44 (line 198)
                      ; - jdk.internal.loader.Resource::getBytes@90 (line 106)
                      ; - jdk.internal.loader.BuiltinClassLoader::defineClass@84 (line 773)
                      ; - jdk.internal.loader.BuiltinClassLoader::findClassOnClassPathOrNull@30 (line 691)
  0x0000028a3a3a57c8: 14c6 4aff 

  0x0000028a3a3a57cc: ;   {post_call_nop}
  0x0000028a3a3a57cc: 0f1f 8400 | c479 00a2 | baf6 ffff | ff48 8b6c | 2440 4c8b | 5424 484c | 8954 2420 | 4c8b 5424 
  0x0000028a3a3a57ec: 504c 8954 | 2438 448b | 5c24 3444 | 895c 242c | 448b 5424 | 5844 8954 | 2434 448b | 5424 5c44 
  0x0000028a3a3a580c: 8954 2458 | 4489 4c24 | 5c66 6690 

  0x0000028a3a3a5818: ;   {runtime_call UncommonTrapBlob}
  0x0000028a3a3a5818: c5f8 77e8 

  0x0000028a3a3a581c: ; ImmutableOopMap {rbp=Oop [32]=Oop [56]=Oop [92]=NarrowOop [96]=Oop [104]=Oop [112]=NarrowOop }
                      ;*monitorenter {reexecute=0 rethrow=0 return_oop=0}
                      ; - java.util.zip.Inflater::needsInput@6 (line 281)
                      ; - java.util.zip.InflaterInputStream::read@61 (line 202)
                      ; - jdk.internal.loader.Resource::getBytes@90 (line 106)
                      ; - jdk.internal.loader.BuiltinClassLoader::defineClass@84 (line 773)
                      ; - jdk.internal.loader.BuiltinClassLoader::findClassOnClassPathOrNull@30 (line 691)
  0x0000028a3a3a581c: c0c5 4aff 

  0x0000028a3a3a5820: ;   {post_call_nop}
  0x0000028a3a3a5820: 0f1f 8400 | 187a 00a3 | 4d8b d349 | 8bca 488d | 9424 1001 | 0000 4d8b | c7c5 f877 

  0x0000028a3a3a583c: ;   {runtime_call}
  0x0000028a3a3a583c: 49ba 70f4 | 49e5 fe7f | 0000 41ff 

  0x0000028a3a3a5848: ;   {post_call_nop}
  0x0000028a3a3a5848: d20f 1f84 | 0000 0000 | 00e9 14c3 | ffff 498d | 2ccc 488b | 5424 784c | 8d84 2410 | 0100 0090 
  0x0000028a3a3a5868: ;   {runtime_call C2 Runtime complete_monitor_locking}
  0x0000028a3a3a5868: c5f8 77e8 

  0x0000028a3a3a586c: ; ImmutableOopMap {rbp=Oop [40]=Oop [48]=NarrowOop [56]=Oop [64]=Oop [72]=Oop [80]=Oop [96]=Oop [104]=Oop [112]=NarrowOop [120]=Oop }
                      ;*monitorenter {reexecute=0 rethrow=0 return_oop=0}
                      ; - java.util.zip.Inflater::needsDictionary@6 (line 292)
                      ; - java.util.zip.InflaterInputStream::read@44 (line 198)
                      ; - jdk.internal.loader.Resource::getBytes@90 (line 106)
                      ; - jdk.internal.loader.BuiltinClassLoader::defineClass@84 (line 773)
                      ; - jdk.internal.loader.BuiltinClassLoader::findClassOnClassPathOrNull@30 (line 691)
  0x0000028a3a3a586c: f07c 4bff 

  0x0000028a3a3a5870: ;   {post_call_nop}
  0x0000028a3a3a5870: 0f1f 8400 | 687a 00a4 | e945 c2ff | ff4b 8d2c | cc48 8b54 | 2478 4c8d | 8424 1001 | 0000 6690 
  0x0000028a3a3a5890: ;   {runtime_call C2 Runtime complete_monitor_locking}
  0x0000028a3a3a5890: c5f8 77e8 

  0x0000028a3a3a5894: ; ImmutableOopMap {rbp=Oop [40]=Oop [48]=NarrowOop [56]=Oop [64]=Oop [72]=Oop [80]=Oop [96]=Oop [104]=Oop [112]=NarrowOop [116]=NarrowOop [120]=Oop }
                      ;*monitorenter {reexecute=0 rethrow=0 return_oop=0}
                      ; - java.util.zip.Inflater::needsInput@6 (line 281)
                      ; - java.util.zip.InflaterInputStream::read@61 (line 202)
                      ; - jdk.internal.loader.Resource::getBytes@90 (line 106)
                      ; - jdk.internal.loader.BuiltinClassLoader::defineClass@84 (line 773)
                      ; - jdk.internal.loader.BuiltinClassLoader::findClassOnClassPathOrNull@30 (line 691)
  0x0000028a3a3a5894: c87c 4bff 

  0x0000028a3a3a5898: ;   {post_call_nop}
  0x0000028a3a3a5898: 0f1f 8400 | 907a 00a5 | e970 c3ff | ff49 8bcb | 488d 9424 | 1001 0000 | 4d8b c7c5 

  0x0000028a3a3a58b4: ;   {runtime_call}
  0x0000028a3a3a58b4: f877 49ba | 70f4 49e5 | fe7f 0000 

  0x0000028a3a3a58c0: ;   {post_call_nop}
  0x0000028a3a3a58c0: 41ff d20f | 1f84 0000 | 0000 00e9 | 20c4 ffff | 4c89 6c24 | 2048 897c | 2458 4889 

  0x0000028a3a3a58dc: ;   {metadata('java/io/FileInputStream$1')}
  0x0000028a3a3a58dc: 7424 5048 | ba28 562e | 8d00 0000 | 0066 6690 

  0x0000028a3a3a58ec: ;   {runtime_call C2 Runtime new_instance}
  0x0000028a3a3a58ec: c5f8 77e8 

  0x0000028a3a3a58f0: ; ImmutableOopMap {rbp=NarrowOop [32]=Oop [40]=Oop [64]=Oop [72]=Oop [80]=Oop [88]=Oop [112]=NarrowOop }
                      ;*new {reexecute=0 rethrow=0 return_oop=1}
                      ; - java.io.FileInputStream::close@57 (line 505)
                      ; - jdk.internal.loader.Resource::getBytes@144 (line 121)
                      ; - jdk.internal.loader.URLClassPath$JarLoader$1::getBytes@1 (line 730)
                      ; - jdk.internal.loader.BuiltinClassLoader::defineClass@84 (line 773)
                      ; - jdk.internal.loader.BuiltinClassLoader::findClassOnClassPathOrNull@30 (line 691)
  0x0000028a3a3a58f0: ec03 4bff 

  0x0000028a3a3a58f4: ;   {post_call_nop}
  0x0000028a3a3a58f4: 0f1f 8400 | ec7a 00a6 | 488b 7424 | 5048 8b7c | 2458 4c8b | 6c24 20e9 | 5dd3 ffff | bac6 ffff 
  0x0000028a3a3a5914: ff48 8b6c | 2440 4c8b | 5424 484c | 8954 2420 | 4889 7424 | 3848 897c | 2440 6690 

  0x0000028a3a3a5930: ;   {runtime_call UncommonTrapBlob}
  0x0000028a3a3a5930: c5f8 77e8 

  0x0000028a3a3a5934: ; ImmutableOopMap {rbp=Oop [32]=Oop [56]=Oop [64]=Oop [80]=Oop [112]=NarrowOop }
                      ;*invokevirtual close {reexecute=0 rethrow=0 return_oop=0}
                      ; - jdk.internal.loader.Resource::getBytes@144 (line 121)
                      ; - jdk.internal.loader.URLClassPath$JarLoader$1::getBytes@1 (line 730)
                      ; - jdk.internal.loader.BuiltinClassLoader::defineClass@84 (line 773)
                      ; - jdk.internal.loader.BuiltinClassLoader::findClassOnClassPathOrNull@30 (line 691)
  0x0000028a3a3a5934: a8c4 4aff 

  0x0000028a3a3a5938: ;   {post_call_nop}
  0x0000028a3a3a5938: 0f1f 8400 | 307b 00a7 | ba45 ffff | ff4c 8b5c | 2440 4c89 | 5c24 204c | 8b5c 2448 | 4c89 5c24 
  0x0000028a3a3a5958: 288b 7c24 | 7089 7c24 | 304c 8b5c | 2450 4c89 | 5c24 3844 | 8944 2434 | 4889 5c24 | 584c 894c 
  0x0000028a3a3a5978: 2460 4489 | 5424 5444 | 8954 246c | 8944 2470 | 894c 2474 

  0x0000028a3a3a598c: ;   {runtime_call UncommonTrapBlob}
  0x0000028a3a3a598c: c5f8 77e8 

  0x0000028a3a3a5990: ; ImmutableOopMap {[32]=Oop [40]=Oop [48]=NarrowOop [56]=Oop [88]=Oop [96]=Oop }
                      ;*iflt {reexecute=1 rethrow=0 return_oop=0}
                      ; - (reexecute) jdk.internal.util.Preconditions::checkFromIndexSize@5 (line 396)
                      ; - java.util.Objects::checkFromIndexSize@4 (line 417)
                      ; - java.util.zip.InflaterInputStream::read@20 (line 191)
                      ; - jdk.internal.loader.Resource::getBytes@90 (line 106)
                      ; - jdk.internal.loader.BuiltinClassLoader::defineClass@84 (line 773)
                      ; - jdk.internal.loader.BuiltinClassLoader::findClassOnClassPathOrNull@30 (line 691)
  0x0000028a3a3a5990: 4cc4 4aff 

  0x0000028a3a3a5994: ;   {post_call_nop}
  0x0000028a3a3a5994: 0f1f 8400 | 8c7b 00a8 | ba45 ffff | ff48 8b6c | 2440 488b | 4c24 4848 | 894c 2420 | 4c89 4c24 
  0x0000028a3a3a59b4: 384c 895c | 2440 4489 | 4424 2c44 | 8954 2448 | 895c 244c 

  0x0000028a3a3a59c8: ;   {runtime_call UncommonTrapBlob}
  0x0000028a3a3a59c8: c5f8 77e8 

  0x0000028a3a3a59cc: ; ImmutableOopMap {rbp=Oop [32]=Oop [56]=Oop [64]=Oop [80]=Oop [112]=NarrowOop }
                      ;*ifge {reexecute=1 rethrow=0 return_oop=0}
                      ; - (reexecute) jdk.internal.loader.Resource::getBytes@97 (line 107)
                      ; - jdk.internal.loader.BuiltinClassLoader::defineClass@84 (line 773)
                      ; - jdk.internal.loader.BuiltinClassLoader::findClassOnClassPathOrNull@30 (line 691)
  0x0000028a3a3a59cc: 10c4 4aff 

  0x0000028a3a3a59d0: ;   {post_call_nop}
  0x0000028a3a3a59d0: 0f1f 8400 | c87b 00a9 | ba45 ffff | ff48 8b6c | 2440 4c8b | 4c24 484c | 894c 2420 | 4889 7c24 
  0x0000028a3a3a59f0: 304c 895c | 2440 4489 | 4424 2c44 | 8954 2448 

  0x0000028a3a3a5a00: ;   {runtime_call UncommonTrapBlob}
  0x0000028a3a3a5a00: c5f8 77e8 

  0x0000028a3a3a5a04: ; ImmutableOopMap {rbp=Oop [32]=Oop [48]=Oop [64]=Oop [80]=Oop [112]=NarrowOop }
                      ;*ifge {reexecute=1 rethrow=0 return_oop=0}
                      ; - (reexecute) jdk.internal.loader.Resource::getBytes@55 (line 98)
                      ; - jdk.internal.loader.BuiltinClassLoader::defineClass@84 (line 773)
                      ; - jdk.internal.loader.BuiltinClassLoader::findClassOnClassPathOrNull@30 (line 691)
  0x0000028a3a3a5a04: d8c3 4aff 

  0x0000028a3a3a5a08: ;   {post_call_nop}
  0x0000028a3a3a5a08: 0f1f 8400 | 007c 00aa | baf6 ffff | ff48 8b6c | 2440 4c8b | 5424 484c | 8954 2420 | 4c8b 5424 
  0x0000028a3a3a5a28: 584c 8954 | 2428 448b | 5424 7044 | 8954 2430 | 4c8b 9424 | 8000 0000 | 4c89 5424 | 404c 8b94 
  0x0000028a3a3a5a48: 2488 0000 | 004c 8954 | 2448 448b | 5c24 6044 | 895c 2434 | 448b 5424 | 7844 8954 | 2450 448b 
  0x0000028a3a3a5a68: 5424 7c44 | 8954 2468 | 448b 9c24 | 9000 0000 | 4489 5c24 | 6c44 8b94 | 2494 0000 | 0044 8994 
  0x0000028a3a3a5a88: 2484 0000 | 004c 8b94 | 24a0 0000 | 004c 8994 | 2488 0000 | 004c 8b94 | 2498 0000 | 004c 8994 
  0x0000028a3a3a5aa8: 2490 0000 | 0089 8c24 | 9800 0000 | 4489 8424 | 9c00 0000 

  0x0000028a3a3a5abc: ;   {runtime_call UncommonTrapBlob}
  0x0000028a3a3a5abc: c5f8 77e8 

  0x0000028a3a3a5ac0: ; ImmutableOopMap {rbp=Oop [32]=Oop [40]=Oop [48]=NarrowOop [64]=Oop [72]=Oop [132]=NarrowOop [136]=Oop [144]=Oop [156]=NarrowOop }
                      ;*monitorenter {reexecute=0 rethrow=0 return_oop=0}
                      ; - java.lang.ref.ReferenceQueue::poll@18 (line 164)
                      ; - java.util.WeakHashMap::expungeStaleEntries@4 (line 330)
                      ; - java.util.WeakHashMap::getTable@1 (line 362)
                      ; - java.util.WeakHashMap::remove@12 (line 604)
                      ; - java.util.Collections$SetFromMap::remove@5 (line 6044)
                      ; - java.util.zip.ZipFile$ZipFileInputStream::close@42 (line 998)
                      ; - java.util.zip.ZipFile$ZipFileInputStream::read@130 (line 943)
                      ; - java.util.zip.ZipFile$ZipFileInflaterInputStream::fill@32 (line 449)
                      ; - java.util.zip.InflaterInputStream::read@78 (line 208)
                      ; - jdk.internal.loader.Resource::getBytes@90 (line 106)
                      ; - jdk.internal.loader.URLClassPath$JarLoader$1::getBytes@1 (line 730)
                      ; - jdk.internal.loader.BuiltinClassLoader::defineClass@84 (line 773)
                      ; - jdk.internal.loader.BuiltinClassLoader::findClassOnClassPathOrNull@30 (line 691)
  0x0000028a3a3a5ac0: 1cc3 4aff 

  0x0000028a3a3a5ac4: ;   {post_call_nop}
  0x0000028a3a3a5ac4: 0f1f 8400 | bc7c 00ab | bacf ffff | ff48 8b6c | 2440 4c8b | 5424 484c | 8954 2420 | 4c8b 5424 
  0x0000028a3a3a5ae4: 584c 8954 | 2428 448b | 5424 7044 | 8954 2430 | 4c8b 9424 | 8000 0000 | 4c89 5424 | 404c 8b94 
  0x0000028a3a3a5b04: 2488 0000 | 004c 8954 | 2448 448b | 5424 6044 | 8954 2434 | 448b 5c24 | 7844 895c | 2454 448b 
  0x0000028a3a3a5b24: 5c24 7c44 | 895c 2468 | 448b 9424 | 9000 0000 | 4489 5424 | 6c44 8b9c | 2494 0000 | 0045 8bd3 
  0x0000028a3a3a5b44: 4489 9424 | 8400 0000 | 4c8b 9424 | a000 0000 | 4c89 9424 | 8800 0000 | 4c8b 9424 | 9800 0000 
  0x0000028a3a3a5b64: 4c89 9424 | 9000 0000 | 898c 2498 | 0000 0044 | 8984 249c | 0000 0090 

  0x0000028a3a3a5b7c: ;   {runtime_call UncommonTrapBlob}
  0x0000028a3a3a5b7c: c5f8 77e8 

  0x0000028a3a3a5b80: ; ImmutableOopMap {rbp=Oop [32]=Oop [40]=Oop [48]=NarrowOop [64]=Oop [72]=Oop [132]=NarrowOop [136]=Oop [144]=Oop [156]=NarrowOop }
                      ;*invokestatic pin {reexecute=0 rethrow=0 return_oop=0}
                      ; - jdk.internal.vm.ContinuationSupport::pinIfSupported@6 (line 58)
                      ; - java.lang.ref.ReferenceQueue::poll@9 (line 162)
                      ; - java.util.WeakHashMap::expungeStaleEntries@4 (line 330)
                      ; - java.util.WeakHashMap::getTable@1 (line 362)
                      ; - java.util.WeakHashMap::remove@12 (line 604)
                      ; - java.util.Collections$SetFromMap::remove@5 (line 6044)
                      ; - java.util.zip.ZipFile$ZipFileInputStream::close@42 (line 998)
                      ; - java.util.zip.ZipFile$ZipFileInputStream::read@130 (line 943)
                      ; - java.util.zip.ZipFile$ZipFileInflaterInputStream::fill@32 (line 449)
                      ; - java.util.zip.InflaterInputStream::read@78 (line 208)
                      ; - jdk.internal.loader.Resource::getBytes@90 (line 106)
                      ; - jdk.internal.loader.URLClassPath$JarLoader$1::getBytes@1 (line 730)
                      ; - jdk.internal.loader.BuiltinClassLoader::defineClass@84 (line 773)
                      ; - jdk.internal.loader.BuiltinClassLoader::findClassOnClassPathOrNull@30 (line 691)
  0x0000028a3a3a5b80: 5cc2 4aff 

  0x0000028a3a3a5b84: ;   {post_call_nop}
  0x0000028a3a3a5b84: 0f1f 8400 | 7c7d 00ac | bacf ffff | ff48 8b6c | 2440 4c8b | 5424 484c | 8954 2420 | 4c8b 5424 
  0x0000028a3a3a5ba4: 584c 8954 | 2428 448b | 5424 7044 | 8954 2430 | 4c8b 9424 | 8000 0000 | 4c89 5424 | 404c 8b94 
  0x0000028a3a3a5bc4: 2488 0000 | 004c 8954 | 2448 448b | 5c24 6044 | 895c 2434 | 448b 5424 | 7844 8954 | 2450 448b 
  0x0000028a3a3a5be4: 5424 7c44 | 8954 2468 | 448b 9c24 | 9000 0000 | 4489 5c24 | 6c44 8b94 | 2494 0000 | 0044 8994 
  0x0000028a3a3a5c04: 2484 0000 | 004c 8b94 | 24a0 0000 | 004c 8994 | 2488 0000 | 004c 8b94 | 2498 0000 | 004c 8994 
  0x0000028a3a3a5c24: 2490 0000 | 0044 8b94 | 24a8 0000 | 0044 8994 | 2498 0000 | 0048 899c | 24b0 0000 | 0066 6690 
  0x0000028a3a3a5c44: ;   {runtime_call UncommonTrapBlob}
  0x0000028a3a3a5c44: c5f8 77e8 

  0x0000028a3a3a5c48: ; ImmutableOopMap {rbp=Oop [32]=Oop [40]=Oop [48]=NarrowOop [64]=Oop [72]=Oop [132]=NarrowOop [136]=Oop [144]=Oop [176]=Oop }
                      ;*invokestatic unpin {reexecute=0 rethrow=0 return_oop=0}
                      ; - jdk.internal.vm.ContinuationSupport::unpinIfSupported@6 (line 67)
                      ; - java.lang.ref.ReferenceQueue::poll@26 (line 168)
                      ; - java.util.WeakHashMap::expungeStaleEntries@4 (line 330)
                      ; - java.util.WeakHashMap::getTable@1 (line 362)
                      ; - java.util.WeakHashMap::remove@12 (line 604)
                      ; - java.util.Collections$SetFromMap::remove@5 (line 6044)
                      ; - java.util.zip.ZipFile$ZipFileInputStream::close@42 (line 998)
                      ; - java.util.zip.ZipFile$ZipFileInputStream::read@130 (line 943)
                      ; - java.util.zip.ZipFile$ZipFileInflaterInputStream::fill@32 (line 449)
                      ; - java.util.zip.InflaterInputStream::read@78 (line 208)
                      ; - jdk.internal.loader.Resource::getBytes@90 (line 106)
                      ; - jdk.internal.loader.URLClassPath$JarLoader$1::getBytes@1 (line 730)
                      ; - jdk.internal.loader.BuiltinClassLoader::defineClass@84 (line 773)
                      ; - jdk.internal.loader.BuiltinClassLoader::findClassOnClassPathOrNull@30 (line 691)
  0x0000028a3a3a5c48: 94c1 4aff 

  0x0000028a3a3a5c4c: ;   {post_call_nop}
  0x0000028a3a3a5c4c: 0f1f 8400 | 447e 00ad | 498b d34c | 8d84 2418 | 0100 0090 

  0x0000028a3a3a5c60: ;   {runtime_call C2 Runtime complete_monitor_locking}
  0x0000028a3a3a5c60: c5f8 77e8 

  0x0000028a3a3a5c64: ; ImmutableOopMap {rbp=NarrowOop [40]=Oop [48]=Oop [56]=Oop [64]=Oop [72]=Oop [80]=Oop [88]=Oop [104]=Oop [112]=NarrowOop [128]=Oop [136]=Oop [148]=NarrowOop [152]=Oop [160]=Oop }
                      ;*monitorenter {reexecute=0 rethrow=0 return_oop=0}
                      ; - java.lang.ref.ReferenceQueue::poll@18 (line 164)
                      ; - java.util.WeakHashMap::expungeStaleEntries@4 (line 330)
                      ; - java.util.WeakHashMap::getTable@1 (line 362)
                      ; - java.util.WeakHashMap::remove@12 (line 604)
                      ; - java.util.Collections$SetFromMap::remove@5 (line 6044)
                      ; - java.util.zip.ZipFile$ZipFileInputStream::close@42 (line 998)
                      ; - java.util.zip.ZipFile$ZipFileInputStream::read@130 (line 943)
                      ; - java.util.zip.ZipFile$ZipFileInflaterInputStream::fill@32 (line 449)
                      ; - java.util.zip.InflaterInputStream::read@78 (line 208)
                      ; - jdk.internal.loader.Resource::getBytes@90 (line 106)
                      ; - jdk.internal.loader.URLClassPath$JarLoader$1::getBytes@1 (line 730)
                      ; - jdk.internal.loader.BuiltinClassLoader::defineClass@84 (line 773)
                      ; - jdk.internal.loader.BuiltinClassLoader::findClassOnClassPathOrNull@30 (line 691)
  0x0000028a3a3a5c64: f878 4bff 

  0x0000028a3a3a5c68: ;   {post_call_nop}
  0x0000028a3a3a5c68: 0f1f 8400 | 607e 00ae | e927 aaff | ff49 8bcb | 488d 9424 | 1801 0000 | 4d8b c7c5 

  0x0000028a3a3a5c84: ;   {runtime_call}
  0x0000028a3a3a5c84: f877 49ba | 70f4 49e5 | fe7f 0000 

  0x0000028a3a3a5c90: ;   {post_call_nop}
  0x0000028a3a3a5c90: 41ff d20f | 1f84 0000 | 0000 00e9 | b4aa ffff | ba45 ffff | ff4c 8b5c | 2440 4c89 | 5c24 204c 
  0x0000028a3a3a5cb0: 8b5c 2448 | 4c89 5c24 | 284c 8b5c | 2450 4c89 | 5c24 3844 | 8944 2434 | 4889 5c24 | 584c 894c 
  0x0000028a3a3a5cd0: 2460 4489 | 5424 5489 | 4424 6890 

  0x0000028a3a3a5cdc: ;   {runtime_call UncommonTrapBlob}
  0x0000028a3a3a5cdc: c5f8 77e8 

  0x0000028a3a3a5ce0: ; ImmutableOopMap {[32]=Oop [40]=Oop [56]=Oop [88]=Oop [96]=Oop [112]=NarrowOop }
                      ;*ifeq {reexecute=1 rethrow=0 return_oop=0}
                      ; - (reexecute) java.util.zip.InflaterInputStream::ensureOpen@4 (line 84)
                      ; - java.util.zip.InflaterInputStream::read@1 (line 187)
                      ; - jdk.internal.loader.Resource::getBytes@90 (line 106)
                      ; - jdk.internal.loader.BuiltinClassLoader::defineClass@84 (line 773)
                      ; - jdk.internal.loader.BuiltinClassLoader::findClassOnClassPathOrNull@30 (line 691)
  0x0000028a3a3a5ce0: fcc0 4aff 

  0x0000028a3a3a5ce4: ;   {post_call_nop}
  0x0000028a3a3a5ce4: 0f1f 8400 | dc7e 00af | ba45 ffff | ff4c 8b5c | 2440 4c89 | 5c24 204c | 8b5c 2448 | 4c89 5c24 
  0x0000028a3a3a5d04: 288b 7424 | 7089 7424 | 304c 8b5c | 2450 4c89 | 5c24 3844 | 8944 2434 | 4889 5c24 | 584c 894c 
  0x0000028a3a3a5d24: 2460 4489 | 5424 5444 | 8954 246c | 8944 2470 | 894c 2474 | 8944 2478 

  0x0000028a3a3a5d3c: ;   {runtime_call UncommonTrapBlob}
  0x0000028a3a3a5d3c: c5f8 77e8 

  0x0000028a3a3a5d40: ; ImmutableOopMap {[32]=Oop [40]=Oop [48]=NarrowOop [56]=Oop [88]=Oop [96]=Oop }
                      ;*if_icmple {reexecute=1 rethrow=0 return_oop=0}
                      ; - (reexecute) jdk.internal.util.Preconditions::checkFromIndexSize@12 (line 396)
                      ; - java.util.Objects::checkFromIndexSize@4 (line 417)
                      ; - java.util.zip.InflaterInputStream::read@20 (line 191)
                      ; - jdk.internal.loader.Resource::getBytes@90 (line 106)
                      ; - jdk.internal.loader.BuiltinClassLoader::defineClass@84 (line 773)
                      ; - jdk.internal.loader.BuiltinClassLoader::findClassOnClassPathOrNull@30 (line 691)
  0x0000028a3a3a5d40: 9cc0 4aff 

  0x0000028a3a3a5d44: ;   {post_call_nop}
  0x0000028a3a3a5d44: 0f1f 8400 | 3c7f 00b0 | ba45 ffff | ff4c 8b54 | 2440 4c89 | 5424 204c | 8b54 2448 | 4c89 5424 
  0x0000028a3a3a5d64: 284c 8b54 | 2450 4c89 | 5424 3844 | 8b54 2458 | 4489 5424 | 5066 6690 

  0x0000028a3a3a5d7c: ;   {runtime_call UncommonTrapBlob}
  0x0000028a3a3a5d7c: c5f8 77e8 

  0x0000028a3a3a5d80: ; ImmutableOopMap {[32]=Oop [40]=Oop [56]=Oop [96]=Oop [104]=Oop [112]=NarrowOop }
                      ;*ifeq {reexecute=1 rethrow=0 return_oop=0}
                      ; - (reexecute) java.util.zip.InflaterInputStream::read@47 (line 198)
                      ; - jdk.internal.loader.Resource::getBytes@90 (line 106)
                      ; - jdk.internal.loader.BuiltinClassLoader::defineClass@84 (line 773)
                      ; - jdk.internal.loader.BuiltinClassLoader::findClassOnClassPathOrNull@30 (line 691)
  0x0000028a3a3a5d80: 5cc0 4aff 

  0x0000028a3a3a5d84: ;   {post_call_nop}
  0x0000028a3a3a5d84: 0f1f 8400 | 7c7f 00b1 | baf6 ffff | ff48 8b6c | 2440 4c89 | 5c24 3090 

  0x0000028a3a3a5d9c: ;   {runtime_call UncommonTrapBlob}
  0x0000028a3a3a5d9c: c5f8 77e8 

  0x0000028a3a3a5da0: ; ImmutableOopMap {rbp=Oop [48]=Oop [56]=Oop [72]=Oop [112]=NarrowOop }
                      ;*invokevirtual length {reexecute=0 rethrow=0 return_oop=0}
                      ; - jdk.internal.loader.URLClassPath$FileLoader$1::getContentLength@4 (line 961)
                      ; - jdk.internal.loader.Resource::getBytes@6 (line 90)
                      ; - jdk.internal.loader.BuiltinClassLoader::defineClass@84 (line 773)
                      ; - jdk.internal.loader.BuiltinClassLoader::findClassOnClassPathOrNull@30 (line 691)
  0x0000028a3a3a5da0: 3cc0 4aff 

  0x0000028a3a3a5da4: ;   {post_call_nop}
  0x0000028a3a3a5da4: 0f1f 8400 | 9c7f 00b2 | bac6 ffff | ff48 8b6c | 2438 4889 | 4424 3090 

  0x0000028a3a3a5dbc: ;   {runtime_call UncommonTrapBlob}
  0x0000028a3a3a5dbc: c5f8 77e8 

  0x0000028a3a3a5dc0: ; ImmutableOopMap {rbp=Oop [48]=Oop [72]=Oop }
                      ;*invokevirtual getCodeSourceURL {reexecute=0 rethrow=0 return_oop=0}
                      ; - jdk.internal.loader.BuiltinClassLoader::defineClass@1 (line 756)
                      ; - jdk.internal.loader.BuiltinClassLoader::findClassOnClassPathOrNull@30 (line 691)
  0x0000028a3a3a5dc0: 1cc0 4aff 

  0x0000028a3a3a5dc4: ;   {post_call_nop}
  0x0000028a3a3a5dc4: 0f1f 8400 | bc7f 00b3 | bac6 ffff | ff48 8b6c | 2438 4889 | 7424 4090 

  0x0000028a3a3a5ddc: ;   {runtime_call UncommonTrapBlob}
  0x0000028a3a3a5ddc: c5f8 77e8 

  0x0000028a3a3a5de0: ; ImmutableOopMap {rbp=Oop [64]=Oop [72]=Oop [112]=NarrowOop [128]=Oop }
                      ;*invokevirtual getManifest {reexecute=0 rethrow=0 return_oop=0}
                      ; - jdk.internal.loader.BuiltinClassLoader::defineClass@29 (line 762)
                      ; - jdk.internal.loader.BuiltinClassLoader::findClassOnClassPathOrNull@30 (line 691)
  0x0000028a3a3a5de0: fcbf 4aff 

  0x0000028a3a3a5de4: ;   {post_call_nop}
  0x0000028a3a3a5de4: 0f1f 8400 | dc7f 00b4 | bac6 ffff | ff48 8b6c | 2440 4c89 | 5c24 3890 

  0x0000028a3a3a5dfc: ;   {runtime_call UncommonTrapBlob}
  0x0000028a3a3a5dfc: c5f8 77e8 

  0x0000028a3a3a5e00: ; ImmutableOopMap {rbp=Oop [56]=Oop [72]=Oop [112]=NarrowOop }
                      ;*invokevirtual getBytes {reexecute=0 rethrow=0 return_oop=0}
                      ; - jdk.internal.loader.BuiltinClassLoader::defineClass@84 (line 773)
                      ; - jdk.internal.loader.BuiltinClassLoader::findClassOnClassPathOrNull@30 (line 691)
  0x0000028a3a3a5e00: dcbf 4aff 

  0x0000028a3a3a5e04: ;   {post_call_nop}
  0x0000028a3a3a5e04: 0f1f 8400 | fc7f 00b5 | baf6 ffff | ff48 8b6c | 2440 4c8b | 5424 484c | 8954 2420 | 448b 5c24 
  0x0000028a3a3a5e24: 7044 895c | 2428 4c8b | 5424 504c | 8954 2438 | 448b 5424 | 3444 8954 | 242c 448b | 5c24 5845 
  0x0000028a3a3a5e44: 8bd3 4489 | 5424 3444 | 8b5c 245c | 4489 5c24 | 5866 6690 

  0x0000028a3a3a5e58: ;   {runtime_call UncommonTrapBlob}
  0x0000028a3a3a5e58: c5f8 77e8 

  0x0000028a3a3a5e5c: ; ImmutableOopMap {rbp=Oop [32]=Oop [40]=NarrowOop [56]=Oop [96]=Oop [104]=Oop [116]=NarrowOop [128]=Oop }
                      ;*monitorenter {reexecute=0 rethrow=0 return_oop=0}
                      ; - java.util.zip.ZipFile$ZipFileInputStream::read@7 (line 924)
                      ; - java.util.zip.ZipFile$ZipFileInflaterInputStream::fill@32 (line 449)
                      ; - java.util.zip.InflaterInputStream::read@78 (line 208)
                      ; - jdk.internal.loader.Resource::getBytes@90 (line 106)
                      ; - jdk.internal.loader.BuiltinClassLoader::defineClass@84 (line 773)
                      ; - jdk.internal.loader.BuiltinClassLoader::findClassOnClassPathOrNull@30 (line 691)
  0x0000028a3a3a5e5c: 80bf 4aff 

  0x0000028a3a3a5e60: ;   {post_call_nop}
  0x0000028a3a3a5e60: 0f1f 8400 | 5880 00b6 | baf6 ffff | ff48 8b6c | 2440 4c8b | 5424 484c | 8954 2420 | 448b 5424 
  0x0000028a3a3a5e80: 7044 8954 | 2428 4c8b | 5424 504c | 8954 2438 | 448b 5c24 | 3444 895c | 242c 448b | 5c24 5845 
  0x0000028a3a3a5ea0: 8bd3 4489 | 5424 3444 | 8b5c 245c | 4489 5c24 | 5844 8b54 | 247c 4489 | 5424 7090 

  0x0000028a3a3a5ebc: ;   {runtime_call UncommonTrapBlob}
  0x0000028a3a3a5ebc: c5f8 77e8 

  0x0000028a3a3a5ec0: ; ImmutableOopMap {rbp=Oop [32]=Oop [40]=NarrowOop [56]=Oop [96]=Oop [104]=Oop [112]=NarrowOop [116]=NarrowOop [128]=Oop [152]=NarrowOop }
                      ;*monitorenter {reexecute=0 rethrow=0 return_oop=0}
                      ; - java.util.zip.ZipFile$Source::readAt@7 (line 1586)
                      ; - java.util.zip.ZipFile$ZipFileInputStream::read@76 (line 936)
                      ; - java.util.zip.ZipFile$ZipFileInflaterInputStream::fill@32 (line 449)
                      ; - java.util.zip.InflaterInputStream::read@78 (line 208)
                      ; - jdk.internal.loader.Resource::getBytes@90 (line 106)
                      ; - jdk.internal.loader.BuiltinClassLoader::defineClass@84 (line 773)
                      ; - jdk.internal.loader.BuiltinClassLoader::findClassOnClassPathOrNull@30 (line 691)
  0x0000028a3a3a5ec0: 1cbf 4aff 

  0x0000028a3a3a5ec4: ;   {post_call_nop}
  0x0000028a3a3a5ec4: 0f1f 8400 | bc80 00b7 | baf6 ffff | ff48 8b6c | 2440 4c8b | 5424 484c | 8954 2420 | 448b 5424 
  0x0000028a3a3a5ee4: 7044 8954 | 2428 4c8b | 5424 504c | 8954 2438 | 448b 5c24 | 3444 895c | 242c 448b | 5c24 5845 
  0x0000028a3a3a5f04: 8bd3 4489 | 5424 3444 | 8b5c 245c | 4489 5c24 | 5844 8b54 | 247c 4489 | 5424 7044 | 8b9c 249c 
  0x0000028a3a3a5f24: 0000 0045 | 8bd3 4489 | 9424 9400 | 0000 6690 

  0x0000028a3a3a5f34: ;   {runtime_call UncommonTrapBlob}
  0x0000028a3a3a5f34: c5f8 77e8 

  0x0000028a3a3a5f38: ; ImmutableOopMap {rbp=Oop [32]=Oop [40]=NarrowOop [56]=Oop [96]=Oop [104]=Oop [112]=NarrowOop [116]=NarrowOop [128]=Oop [148]=NarrowOop [152]=NarrowOop [156]=NarrowOop }
                      ;*invokevirtual seek {reexecute=0 rethrow=0 return_oop=0}
                      ; - java.util.zip.ZipFile$Source::readAt@14 (line 1587)
                      ; - java.util.zip.ZipFile$ZipFileInputStream::read@76 (line 936)
                      ; - java.util.zip.ZipFile$ZipFileInflaterInputStream::fill@32 (line 449)
                      ; - java.util.zip.InflaterInputStream::read@78 (line 208)
                      ; - jdk.internal.loader.Resource::getBytes@90 (line 106)
                      ; - jdk.internal.loader.BuiltinClassLoader::defineClass@84 (line 773)
                      ; - jdk.internal.loader.BuiltinClassLoader::findClassOnClassPathOrNull@30 (line 691)
  0x0000028a3a3a5f38: a4be 4aff 

  0x0000028a3a3a5f3c: ;   {post_call_nop}
  0x0000028a3a3a5f3c: 0f1f 8400 | 3481 00b8 | baf6 ffff | ff48 8b6c | 2440 4c8b | 5424 484c | 8954 2420 | 448b 5424 
  0x0000028a3a3a5f5c: 7044 8954 | 2428 4c8b | 5424 504c | 8954 2438 | 448b 5c24 | 3444 895c | 242c 448b | 5c24 5845 
  0x0000028a3a3a5f7c: 8bd3 4489 | 5424 3444 | 8b5c 245c | 4489 5c24 | 5844 8b54 | 247c 4489 | 5424 7044 | 8b94 249c 
  0x0000028a3a3a5f9c: 0000 0044 | 8994 2490 | 0000 0090 

  0x0000028a3a3a5fa8: ;   {runtime_call UncommonTrapBlob}
  0x0000028a3a3a5fa8: c5f8 77e8 

  0x0000028a3a3a5fac: ; ImmutableOopMap {rbp=Oop [32]=Oop [40]=NarrowOop [56]=Oop [96]=Oop [104]=Oop [112]=NarrowOop [116]=NarrowOop [128]=Oop [144]=NarrowOop [156]=NarrowOop }
                      ;*invokevirtual read {reexecute=0 rethrow=0 return_oop=0}
                      ; - java.util.zip.ZipFile$Source::readAt@24 (line 1588)
                      ; - java.util.zip.ZipFile$ZipFileInputStream::read@76 (line 936)
                      ; - java.util.zip.ZipFile$ZipFileInflaterInputStream::fill@32 (line 449)
                      ; - java.util.zip.InflaterInputStream::read@78 (line 208)
                      ; - jdk.internal.loader.Resource::getBytes@90 (line 106)
                      ; - jdk.internal.loader.BuiltinClassLoader::defineClass@84 (line 773)
                      ; - jdk.internal.loader.BuiltinClassLoader::findClassOnClassPathOrNull@30 (line 691)
  0x0000028a3a3a5fac: 30be 4aff 

  0x0000028a3a3a5fb0: ;   {post_call_nop}
  0x0000028a3a3a5fb0: 0f1f 8400 | a881 00b9 | baf6 ffff | ff48 8b6c | 2440 4c8b | 5424 484c | 8954 2420 | 4c8b 5424 
  0x0000028a3a3a5fd0: 504c 8954 | 2438 448b | 5424 3444 | 8954 242c | 448b 5424 | 5844 8954 | 2430 4c8b | 5424 684c 
  0x0000028a3a3a5ff0: 8954 2450 | 448b 5424 | 5c44 8954 | 2458 6690 

  0x0000028a3a3a6000: ;   {runtime_call UncommonTrapBlob}
  0x0000028a3a3a6000: c5f8 77e8 

  0x0000028a3a3a6004: ; ImmutableOopMap {rbp=Oop [32]=Oop [56]=Oop [80]=Oop [96]=Oop [112]=NarrowOop [120]=NarrowOop [124]=NarrowOop }
                      ;*monitorenter {reexecute=0 rethrow=0 return_oop=0}
                      ; - java.util.zip.Inflater::setInput@18 (line 135)
                      ; - java.util.zip.ZipFile$ZipFileInflaterInputStream::fill@76 (line 455)
                      ; - java.util.zip.InflaterInputStream::read@78 (line 208)
                      ; - jdk.internal.loader.Resource::getBytes@90 (line 106)
                      ; - jdk.internal.loader.BuiltinClassLoader::defineClass@84 (line 773)
                      ; - jdk.internal.loader.BuiltinClassLoader::findClassOnClassPathOrNull@30 (line 691)
  0x0000028a3a3a6004: d8bd 4aff 

  0x0000028a3a3a6008: ;   {post_call_nop}
  0x0000028a3a3a6008: 0f1f 8400 | 0082 00ba | baf6 ffff | ff48 8b6c | 2440 4c8b | 5424 484c | 8954 2420 | 448b 5424 
  0x0000028a3a3a6028: 7044 8954 | 2428 4c8b | 5424 504c | 8954 2438 | 448b 5424 | 3444 8954 | 242c 448b | 5c24 5845 
  0x0000028a3a3a6048: 8bd3 4489 | 5424 3444 | 8b5c 245c | 4489 5c24 | 5844 8b54 | 2474 4489 | 5424 5c44 | 8b5c 2478 
  0x0000028a3a3a6068: 4489 5c24 | 7044 8b54 | 247c 4489 | 5424 7844 | 8b94 24a8 | 0000 0044 | 8954 247c 

  0x0000028a3a3a6084: ;   {runtime_call UncommonTrapBlob}
  0x0000028a3a3a6084: c5f8 77e8 

  0x0000028a3a3a6088: ; ImmutableOopMap {rbp=Oop [32]=Oop [40]=NarrowOop [56]=Oop [92]=NarrowOop [96]=Oop [104]=Oop [120]=NarrowOop [124]=NarrowOop [128]=Oop [152]=Oop }
                      ;*monitorenter {reexecute=0 rethrow=0 return_oop=0}
                      ; - java.util.zip.ZipFile$Source::readFullyAt@7 (line 1570)
                      ; - java.util.zip.ZipFile$ZipFileInputStream::initDataOffset@41 (line 910)
                      ; - java.util.zip.ZipFile$ZipFileInputStream::read@16 (line 926)
                      ; - java.util.zip.ZipFile$ZipFileInflaterInputStream::fill@32 (line 449)
                      ; - java.util.zip.InflaterInputStream::read@78 (line 208)
                      ; - jdk.internal.loader.Resource::getBytes@90 (line 106)
                      ; - jdk.internal.loader.BuiltinClassLoader::defineClass@84 (line 773)
                      ; - jdk.internal.loader.BuiltinClassLoader::findClassOnClassPathOrNull@30 (line 691)
  0x0000028a3a3a6088: 54bd 4aff 

  0x0000028a3a3a608c: ;   {post_call_nop}
  0x0000028a3a3a608c: 0f1f 8400 | 8482 00bb | baf6 ffff | ff48 8b6c | 2440 4c8b | 5424 484c | 8954 2420 | 448b 5c24 
  0x0000028a3a3a60ac: 7044 895c | 2428 4c8b | 5424 504c | 8954 2438 | 448b 5c24 | 3444 895c | 242c 448b | 5424 5844 
  0x0000028a3a3a60cc: 8954 2430 | 448b 5424 | 5c44 8954 | 2458 448b | 5c24 7444 | 895c 245c | 448b 5424 | 7844 8954 
  0x0000028a3a3a60ec: 2470 448b | 5c24 7c45 | 8bd3 4489 | 5424 7844 | 8b9c 24a8 | 0000 0044 | 895c 247c 

  0x0000028a3a3a6108: ;   {runtime_call UncommonTrapBlob}
  0x0000028a3a3a6108: c5f8 77e8 

  0x0000028a3a3a610c: ; ImmutableOopMap {rbp=Oop [32]=Oop [40]=NarrowOop [56]=Oop [92]=NarrowOop [96]=Oop [104]=Oop [120]=NarrowOop [124]=NarrowOop [128]=Oop [152]=Oop [172]=NarrowOop }
                      ;*invokevirtual seek {reexecute=0 rethrow=0 return_oop=0}
                      ; - java.util.zip.ZipFile$Source::readFullyAt@14 (line 1571)
                      ; - java.util.zip.ZipFile$ZipFileInputStream::initDataOffset@41 (line 910)
                      ; - java.util.zip.ZipFile$ZipFileInputStream::read@16 (line 926)
                      ; - java.util.zip.ZipFile$ZipFileInflaterInputStream::fill@32 (line 449)
                      ; - java.util.zip.InflaterInputStream::read@78 (line 208)
                      ; - jdk.internal.loader.Resource::getBytes@90 (line 106)
                      ; - jdk.internal.loader.BuiltinClassLoader::defineClass@84 (line 773)
                      ; - jdk.internal.loader.BuiltinClassLoader::findClassOnClassPathOrNull@30 (line 691)
  0x0000028a3a3a610c: d0bc 4aff 

  0x0000028a3a3a6110: ;   {post_call_nop}
  0x0000028a3a3a6110: 0f1f 8400 | 0883 00bc | baf6 ffff | ff4c 8b54 | 2448 4c89 | 5424 2044 | 8b5c 2470 | 4489 5c24 
  0x0000028a3a3a6130: 284c 8b54 | 2450 4c89 | 5424 3844 | 8b54 2434 | 4489 5424 | 2c44 8b5c | 2458 458b | d344 8954 
  0x0000028a3a3a6150: 2434 448b | 5c24 5c44 | 895c 2458 | 448b 5424 | 7444 8954 | 245c 448b | 5c24 7844 | 895c 2470 
  0x0000028a3a3a6170: 448b 5424 | 7c44 8954 | 2478 448b | 9424 a800 | 0000 4489 | 5424 7c90 

  0x0000028a3a3a6188: ;   {runtime_call UncommonTrapBlob}
  0x0000028a3a3a6188: c5f8 77e8 

  0x0000028a3a3a618c: ; ImmutableOopMap {rbp=Oop [32]=Oop [40]=NarrowOop [56]=Oop [92]=NarrowOop [96]=Oop [104]=Oop [120]=NarrowOop [124]=NarrowOop [128]=Oop [152]=Oop [172]=NarrowOop }
                      ;*invokevirtual readFully {reexecute=0 rethrow=0 return_oop=0}
                      ; - java.util.zip.ZipFile$Source::readFullyAt@43 (line 1575)
                      ; - java.util.zip.ZipFile$ZipFileInputStream::initDataOffset@41 (line 910)
                      ; - java.util.zip.ZipFile$ZipFileInputStream::read@16 (line 926)
                      ; - java.util.zip.ZipFile$ZipFileInflaterInputStream::fill@32 (line 449)
                      ; - java.util.zip.InflaterInputStream::read@78 (line 208)
                      ; - jdk.internal.loader.Resource::getBytes@90 (line 106)
                      ; - jdk.internal.loader.BuiltinClassLoader::defineClass@84 (line 773)
                      ; - jdk.internal.loader.BuiltinClassLoader::findClassOnClassPathOrNull@30 (line 691)
  0x0000028a3a3a618c: 50bc 4aff 

  0x0000028a3a3a6190: ;   {post_call_nop}
  0x0000028a3a3a6190: 0f1f 8400 | 8883 00bd | bade ffff | ff48 8b6c | 2440 4c8b | 5424 484c | 8954 2420 | 448b 5c24 
  0x0000028a3a3a61b0: 7044 895c | 2428 4c8b | 5424 504c | 8954 2438 | 448b 5424 | 3444 8954 | 242c 448b | 5c24 5845 
  0x0000028a3a3a61d0: 8bd3 4489 | 5424 3444 | 8b5c 245c | 4489 5c24 | 5844 8944 | 245c 448b | 5424 7444 | 8954 2470 
  0x0000028a3a3a61f0: ;   {runtime_call UncommonTrapBlob}
  0x0000028a3a3a61f0: c5f8 77e8 

  0x0000028a3a3a61f4: ; ImmutableOopMap {rbp=Oop [32]=Oop [40]=NarrowOop [56]=Oop [92]=NarrowOop [96]=Oop [104]=Oop [112]=NarrowOop }
                      ;*invokevirtual read {reexecute=0 rethrow=0 return_oop=0}
                      ; - java.util.zip.ZipFile$ZipFileInflaterInputStream::fill@32 (line 449)
                      ; - java.util.zip.InflaterInputStream::read@78 (line 208)
                      ; - jdk.internal.loader.Resource::getBytes@90 (line 106)
                      ; - jdk.internal.loader.BuiltinClassLoader::defineClass@84 (line 773)
                      ; - jdk.internal.loader.BuiltinClassLoader::findClassOnClassPathOrNull@30 (line 691)
  0x0000028a3a3a61f4: e8bb 4aff 

  0x0000028a3a3a61f8: ;   {post_call_nop}
  0x0000028a3a3a61f8: 0f1f 8400 | f083 00be | 498b d34c | 8d84 2410 | 0100 0048 | 8b6c 2440 

  0x0000028a3a3a6210: ;   {runtime_call C2 Runtime complete_monitor_locking}
  0x0000028a3a3a6210: c5f8 77e8 

  0x0000028a3a3a6214: ; ImmutableOopMap {rbp=Oop [40]=Oop [56]=Oop [64]=Oop [72]=Oop [80]=Oop [96]=Oop [104]=Oop [112]=NarrowOop [116]=NarrowOop [124]=NarrowOop [128]=Oop [136]=Oop [144]=Oop }
                      ;*monitorenter {reexecute=0 rethrow=0 return_oop=0}
                      ; - java.util.zip.ZipFile$ZipFileInputStream::read@7 (line 924)
                      ; - java.util.zip.ZipFile$ZipFileInflaterInputStream::fill@32 (line 449)
                      ; - java.util.zip.InflaterInputStream::read@78 (line 208)
                      ; - jdk.internal.loader.Resource::getBytes@90 (line 106)
                      ; - jdk.internal.loader.BuiltinClassLoader::defineClass@84 (line 773)
                      ; - jdk.internal.loader.BuiltinClassLoader::findClassOnClassPathOrNull@30 (line 691)
  0x0000028a3a3a6214: 4873 4bff 

  0x0000028a3a3a6218: ;   {post_call_nop}
  0x0000028a3a3a6218: 0f1f 8400 | 1084 00bf | e966 a7ff | ff49 8bd3 | 4c8d 8424 | 1801 0000 

  0x0000028a3a3a6230: ;   {runtime_call C2 Runtime complete_monitor_locking}
  0x0000028a3a3a6230: c5f8 77e8 

  0x0000028a3a3a6234: ; ImmutableOopMap {rbp=Oop [40]=Oop [56]=Oop [64]=Oop [72]=Oop [80]=Oop [96]=Oop [104]=Oop [112]=NarrowOop [116]=NarrowOop [124]=NarrowOop [128]=Oop [136]=Oop [144]=Oop [152]=NarrowOop [156]=NarrowOop [168]=Oop }
                      ;*monitorenter {reexecute=0 rethrow=0 return_oop=0}
                      ; - java.util.zip.ZipFile$Source::readAt@7 (line 1586)
                      ; - java.util.zip.ZipFile$ZipFileInputStream::read@76 (line 936)
                      ; - java.util.zip.ZipFile$ZipFileInflaterInputStream::fill@32 (line 449)
                      ; - java.util.zip.InflaterInputStream::read@78 (line 208)
                      ; - jdk.internal.loader.Resource::getBytes@90 (line 106)
                      ; - jdk.internal.loader.BuiltinClassLoader::defineClass@84 (line 773)
                      ; - jdk.internal.loader.BuiltinClassLoader::findClassOnClassPathOrNull@30 (line 691)
  0x0000028a3a3a6234: 2873 4bff 

  0x0000028a3a3a6238: ;   {post_call_nop}
  0x0000028a3a3a6238: 0f1f 8400 | 3084 00c0 | e9a2 abff | ff4d 8bd3 | 498b ca48 | 8d94 2418 | 0100 004d | 8bc7 c5f8 
  0x0000028a3a3a6258: ;   {runtime_call}
  0x0000028a3a3a6258: 7749 ba70 | f449 e5fe | 7f00 0041 

  0x0000028a3a3a6264: ;   {post_call_nop}
  0x0000028a3a3a6264: ffd2 0f1f | 8400 0000 | 0000 e9af | acff ff49 | 8bcb 488d | 9424 1001 | 0000 4d8b | c7c5 f877 
  0x0000028a3a3a6284: ;   {runtime_call}
  0x0000028a3a3a6284: 49ba 70f4 | 49e5 fe7f | 0000 41ff 

  0x0000028a3a3a6290: ;   {post_call_nop}
  0x0000028a3a3a6290: d20f 1f84 | 0000 0000 | 00e9 61ad | ffff 458b | d84f 8d14 | dc44 8b5c | 2478 4b8d | 2cdc 488b 
  0x0000028a3a3a62b0: 9424 8000 | 0000 4c8d | 8424 1001 | 0000 4c89 | 9424 a000 | 0000 6690 

  0x0000028a3a3a62c8: ;   {runtime_call C2 Runtime complete_monitor_locking}
  0x0000028a3a3a62c8: c5f8 77e8 

  0x0000028a3a3a62cc: ; ImmutableOopMap {rbp=Oop [40]=Oop [56]=Oop [64]=Oop [72]=Oop [80]=Oop [96]=Oop [104]=Oop [112]=NarrowOop [120]=NarrowOop [124]=NarrowOop [128]=Oop [160]=Oop }
                      ;*monitorenter {reexecute=0 rethrow=0 return_oop=0}
                      ; - java.util.zip.Inflater::setInput@18 (line 135)
                      ; - java.util.zip.ZipFile$ZipFileInflaterInputStream::fill@76 (line 455)
                      ; - java.util.zip.InflaterInputStream::read@78 (line 208)
                      ; - jdk.internal.loader.Resource::getBytes@90 (line 106)
                      ; - jdk.internal.loader.BuiltinClassLoader::defineClass@84 (line 773)
                      ; - jdk.internal.loader.BuiltinClassLoader::findClassOnClassPathOrNull@30 (line 691)
  0x0000028a3a3a62cc: 9072 4bff 

  0x0000028a3a3a62d0: ;   {post_call_nop}
  0x0000028a3a3a62d0: 0f1f 8400 | c884 00c1 | e966 b1ff | ff49 8bcb | 488d 9424 | 1001 0000 | 4d8b c7c5 

  0x0000028a3a3a62ec: ;   {runtime_call}
  0x0000028a3a3a62ec: f877 49ba | 70f4 49e5 | fe7f 0000 

  0x0000028a3a3a62f8: ;   {post_call_nop}
  0x0000028a3a3a62f8: 41ff d20f | 1f84 0000 | 0000 00e9 | 56b2 ffff | 498b d34c | 8d84 2418 | 0100 0048 | 8b6c 2440 
  0x0000028a3a3a6318: ;   {runtime_call C2 Runtime complete_monitor_locking}
  0x0000028a3a3a6318: c5f8 77e8 

  0x0000028a3a3a631c: ; ImmutableOopMap {rbp=Oop [40]=Oop [56]=Oop [64]=Oop [72]=Oop [80]=Oop [96]=Oop [104]=Oop [112]=NarrowOop [116]=NarrowOop [124]=NarrowOop [128]=Oop [136]=Oop [144]=Oop [152]=Oop [168]=NarrowOop [172]=NarrowOop [176]=Oop [184]=Oop }
                      ;*monitorenter {reexecute=0 rethrow=0 return_oop=0}
                      ; - java.util.zip.ZipFile$Source::readFullyAt@7 (line 1570)
                      ; - java.util.zip.ZipFile$ZipFileInputStream::initDataOffset@41 (line 910)
                      ; - java.util.zip.ZipFile$ZipFileInputStream::read@16 (line 926)
                      ; - java.util.zip.ZipFile$ZipFileInflaterInputStream::fill@32 (line 449)
                      ; - java.util.zip.InflaterInputStream::read@78 (line 208)
                      ; - jdk.internal.loader.Resource::getBytes@90 (line 106)
                      ; - jdk.internal.loader.BuiltinClassLoader::defineClass@84 (line 773)
                      ; - jdk.internal.loader.BuiltinClassLoader::findClassOnClassPathOrNull@30 (line 691)
  0x0000028a3a3a631c: 4072 4bff 

  0x0000028a3a3a6320: ;   {post_call_nop}
  0x0000028a3a3a6320: 0f1f 8400 | 1885 00c2 | e9f1 a7ff | ff49 8bcb | 488d 9424 | 1801 0000 | 4d8b c7c5 

  0x0000028a3a3a633c: ;   {runtime_call}
  0x0000028a3a3a633c: f877 49ba | 70f4 49e5 | fe7f 0000 

  0x0000028a3a3a6348: ;   {post_call_nop}
  0x0000028a3a3a6348: 41ff d20f | 1f84 0000 | 0000 00e9 | 21a9 ffff | 33ed 453b | c240 0f9c | c5ba 45ff | ffff 4c8b 
  0x0000028a3a3a6368: 5424 404c | 8954 2420 | 4c8b 5424 | 484c 8954 | 2428 448b | 5424 7044 | 8954 2430 | 4c8b 5424 
  0x0000028a3a3a6388: 504c 8954 | 2438 448b | 5424 5844 | 8954 2454 | 448b 5c24 | 5c44 895c | 2458 448b | 5c24 7445 
  0x0000028a3a3a63a8: 8bd3 4489 | 5424 7090 

  0x0000028a3a3a63b0: ;   {runtime_call UncommonTrapBlob}
  0x0000028a3a3a63b0: c5f8 77e8 

  0x0000028a3a3a63b4: ; ImmutableOopMap {[32]=Oop [40]=Oop [48]=NarrowOop [56]=Oop [96]=Oop [104]=Oop [112]=NarrowOop [116]=NarrowOop }
                      ;*ifne {reexecute=1 rethrow=0 return_oop=0}
                      ; - (reexecute) java.util.zip.Inflater::needsInput@39 (line 283)
                      ; - java.util.zip.InflaterInputStream::read@61 (line 202)
                      ; - jdk.internal.loader.Resource::getBytes@90 (line 106)
                      ; - jdk.internal.loader.BuiltinClassLoader::defineClass@84 (line 773)
                      ; - jdk.internal.loader.BuiltinClassLoader::findClassOnClassPathOrNull@30 (line 691)
  0x0000028a3a3a63b4: 28ba 4aff 

  0x0000028a3a3a63b8: ;   {post_call_nop}
  0x0000028a3a3a63b8: 0f1f 8400 | b085 00c3 | ba45 ffff | ff4c 8b54 | 2440 4c89 | 5424 204c | 8b54 2448 | 4c89 5424 
  0x0000028a3a3a63d8: 284c 8b54 | 2450 4c89 | 5424 3844 | 8b5c 2458 | 458b d344 | 8954 2454 

  0x0000028a3a3a63f0: ;   {runtime_call UncommonTrapBlob}
  0x0000028a3a3a63f0: c5f8 77e8 

  0x0000028a3a3a63f4: ; ImmutableOopMap {[32]=Oop [40]=Oop [56]=Oop [96]=Oop [104]=Oop [112]=NarrowOop }
                      ;*ifne {reexecute=1 rethrow=0 return_oop=0}
                      ; - (reexecute) java.util.zip.InflaterInputStream::read@74 (line 202)
                      ; - jdk.internal.loader.Resource::getBytes@90 (line 106)
                      ; - jdk.internal.loader.BuiltinClassLoader::defineClass@84 (line 773)
                      ; - jdk.internal.loader.BuiltinClassLoader::findClassOnClassPathOrNull@30 (line 691)
  0x0000028a3a3a63f4: e8b9 4aff 

  0x0000028a3a3a63f8: ;   {post_call_nop}
  0x0000028a3a3a63f8: 0f1f 8400 | f085 00c4 | ba45 ffff | ff4c 8b5c | 2448 4c89 | 5c24 2044 | 8b5c 2470 | 4489 5c24 
  0x0000028a3a3a6418: 284c 8b5c | 2450 4c89 | 5c24 3844 | 8b5c 2434 | 4489 5c24 | 2c44 8b44 | 2458 4489 | 4424 3444 
  0x0000028a3a3a6438: 8b44 245c | 4489 4424 | 5844 8994 | 2488 0000 | 0066 6690 

  0x0000028a3a3a644c: ;   {runtime_call UncommonTrapBlob}
  0x0000028a3a3a644c: c5f8 77e8 

  0x0000028a3a3a6450: ; ImmutableOopMap {rbp=Oop [32]=Oop [40]=NarrowOop [56]=Oop [96]=Oop [104]=Oop [124]=NarrowOop [128]=Oop }
                      ;*ifle {reexecute=1 rethrow=0 return_oop=0}
                      ; - (reexecute) java.util.zip.ZipFile$ZipFileInputStream::read@81 (line 937)
                      ; - java.util.zip.ZipFile$ZipFileInflaterInputStream::fill@32 (line 449)
                      ; - java.util.zip.InflaterInputStream::read@78 (line 208)
                      ; - jdk.internal.loader.Resource::getBytes@90 (line 106)
                      ; - jdk.internal.loader.BuiltinClassLoader::defineClass@84 (line 773)
                      ; - jdk.internal.loader.BuiltinClassLoader::findClassOnClassPathOrNull@30 (line 691)
  0x0000028a3a3a6450: 8cb9 4aff 

  0x0000028a3a3a6454: ;   {post_call_nop}
  0x0000028a3a3a6454: 0f1f 8400 | 4c86 00c5 | ba45 ffff | ff4c 8b54 | 2440 4c89 | 5424 204c | 8b54 2448 | 4c89 5424 
  0x0000028a3a3a6474: 2844 8b54 | 2470 4489 | 5424 304c | 8b54 2450 | 4c89 5424 | 3844 8b5c | 2458 4489 | 5c24 5444 
  0x0000028a3a3a6494: 8b54 245c | 4489 5424 | 5844 8b54 | 2478 4489 | 5424 5c45 | 8bd8 4489 | 5c24 7044 | 894c 247c 
  0x0000028a3a3a64b4: ;   {runtime_call UncommonTrapBlob}
  0x0000028a3a3a64b4: c5f8 77e8 

  0x0000028a3a3a64b8: ; ImmutableOopMap {[32]=Oop [40]=Oop [48]=NarrowOop [56]=Oop [92]=NarrowOop [96]=Oop [104]=Oop [112]=NarrowOop }
                      ;*iflt {reexecute=1 rethrow=0 return_oop=0}
                      ; - (reexecute) jdk.internal.util.Preconditions::checkFromIndexSize@5 (line 396)
                      ; - java.util.zip.Inflater::setInput@7 (line 134)
                      ; - java.util.zip.ZipFile$ZipFileInflaterInputStream::fill@76 (line 455)
                      ; - java.util.zip.InflaterInputStream::read@78 (line 208)
                      ; - jdk.internal.loader.Resource::getBytes@90 (line 106)
                      ; - jdk.internal.loader.BuiltinClassLoader::defineClass@84 (line 773)
                      ; - jdk.internal.loader.BuiltinClassLoader::findClassOnClassPathOrNull@30 (line 691)
  0x0000028a3a3a64b8: 24b9 4aff 

  0x0000028a3a3a64bc: ;   {post_call_nop}
  0x0000028a3a3a64bc: 0f1f 8400 | b486 00c6 | bade ffff | ff4c 8b44 | 2428 4c89 | 4424 2044 | 8b4c 2440 | 4489 4c24 
  0x0000028a3a3a64dc: 284c 8b44 | 2450 4c89 | 4424 404c | 8954 2450 

  0x0000028a3a3a64ec: ;   {runtime_call UncommonTrapBlob}
  0x0000028a3a3a64ec: c5f8 77e8 

  0x0000028a3a3a64f0: ; ImmutableOopMap {rbp=Oop [32]=Oop [40]=NarrowOop [56]=Oop [64]=Oop [80]=Oop [88]=Oop [128]=Oop }
                      ;*invokevirtual close {reexecute=0 rethrow=0 return_oop=0}
                      ; - java.util.jar.JarFile::getManifestFromReference@152 (line 421)
                      ; - java.util.jar.JarFile::getManifest@1 (line 393)
                      ; - jdk.internal.loader.URLClassPath$JarLoader$1::getManifest@22 (line 721)
                      ; - jdk.internal.loader.BuiltinClassLoader::defineClass@29 (line 762)
                      ; - jdk.internal.loader.BuiltinClassLoader::findClassOnClassPathOrNull@30 (line 691)
  0x0000028a3a3a64f0: ecb8 4aff 

  0x0000028a3a3a64f4: ;   {post_call_nop}
  0x0000028a3a3a64f4: 0f1f 8400 | ec86 00c7 | ba45 ffff | ff4c 8b54 | 2448 4c89 | 5424 2044 | 8b54 2470 | 4489 5424 
  0x0000028a3a3a6514: 284c 8b54 | 2450 4c89 | 5424 3844 | 8b5c 2434 | 4489 5c24 | 2c44 8b54 | 2458 4489 | 5424 3044 
  0x0000028a3a3a6534: 8b54 245c | 4489 5424 | 5844 8b5c | 2474 4489 | 5c24 5c44 | 8b54 2478 | 4489 5424 | 7044 8b5c 
  0x0000028a3a3a6554: 247c 458b | d344 8954 | 2478 448b | 9c24 a800 | 0000 4489 | 5c24 7c44 | 8b94 24ac | 0000 0044 
  0x0000028a3a3a6574: 8994 24a8 | 0000 0089 | 8424 c000 | 0000 6690 

  0x0000028a3a3a6584: ;   {runtime_call UncommonTrapBlob}
  0x0000028a3a3a6584: c5f8 77e8 

  0x0000028a3a3a6588: ; ImmutableOopMap {rbp=Oop [32]=Oop [40]=NarrowOop [56]=Oop [92]=NarrowOop [96]=Oop [104]=Oop [120]=NarrowOop [124]=NarrowOop [128]=Oop [152]=Oop [160]=NarrowOop [168]=NarrowOop }
                      ;*if_icmplt {reexecute=1 rethrow=0 return_oop=0}
                      ; - (reexecute) java.io.RandomAccessFile::readFully@41 (line 505)
                      ; - java.util.zip.ZipFile$Source::readFullyAt@43 (line 1575)
                      ; - java.util.zip.ZipFile$ZipFileInputStream::initDataOffset@41 (line 910)
                      ; - java.util.zip.ZipFile$ZipFileInputStream::read@16 (line 926)
                      ; - java.util.zip.ZipFile$ZipFileInflaterInputStream::fill@32 (line 449)
                      ; - java.util.zip.InflaterInputStream::read@78 (line 208)
                      ; - jdk.internal.loader.Resource::getBytes@90 (line 106)
                      ; - jdk.internal.loader.BuiltinClassLoader::defineClass@84 (line 773)
                      ; - jdk.internal.loader.BuiltinClassLoader::findClassOnClassPathOrNull@30 (line 691)
  0x0000028a3a3a6588: 54b8 4aff 

  0x0000028a3a3a658c: ;   {post_call_nop}
  0x0000028a3a3a658c: 0f1f 8400 | 8487 00c8 | ba45 ffff | ff48 8b6c | 2440 4889 | 7c24 3044 | 8944 242c 

  0x0000028a3a3a65a8: ;   {runtime_call UncommonTrapBlob}
  0x0000028a3a3a65a8: c5f8 77e8 

  0x0000028a3a3a65ac: ; ImmutableOopMap {rbp=Oop [48]=Oop [56]=Oop [72]=Oop [80]=Oop [112]=NarrowOop }
                      ;*if_icmpne {reexecute=1 rethrow=0 return_oop=0}
                      ; - (reexecute) jdk.internal.loader.Resource::getBytes@16 (line 92)
                      ; - jdk.internal.loader.BuiltinClassLoader::defineClass@84 (line 773)
                      ; - jdk.internal.loader.BuiltinClassLoader::findClassOnClassPathOrNull@30 (line 691)
  0x0000028a3a3a65ac: 30b8 4aff 

  0x0000028a3a3a65b0: ;   {post_call_nop}
  0x0000028a3a3a65b0: 0f1f 8400 | a887 00c9 | ba45 ffff | ff4c 8b54 | 2440 4c89 | 5424 204c | 8b54 2448 | 4c89 5424 
  0x0000028a3a3a65d0: 284c 8b54 | 2450 4c89 | 5424 3844 | 8b5c 2458 | 458b d344 | 8954 2454 

  0x0000028a3a3a65e8: ;   {runtime_call UncommonTrapBlob}
  0x0000028a3a3a65e8: c5f8 77e8 

  0x0000028a3a3a65ec: ; ImmutableOopMap {[32]=Oop [40]=Oop [56]=Oop [96]=Oop [104]=Oop [112]=NarrowOop }
                      ;*ifeq {reexecute=1 rethrow=0 return_oop=0}
                      ; - (reexecute) java.util.zip.ZipFile$ZipFileInflaterInputStream::fill@4 (line 446)
                      ; - java.util.zip.InflaterInputStream::read@78 (line 208)
                      ; - jdk.internal.loader.Resource::getBytes@90 (line 106)
                      ; - jdk.internal.loader.BuiltinClassLoader::defineClass@84 (line 773)
                      ; - jdk.internal.loader.BuiltinClassLoader::findClassOnClassPathOrNull@30 (line 691)
  0x0000028a3a3a65ec: f0b7 4aff 

  0x0000028a3a3a65f0: ;   {post_call_nop}
  0x0000028a3a3a65f0: 0f1f 8400 | e887 00ca | ba45 ffff | ff4c 8b54 | 2440 4c89 | 5424 204c | 8b54 2448 | 4c89 5424 
  0x0000028a3a3a6610: 2844 8b54 | 2470 4489 | 5424 304c | 8b54 2450 | 4c89 5424 | 3844 8b54 | 2458 4489 | 5424 5444 
  0x0000028a3a3a6630: 8b5c 245c | 4489 5c24 | 5844 8b54 | 2474 4489 | 5424 5c44 | 8b5c 2478 | 4489 5c24 | 7044 8b54 
  0x0000028a3a3a6650: 247c 4489 | 5424 7890 

  0x0000028a3a3a6658: ;   {runtime_call UncommonTrapBlob}
  0x0000028a3a3a6658: c5f8 77e8 

  0x0000028a3a3a665c: ; ImmutableOopMap {[32]=Oop [40]=Oop [48]=NarrowOop [56]=Oop [92]=NarrowOop [96]=Oop [104]=Oop [120]=NarrowOop [124]=NarrowOop [128]=Oop }
                      ;*ifeq {reexecute=1 rethrow=0 return_oop=0}
                      ; - (reexecute) java.util.zip.ZipFile::ensureOpenOrZipException@4 (line 834)
                      ; - java.util.zip.ZipFile$ZipFileInputStream::read@12 (line 925)
                      ; - java.util.zip.ZipFile$ZipFileInflaterInputStream::fill@32 (line 449)
                      ; - java.util.zip.InflaterInputStream::read@78 (line 208)
                      ; - jdk.internal.loader.Resource::getBytes@90 (line 106)
                      ; - jdk.internal.loader.BuiltinClassLoader::defineClass@84 (line 773)
                      ; - jdk.internal.loader.BuiltinClassLoader::findClassOnClassPathOrNull@30 (line 691)
  0x0000028a3a3a665c: 80b7 4aff 

  0x0000028a3a3a6660: ;   {post_call_nop}
  0x0000028a3a3a6660: 0f1f 8400 | 5888 00cb | 4533 db4d | 3bd3 bdff | ffff ff7c | 0840 0f95 | c540 0fb6 | edba 45ff 
  0x0000028a3a3a6680: ffff 4c8b | 5424 404c | 8954 2420 | 4c8b 5424 | 484c 8954 | 2428 448b | 5c24 7044 | 895c 2430 
  0x0000028a3a3a66a0: 4c8b 5424 | 504c 8954 | 2438 448b | 5c24 5844 | 895c 2454 | 448b 5424 | 5c44 8954 | 2458 448b 
  0x0000028a3a3a66c0: 5424 7c44 | 8954 2478 

  0x0000028a3a3a66c8: ;   {runtime_call UncommonTrapBlob}
  0x0000028a3a3a66c8: c5f8 77e8 

  0x0000028a3a3a66cc: ; ImmutableOopMap {[32]=Oop [40]=Oop [48]=NarrowOop [56]=Oop [96]=Oop [104]=Oop [120]=NarrowOop [124]=NarrowOop }
                      ;*ifne {reexecute=1 rethrow=0 return_oop=0}
                      ; - (reexecute) java.util.zip.ZipFile$ZipFileInputStream::read@26 (line 927)
                      ; - java.util.zip.ZipFile$ZipFileInflaterInputStream::fill@32 (line 449)
                      ; - java.util.zip.InflaterInputStream::read@78 (line 208)
                      ; - jdk.internal.loader.Resource::getBytes@90 (line 106)
                      ; - jdk.internal.loader.BuiltinClassLoader::defineClass@84 (line 773)
                      ; - jdk.internal.loader.BuiltinClassLoader::findClassOnClassPathOrNull@30 (line 691)
  0x0000028a3a3a66cc: 10b7 4aff 

  0x0000028a3a3a66d0: ;   {post_call_nop}
  0x0000028a3a3a66d0: 0f1f 8400 | c888 00cc | ba45 ffff | ff48 8b6c | 2440 4c8b | 5c24 484c | 895c 2420 | 448b 5c24 
  0x0000028a3a3a66f0: 7044 895c | 2428 4c8b | 5c24 504c | 895c 2438 | 448b 4424 | 3444 8944 | 242c 448b | 5c24 5844 
  0x0000028a3a3a6710: 895c 2430 | 448b 5c24 | 5c44 895c | 2458 4489 | 5424 7890 

  0x0000028a3a3a6724: ;   {runtime_call UncommonTrapBlob}
  0x0000028a3a3a6724: c5f8 77e8 

  0x0000028a3a3a6728: ; ImmutableOopMap {rbp=Oop [32]=Oop [40]=NarrowOop [56]=Oop [96]=Oop [104]=Oop [124]=NarrowOop }
                      ;*ifgt {reexecute=1 rethrow=0 return_oop=0}
                      ; - (reexecute) java.util.zip.ZipFile$ZipFileInputStream::read@51 (line 933)
                      ; - java.util.zip.ZipFile$ZipFileInflaterInputStream::fill@32 (line 449)
                      ; - java.util.zip.InflaterInputStream::read@78 (line 208)
                      ; - jdk.internal.loader.Resource::getBytes@90 (line 106)
                      ; - jdk.internal.loader.BuiltinClassLoader::defineClass@84 (line 773)
                      ; - jdk.internal.loader.BuiltinClassLoader::findClassOnClassPathOrNull@30 (line 691)
  0x0000028a3a3a6728: b4b6 4aff 

  0x0000028a3a3a672c: ;   {post_call_nop}
  0x0000028a3a3a672c: 0f1f 8400 | 2489 00cd | 4d8b d345 | 33db 4d3b | d3bd ffff | ffff 7c08 | 400f 95c5 | 400f b6ed 
  0x0000028a3a3a674c: ba45 ffff | ff4c 8b54 | 2440 4c89 | 5424 204c | 8b54 2448 | 4c89 5424 | 2844 8b5c | 2470 4489 
  0x0000028a3a3a676c: 5c24 304c | 8b54 2450 | 4c89 5424 | 3844 8b5c | 2458 4489 | 5c24 5444 | 8b54 245c | 4489 5424 
  0x0000028a3a3a678c: 5844 8b54 | 247c 4489 | 5424 7044 | 8b94 2498 | 0000 0044 | 8954 247c 

  0x0000028a3a3a67a4: ;   {runtime_call UncommonTrapBlob}
  0x0000028a3a3a67a4: c5f8 77e8 

  0x0000028a3a3a67a8: ; ImmutableOopMap {[32]=Oop [40]=Oop [48]=NarrowOop [56]=Oop [96]=Oop [104]=Oop [112]=NarrowOop [116]=NarrowOop [124]=NarrowOop [128]=Oop [156]=NarrowOop }
                      ;*ifge {reexecute=1 rethrow=0 return_oop=0}
                      ; - (reexecute) java.io.RandomAccessFile::seek@3 (line 672)
                      ; - java.util.zip.ZipFile$Source::readAt@14 (line 1587)
                      ; - java.util.zip.ZipFile$ZipFileInputStream::read@76 (line 936)
                      ; - java.util.zip.ZipFile$ZipFileInflaterInputStream::fill@32 (line 449)
                      ; - java.util.zip.InflaterInputStream::read@78 (line 208)
                      ; - jdk.internal.loader.Resource::getBytes@90 (line 106)
                      ; - jdk.internal.loader.BuiltinClassLoader::defineClass@84 (line 773)
                      ; - jdk.internal.loader.BuiltinClassLoader::findClassOnClassPathOrNull@30 (line 691)
  0x0000028a3a3a67a8: 34b6 4aff 

  0x0000028a3a3a67ac: ;   {post_call_nop}
  0x0000028a3a3a67ac: 0f1f 8400 | a489 00ce | ba45 ffff | ff4c 8b54 | 2440 4c89 | 5424 204c | 8b54 2448 | 4c89 5424 
  0x0000028a3a3a67cc: 2844 8b44 | 2470 4489 | 4424 304c | 8b54 2450 | 4c89 5424 | 3844 8b54 | 2458 4489 | 5424 5444 
  0x0000028a3a3a67ec: 8b44 245c | 4489 4424 | 5844 8b44 | 247c 458b | d044 8954 | 2470 448b | 9424 9c00 | 0000 4489 
  0x0000028a3a3a680c: 9424 9800 | 0000 4489 | 9c24 9c00 | 0000 6690 

  0x0000028a3a3a681c: ;   {runtime_call UncommonTrapBlob}
  0x0000028a3a3a681c: c5f8 77e8 

  0x0000028a3a3a6820: ; ImmutableOopMap {[32]=Oop [40]=Oop [48]=NarrowOop [56]=Oop [96]=Oop [104]=Oop [112]=NarrowOop [116]=NarrowOop [128]=Oop [152]=NarrowOop [156]=NarrowOop }
                      ;*ifeq {reexecute=1 rethrow=0 return_oop=0}
                      ; - (reexecute) java.io.RandomAccessFile::readBytes@3 (line 392)
                      ; - java.io.RandomAccessFile::read@4 (line 437)
                      ; - java.util.zip.ZipFile$Source::readAt@24 (line 1588)
                      ; - java.util.zip.ZipFile$ZipFileInputStream::read@76 (line 936)
                      ; - java.util.zip.ZipFile$ZipFileInflaterInputStream::fill@32 (line 449)
                      ; - java.util.zip.InflaterInputStream::read@78 (line 208)
                      ; - jdk.internal.loader.Resource::getBytes@90 (line 106)
                      ; - jdk.internal.loader.BuiltinClassLoader::defineClass@84 (line 773)
                      ; - jdk.internal.loader.BuiltinClassLoader::findClassOnClassPathOrNull@30 (line 691)
  0x0000028a3a3a6820: bcb5 4aff 

  0x0000028a3a3a6824: ;   {post_call_nop}
  0x0000028a3a3a6824: 0f1f 8400 | 1c8a 00cf | ba45 ffff | ff48 8b6c | 2440 4c8b | 5424 484c | 8954 2420 | 4c8b 5424 
  0x0000028a3a3a6844: 504c 8954 | 2438 448b | 5424 3444 | 8954 242c | 448b 5c24 | 5845 8bd3 | 4489 5424 | 3444 8b5c 
  0x0000028a3a3a6864: 245c 4489 | 5c24 5890 

  0x0000028a3a3a686c: ;   {runtime_call UncommonTrapBlob}
  0x0000028a3a3a686c: c5f8 77e8 

  0x0000028a3a3a6870: ; ImmutableOopMap {rbp=Oop [32]=Oop [56]=Oop [96]=Oop [104]=Oop [112]=NarrowOop }
                      ;*if_icmpne {reexecute=1 rethrow=0 return_oop=0}
                      ; - (reexecute) java.util.zip.ZipFile$ZipFileInflaterInputStream::fill@43 (line 450)
                      ; - java.util.zip.InflaterInputStream::read@78 (line 208)
                      ; - jdk.internal.loader.Resource::getBytes@90 (line 106)
                      ; - jdk.internal.loader.BuiltinClassLoader::defineClass@84 (line 773)
                      ; - jdk.internal.loader.BuiltinClassLoader::findClassOnClassPathOrNull@30 (line 691)
  0x0000028a3a3a6870: 6cb5 4aff 

  0x0000028a3a3a6874: ;   {post_call_nop}
  0x0000028a3a3a6874: 0f1f 8400 | 6c8a 00d0 | ba45 ffff | ff48 8b6c | 2440 4c8b | 5424 484c | 8954 2420 | 448b 5c24 
  0x0000028a3a3a6894: 7044 895c | 2428 4c8b | 5424 504c | 8954 2438 | 448b 5c24 | 3444 895c | 242c 448b | 5424 5844 
  0x0000028a3a3a68b4: 8954 2430 | 4c8b 5424 | 684c 8954 | 2450 448b | 5424 5c44 | 8954 2458 | 448b 5c24 | 7844 895c 
  0x0000028a3a3a68d4: 245c 4489 | 4424 6844 | 8b5c 2474 | 4489 5c24 | 7044 894c | 247c 6690 

  0x0000028a3a3a68ec: ;   {runtime_call UncommonTrapBlob}
  0x0000028a3a3a68ec: c5f8 77e8 

  0x0000028a3a3a68f0: ; ImmutableOopMap {rbp=Oop [32]=Oop [40]=NarrowOop [56]=Oop [80]=Oop [92]=NarrowOop [96]=Oop [104]=NarrowOop }
                      ;*if_icmple {reexecute=1 rethrow=0 return_oop=0}
                      ; - (reexecute) jdk.internal.util.Preconditions::checkFromIndexSize@12 (line 396)
                      ; - java.util.zip.Inflater::setInput@7 (line 134)
                      ; - java.util.zip.ZipFile$ZipFileInflaterInputStream::fill@76 (line 455)
                      ; - java.util.zip.InflaterInputStream::read@78 (line 208)
                      ; - jdk.internal.loader.Resource::getBytes@90 (line 106)
                      ; - jdk.internal.loader.BuiltinClassLoader::defineClass@84 (line 773)
                      ; - jdk.internal.loader.BuiltinClassLoader::findClassOnClassPathOrNull@30 (line 691)
  0x0000028a3a3a68f0: ecb4 4aff 

  0x0000028a3a3a68f4: ;   {post_call_nop}
  0x0000028a3a3a68f4: 0f1f 8400 | ec8a 00d1 | 4d8b d345 | 33db 4d3b | d3bd ffff | ffff 7c08 | 400f 95c5 | 400f b6ed 
  0x0000028a3a3a6914: ba45 ffff | ff4c 8b54 | 2440 4c89 | 5424 204c | 8b54 2448 | 4c89 5424 | 2844 8b54 | 2470 4489 
  0x0000028a3a3a6934: 5424 304c | 8b54 2450 | 4c89 5424 | 3844 8b5c | 2458 4489 | 5c24 5444 | 8b54 245c | 4489 5424 
  0x0000028a3a3a6954: 5844 8b5c | 2474 4489 | 5c24 5c44 | 8b54 2478 | 4489 5424 | 7044 8b5c | 247c 458b | d344 8954 
  0x0000028a3a3a6974: 2478 448b | 9c24 a800 | 0000 4489 | 5c24 7c90 

  0x0000028a3a3a6984: ;   {runtime_call UncommonTrapBlob}
  0x0000028a3a3a6984: c5f8 77e8 

  0x0000028a3a3a6988: ; ImmutableOopMap {[32]=Oop [40]=Oop [48]=NarrowOop [56]=Oop [92]=NarrowOop [96]=Oop [104]=Oop [120]=NarrowOop [124]=NarrowOop [128]=Oop [152]=Oop [172]=NarrowOop }
                      ;*ifge {reexecute=1 rethrow=0 return_oop=0}
                      ; - (reexecute) java.io.RandomAccessFile::seek@3 (line 672)
                      ; - java.util.zip.ZipFile$Source::readFullyAt@14 (line 1571)
                      ; - java.util.zip.ZipFile$ZipFileInputStream::initDataOffset@41 (line 910)
                      ; - java.util.zip.ZipFile$ZipFileInputStream::read@16 (line 926)
                      ; - java.util.zip.ZipFile$ZipFileInflaterInputStream::fill@32 (line 449)
                      ; - java.util.zip.InflaterInputStream::read@78 (line 208)
                      ; - jdk.internal.loader.Resource::getBytes@90 (line 106)
                      ; - jdk.internal.loader.BuiltinClassLoader::defineClass@84 (line 773)
                      ; - jdk.internal.loader.BuiltinClassLoader::findClassOnClassPathOrNull@30 (line 691)
  0x0000028a3a3a6988: 54b4 4aff 

  0x0000028a3a3a698c: ;   {post_call_nop}
  0x0000028a3a3a698c: 0f1f 8400 | 848b 00d2 | ba45 ffff | ff4c 8b54 | 2440 4c89 | 5424 204c | 8b54 2448 | 4c89 5424 
  0x0000028a3a3a69ac: 2844 8b54 | 2470 4489 | 5424 304c | 8b54 2450 | 4c89 5424 | 3844 8b5c | 2458 4489 | 5c24 5444 
  0x0000028a3a3a69cc: 8b54 245c | 4489 5424 | 5844 8b5c | 2474 4489 | 5c24 5c44 | 8b54 2478 | 4489 5424 | 7044 8b5c 
  0x0000028a3a3a69ec: 247c 458b | d344 8954 | 2478 448b | 9c24 a800 | 0000 4489 | 5c24 7c44 | 8b94 24ac | 0000 0044 
  0x0000028a3a3a6a0c: 8994 24a8 | 0000 0090 

  0x0000028a3a3a6a14: ;   {runtime_call UncommonTrapBlob}
  0x0000028a3a3a6a14: c5f8 77e8 

  0x0000028a3a3a6a18: ; ImmutableOopMap {[32]=Oop [40]=Oop [48]=NarrowOop [56]=Oop [92]=NarrowOop [96]=Oop [104]=Oop [120]=NarrowOop [124]=NarrowOop [128]=Oop [152]=Oop [160]=NarrowOop [168]=NarrowOop }
                      ;*ifeq {reexecute=1 rethrow=0 return_oop=0}
                      ; - (reexecute) java.io.RandomAccessFile::readBytes@3 (line 392)
                      ; - java.io.RandomAccessFile::read@4 (line 437)
                      ; - java.io.RandomAccessFile::readFully@13 (line 501)
                      ; - java.util.zip.ZipFile$Source::readFullyAt@43 (line 1575)
                      ; - java.util.zip.ZipFile$ZipFileInputStream::initDataOffset@41 (line 910)
                      ; - java.util.zip.ZipFile$ZipFileInputStream::read@16 (line 926)
                      ; - java.util.zip.ZipFile$ZipFileInflaterInputStream::fill@32 (line 449)
                      ; - java.util.zip.InflaterInputStream::read@78 (line 208)
                      ; - jdk.internal.loader.Resource::getBytes@90 (line 106)
                      ; - jdk.internal.loader.BuiltinClassLoader::defineClass@84 (line 773)
                      ; - jdk.internal.loader.BuiltinClassLoader::findClassOnClassPathOrNull@30 (line 691)
  0x0000028a3a3a6a18: c4b3 4aff 

  0x0000028a3a3a6a1c: ;   {post_call_nop}
  0x0000028a3a3a6a1c: 0f1f 8400 | 148c 00d3 | ba45 ffff | ff4c 8b54 | 2448 4c89 | 5424 2044 | 8b5c 2470 | 4489 5c24 
  0x0000028a3a3a6a3c: 284c 8b54 | 2450 4c89 | 5424 3844 | 8b54 2434 | 4489 5424 | 2c44 8b5c | 2458 458b | d344 8954 
  0x0000028a3a3a6a5c: 2434 448b | 5c24 5c44 | 895c 2458 | 448b 5424 | 7444 8954 | 245c 448b | 5c24 7844 | 895c 2470 
  0x0000028a3a3a6a7c: 448b 5424 | 7c44 8954 | 2478 448b | 9424 a800 | 0000 4489 | 5424 7c89 | 8424 b000 | 0000 6690 
  0x0000028a3a3a6a9c: ;   {runtime_call UncommonTrapBlob}
  0x0000028a3a3a6a9c: c5f8 77e8 

  0x0000028a3a3a6aa0: ; ImmutableOopMap {rbp=Oop [32]=Oop [40]=NarrowOop [56]=Oop [92]=NarrowOop [96]=Oop [104]=Oop [120]=NarrowOop [124]=NarrowOop [128]=Oop [152]=Oop [172]=NarrowOop }
                      ;*ifge {reexecute=1 rethrow=0 return_oop=0}
                      ; - (reexecute) java.io.RandomAccessFile::readFully@20 (line 502)
                      ; - java.util.zip.ZipFile$Source::readFullyAt@43 (line 1575)
                      ; - java.util.zip.ZipFile$ZipFileInputStream::initDataOffset@41 (line 910)
                      ; - java.util.zip.ZipFile$ZipFileInputStream::read@16 (line 926)
                      ; - java.util.zip.ZipFile$ZipFileInflaterInputStream::fill@32 (line 449)
                      ; - java.util.zip.InflaterInputStream::read@78 (line 208)
                      ; - jdk.internal.loader.Resource::getBytes@90 (line 106)
                      ; - jdk.internal.loader.BuiltinClassLoader::defineClass@84 (line 773)
                      ; - jdk.internal.loader.BuiltinClassLoader::findClassOnClassPathOrNull@30 (line 691)
  0x0000028a3a3a6aa0: 3cb3 4aff 

  0x0000028a3a3a6aa4: ;   {post_call_nop}
  0x0000028a3a3a6aa4: 0f1f 8400 | 9c8c 00d4 | 41bb 504b | 0304 4d3b | d3bd ffff | ffff 7c08 | 400f 95c5 | 400f b6ed 
  0x0000028a3a3a6ac4: ba45 ffff | ff4c 8b54 | 2440 4c89 | 5424 204c | 8b54 2448 | 4c89 5424 | 2844 8b5c | 2470 4489 
  0x0000028a3a3a6ae4: 5c24 304c | 8b54 2450 | 4c89 5424 | 3844 8b5c | 2458 4489 | 5c24 5444 | 8b54 245c | 4489 5424 
  0x0000028a3a3a6b04: 5844 8b5c | 2474 4489 | 5c24 5c44 | 8b54 2478 | 4489 5424 | 7044 8b5c | 247c 458b | d344 8954 
  0x0000028a3a3a6b24: 2478 6690 

  0x0000028a3a3a6b28: ;   {runtime_call UncommonTrapBlob}
  0x0000028a3a3a6b28: c5f8 77e8 

  0x0000028a3a3a6b2c: ; ImmutableOopMap {[32]=Oop [40]=Oop [48]=NarrowOop [56]=Oop [92]=NarrowOop [96]=Oop [104]=Oop [120]=NarrowOop [124]=NarrowOop [128]=Oop }
                      ;*ifeq {reexecute=1 rethrow=0 return_oop=0}
                      ; - (reexecute) java.util.zip.ZipFile$ZipFileInputStream::initDataOffset@69 (line 914)
                      ; - java.util.zip.ZipFile$ZipFileInputStream::read@16 (line 926)
                      ; - java.util.zip.ZipFile$ZipFileInflaterInputStream::fill@32 (line 449)
                      ; - java.util.zip.InflaterInputStream::read@78 (line 208)
                      ; - jdk.internal.loader.Resource::getBytes@90 (line 106)
                      ; - jdk.internal.loader.BuiltinClassLoader::defineClass@84 (line 773)
                      ; - jdk.internal.loader.BuiltinClassLoader::findClassOnClassPathOrNull@30 (line 691)
  0x0000028a3a3a6b2c: b0b2 4aff 

  0x0000028a3a3a6b30: ;   {post_call_nop}
  0x0000028a3a3a6b30: 0f1f 8400 | 288d 00d5 | baf6 ffff | ff4c 8b5c | 2448 4c89 | 5c24 2044 | 8b44 2470 | 4489 4424 
  0x0000028a3a3a6b50: 284c 8b5c | 2450 4c89 | 5c24 3844 | 8b5c 2434 | 4489 5c24 | 2c44 8b44 | 2458 4489 | 4424 3444 
  0x0000028a3a3a6b70: 8b44 245c | 4489 4424 | 5844 8b5c | 2474 4489 | 5c24 5c90 

  0x0000028a3a3a6b84: ;   {runtime_call UncommonTrapBlob}
  0x0000028a3a3a6b84: c5f8 77e8 

  0x0000028a3a3a6b88: ; ImmutableOopMap {rbp=Oop [32]=Oop [40]=NarrowOop [56]=Oop [96]=Oop [104]=Oop [128]=Oop }
                      ;*monitorenter {reexecute=0 rethrow=0 return_oop=0}
                      ; - java.util.zip.ZipFile$ZipFileInputStream::close@30 (line 997)
                      ; - java.util.zip.ZipFile$ZipFileInputStream::read@130 (line 943)
                      ; - java.util.zip.ZipFile$ZipFileInflaterInputStream::fill@32 (line 449)
                      ; - java.util.zip.InflaterInputStream::read@78 (line 208)
                      ; - jdk.internal.loader.Resource::getBytes@90 (line 106)
                      ; - jdk.internal.loader.BuiltinClassLoader::defineClass@84 (line 773)
                      ; - jdk.internal.loader.BuiltinClassLoader::findClassOnClassPathOrNull@30 (line 691)
  0x0000028a3a3a6b88: 54b2 4aff 

  0x0000028a3a3a6b8c: ;   {post_call_nop}
  0x0000028a3a3a6b8c: 0f1f 8400 | 848d 00d6 | baf6 ffff | ff48 8b6c | 2440 4c8b | 5424 484c | 8954 2420 | 448b 5424 
  0x0000028a3a3a6bac: 7044 8954 | 2428 4c8b | 5424 504c | 8954 2438 | 448b 5c24 | 3444 895c | 242c 448b | 5424 5844 
  0x0000028a3a3a6bcc: 8954 2430 | 448b 5424 | 5c44 8954 | 2458 448b | 5c24 7444 | 895c 245c | 448b 5424 | 7844 8954 
  0x0000028a3a3a6bec: 2474 6690 

  0x0000028a3a3a6bf0: ;   {runtime_call UncommonTrapBlob}
  0x0000028a3a3a6bf0: c5f8 77e8 

  0x0000028a3a3a6bf4: ; ImmutableOopMap {rbp=Oop [32]=Oop [40]=NarrowOop [56]=Oop [96]=Oop [104]=Oop [116]=NarrowOop [136]=Oop [144]=Oop }
                      ;*invokevirtual poll {reexecute=0 rethrow=0 return_oop=0}
                      ; - java.util.WeakHashMap::expungeStaleEntries@4 (line 330)
                      ; - java.util.WeakHashMap::getTable@1 (line 362)
                      ; - java.util.WeakHashMap::remove@12 (line 604)
                      ; - java.util.Collections$SetFromMap::remove@5 (line 6044)
                      ; - java.util.zip.ZipFile$ZipFileInputStream::close@42 (line 998)
                      ; - java.util.zip.ZipFile$ZipFileInputStream::read@130 (line 943)
                      ; - java.util.zip.ZipFile$ZipFileInflaterInputStream::fill@32 (line 449)
                      ; - java.util.zip.InflaterInputStream::read@78 (line 208)
                      ; - jdk.internal.loader.Resource::getBytes@90 (line 106)
                      ; - jdk.internal.loader.BuiltinClassLoader::defineClass@84 (line 773)
                      ; - jdk.internal.loader.BuiltinClassLoader::findClassOnClassPathOrNull@30 (line 691)
  0x0000028a3a3a6bf4: e8b1 4aff 

  0x0000028a3a3a6bf8: ;   {post_call_nop}
  0x0000028a3a3a6bf8: 0f1f 8400 | f08d 00d7 | 498b d34c | 8d84 2410 | 0100 0090 

  0x0000028a3a3a6c0c: ;   {runtime_call C2 Runtime complete_monitor_locking}
  0x0000028a3a3a6c0c: c5f8 77e8 

  0x0000028a3a3a6c10: ; ImmutableOopMap {rbp=Oop [40]=Oop [56]=Oop [64]=Oop [72]=Oop [80]=Oop [96]=Oop [104]=Oop [112]=NarrowOop [120]=NarrowOop [128]=Oop }
                      ;*monitorenter {reexecute=0 rethrow=0 return_oop=0}
                      ; - java.util.zip.ZipFile$ZipFileInputStream::close@30 (line 997)
                      ; - java.util.zip.ZipFile$ZipFileInputStream::read@130 (line 943)
                      ; - java.util.zip.ZipFile$ZipFileInflaterInputStream::fill@32 (line 449)
                      ; - java.util.zip.InflaterInputStream::read@78 (line 208)
                      ; - jdk.internal.loader.Resource::getBytes@90 (line 106)
                      ; - jdk.internal.loader.BuiltinClassLoader::defineClass@84 (line 773)
                      ; - jdk.internal.loader.BuiltinClassLoader::findClassOnClassPathOrNull@30 (line 691)
  0x0000028a3a3a6c10: 4c69 4bff 

  0x0000028a3a3a6c14: ;   {post_call_nop}
  0x0000028a3a3a6c14: 0f1f 8400 | 0c8e 00d8 | e9b8 a4ff | ffba deff | ffff 4c8b | 5424 404c | 8954 2420 | 4c8b 5424 
  0x0000028a3a3a6c34: 484c 8954 | 2428 448b | 5424 7044 | 8954 2430 | 4c8b 5424 | 504c 8954 | 2438 448b | 5c24 5844 
  0x0000028a3a3a6c54: 895c 2454 | 448b 5424 | 5c44 8954 | 2458 448b | 5c24 7444 | 895c 245c | 448b 5424 | 7844 8954 
  0x0000028a3a3a6c74: 2474 6690 

  0x0000028a3a3a6c78: ;   {runtime_call UncommonTrapBlob}
  0x0000028a3a3a6c78: c5f8 77e8 

  0x0000028a3a3a6c7c: ; ImmutableOopMap {rbp=NarrowOop [32]=Oop [40]=Oop [48]=NarrowOop [56]=Oop [96]=Oop [104]=Oop [116]=NarrowOop [120]=NarrowOop [136]=Oop }
                      ;*invokeinterface remove {reexecute=0 rethrow=0 return_oop=0}
                      ; - java.util.zip.ZipFile$ZipFileInputStream::close@42 (line 998)
                      ; - java.util.zip.ZipFile$ZipFileInputStream::read@130 (line 943)
                      ; - java.util.zip.ZipFile$ZipFileInflaterInputStream::fill@32 (line 449)
                      ; - java.util.zip.InflaterInputStream::read@78 (line 208)
                      ; - jdk.internal.loader.Resource::getBytes@90 (line 106)
                      ; - jdk.internal.loader.BuiltinClassLoader::defineClass@84 (line 773)
                      ; - jdk.internal.loader.BuiltinClassLoader::findClassOnClassPathOrNull@30 (line 691)
  0x0000028a3a3a6c7c: 60b1 4aff 

  0x0000028a3a3a6c80: ;   {post_call_nop}
  0x0000028a3a3a6c80: 0f1f 8400 | 788e 00d9 | bade ffff | ff4c 8b54 | 2440 4c89 | 5424 204c | 8b54 2448 | 4c89 5424 
  0x0000028a3a3a6ca0: 2844 8b5c | 2470 4489 | 5c24 304c | 8b54 2450 | 4c89 5424 | 3844 8b54 | 2458 4489 | 5424 5444 
  0x0000028a3a3a6cc0: 8b54 245c | 4489 5424 | 5844 8b5c | 2474 4489 | 5c24 5c44 | 8b5c 2478 | 4489 5c24 | 7466 6690 
  0x0000028a3a3a6ce0: ;   {runtime_call UncommonTrapBlob}
  0x0000028a3a3a6ce0: c5f8 77e8 

  0x0000028a3a3a6ce4: ; ImmutableOopMap {rbp=NarrowOop [32]=Oop [40]=Oop [48]=NarrowOop [56]=Oop [96]=Oop [104]=Oop [116]=NarrowOop [136]=Oop }
                      ;*invokeinterface remove {reexecute=0 rethrow=0 return_oop=0}
                      ; - java.util.Collections$SetFromMap::remove@5 (line 6044)
                      ; - java.util.zip.ZipFile$ZipFileInputStream::close@42 (line 998)
                      ; - java.util.zip.ZipFile$ZipFileInputStream::read@130 (line 943)
                      ; - java.util.zip.ZipFile$ZipFileInflaterInputStream::fill@32 (line 449)
                      ; - java.util.zip.InflaterInputStream::read@78 (line 208)
                      ; - jdk.internal.loader.Resource::getBytes@90 (line 106)
                      ; - jdk.internal.loader.BuiltinClassLoader::defineClass@84 (line 773)
                      ; - jdk.internal.loader.BuiltinClassLoader::findClassOnClassPathOrNull@30 (line 691)
  0x0000028a3a3a6ce4: f8b0 4aff 

  0x0000028a3a3a6ce8: ;   {post_call_nop}
  0x0000028a3a3a6ce8: 0f1f 8400 | e08e 00da | bae4 ffff | ff48 8b6c | 2440 4c8b | 5424 484c | 8954 2420 | 448b 5424 
  0x0000028a3a3a6d08: 7044 8954 | 2428 4c8b | 5424 504c | 8954 2438 | 448b 5c24 | 3444 895c | 242c 448b | 5424 5844 
  0x0000028a3a3a6d28: 8954 2430 | 448b 5424 | 5c44 8954 | 2458 448b | 5c24 7444 | 895c 245c | 448b 5424 | 7844 8954 
  0x0000028a3a3a6d48: 2474 448b | 5424 7c44 | 8954 2478 | 4489 8c24 | 9c00 0000 | 898c 24a0 | 0000 0090 

  0x0000028a3a3a6d64: ;   {runtime_call UncommonTrapBlob}
  0x0000028a3a3a6d64: c5f8 77e8 

  0x0000028a3a3a6d68: ; ImmutableOopMap {rbp=Oop [32]=Oop [40]=NarrowOop [56]=Oop [96]=Oop [104]=Oop [116]=NarrowOop [136]=Oop [144]=Oop [156]=NarrowOop }
                      ;*aaload {reexecute=0 rethrow=0 return_oop=0}
                      ; - java.util.WeakHashMap::remove@30 (line 606)
                      ; - java.util.Collections$SetFromMap::remove@5 (line 6044)
                      ; - java.util.zip.ZipFile$ZipFileInputStream::close@42 (line 998)
                      ; - java.util.zip.ZipFile$ZipFileInputStream::read@130 (line 943)
                      ; - java.util.zip.ZipFile$ZipFileInflaterInputStream::fill@32 (line 449)
                      ; - java.util.zip.InflaterInputStream::read@78 (line 208)
                      ; - jdk.internal.loader.Resource::getBytes@90 (line 106)
                      ; - jdk.internal.loader.BuiltinClassLoader::defineClass@84 (line 773)
                      ; - jdk.internal.loader.BuiltinClassLoader::findClassOnClassPathOrNull@30 (line 691)
  0x0000028a3a3a6d68: 74b0 4aff 

  0x0000028a3a3a6d6c: ;   {post_call_nop}
  0x0000028a3a3a6d6c: 0f1f 8400 | 648f 00db | ba45 ffff | ff48 8b6c | 2420 4c8b | 5424 284c | 8954 2420 | 448b 5c24 
  0x0000028a3a3a6d8c: 4444 895c | 2440 4889 | 4424 5090 

  0x0000028a3a3a6d98: ;   {runtime_call UncommonTrapBlob}
  0x0000028a3a3a6d98: c5f8 77e8 

  0x0000028a3a3a6d9c: ; ImmutableOopMap {rbp=Oop [32]=Oop [64]=NarrowOop [68]=NarrowOop [72]=Oop [80]=Oop [112]=NarrowOop [128]=Oop }
                      ;*ifnull {reexecute=1 rethrow=0 return_oop=0}
                      ; - (reexecute) java.util.jar.JarFile::maybeInstantiateVerifier@27 (line 701)
                      ; - java.util.jar.JarFile::ensureInitialization@1 (line 1042)
                      ; - java.util.jar.JavaUtilJarAccessImpl::ensureInitialization@1 (line 42)
                      ; - jdk.internal.loader.URLClassPath$JarLoader$1::getManifest@10 (line 720)
                      ; - jdk.internal.loader.BuiltinClassLoader::defineClass@29 (line 762)
                      ; - jdk.internal.loader.BuiltinClassLoader::findClassOnClassPathOrNull@30 (line 691)
  0x0000028a3a3a6d9c: 40b0 4aff 

  0x0000028a3a3a6da0: ;   {post_call_nop}
  0x0000028a3a3a6da0: 0f1f 8400 | 988f 00dc | ba45 ffff | ff44 8954 | 2450 6690 

  0x0000028a3a3a6db4: ;   {runtime_call UncommonTrapBlob}
  0x0000028a3a3a6db4: c5f8 77e8 

  0x0000028a3a3a6db8: ; ImmutableOopMap {rbp=NarrowOop [32]=Oop [40]=Oop [72]=Oop [80]=NarrowOop [112]=NarrowOop [128]=Oop }
                      ;*ifnull {reexecute=1 rethrow=0 return_oop=0}
                      ; - (reexecute) java.util.jar.JarFile::ensureInitialization@21 (line 1046)
                      ; - java.util.jar.JavaUtilJarAccessImpl::ensureInitialization@1 (line 42)
                      ; - jdk.internal.loader.URLClassPath$JarLoader$1::getManifest@10 (line 720)
                      ; - jdk.internal.loader.BuiltinClassLoader::defineClass@29 (line 762)
                      ; - jdk.internal.loader.BuiltinClassLoader::findClassOnClassPathOrNull@30 (line 691)
  0x0000028a3a3a6db8: 24b0 4aff 

  0x0000028a3a3a6dbc: ;   {post_call_nop}
  0x0000028a3a3a6dbc: 0f1f 8400 | b48f 00dd | ba45 ffff | ff48 8b6c | 2440 4889 | 4424 4090 

  0x0000028a3a3a6dd4: ;   {runtime_call UncommonTrapBlob}
  0x0000028a3a3a6dd4: c5f8 77e8 

  0x0000028a3a3a6dd8: ; ImmutableOopMap {rbp=Oop [44]=NarrowOop [56]=Oop [64]=Oop [72]=Oop [80]=Oop [112]=NarrowOop }
                      ;*ifnull {reexecute=1 rethrow=0 return_oop=0}
                      ; - (reexecute) java.util.jar.JarFile::maybeInstantiateVerifier@27 (line 701)
                      ; - java.util.jar.JarFile$JarFileEntry::getCodeSigners@4 (line 648)
                      ; - jdk.internal.loader.URLClassPath$JarLoader$1::getCodeSigners@4 (line 726)
                      ; - jdk.internal.loader.BuiltinClassLoader::defineClass@90 (line 774)
                      ; - jdk.internal.loader.BuiltinClassLoader::findClassOnClassPathOrNull@30 (line 691)
  0x0000028a3a3a6dd8: 04b0 4aff 

  0x0000028a3a3a6ddc: ;   {post_call_nop}
  0x0000028a3a3a6ddc: 0f1f 8400 | d48f 00de | 4c89 5c24 | 3848 897c | 2460 4489 | 4424 5889 | 5424 3044 | 8954 245c 
  0x0000028a3a3a6dfc: 488b ee4c | 894c 2420 

  0x0000028a3a3a6e04: ;   {metadata({type array byte})}
  0x0000028a3a3a6e04: 48ba f842 | 188d 0000 | 0000 448b | c166 6690 

  0x0000028a3a3a6e14: ;   {runtime_call C2 Runtime new_array_nozero}
  0x0000028a3a3a6e14: c5f8 77e8 

  0x0000028a3a3a6e18: ; ImmutableOopMap {[40]=Oop [56]=Oop [64]=Oop [72]=Oop [80]=Oop [96]=Oop rbp=Derived_oop_[96] [112]=NarrowOop }
                      ;*invokevirtual clone {reexecute=1 rethrow=0 return_oop=1}
                      ; - (reexecute) java.util.Arrays::copyOf@7 (line 3535)
                      ; - jdk.internal.loader.Resource::getBytes@70 (line 102)
                      ; - jdk.internal.loader.BuiltinClassLoader::defineClass@84 (line 773)
                      ; - jdk.internal.loader.BuiltinClassLoader::findClassOnClassPathOrNull@30 (line 691)
  0x0000028a3a3a6e18: 44c0 4aff 

  0x0000028a3a3a6e1c: ;   {post_call_nop}
  0x0000028a3a3a6e1c: 0f1f 8400 | 1490 00df | 4c8b d0e9 | 5fc2 ffff | ba45 ffff | ff4c 8b54 | 2440 4c89 | 5424 204c 
  0x0000028a3a3a6e3c: 8b54 2448 | 4c89 5424 | 2844 8b5c | 2470 4489 | 5c24 304c | 8b54 2450 | 4c89 5424 | 3844 8b5c 
  0x0000028a3a3a6e5c: 2458 458b | d344 8954 | 2454 448b | 5c24 5c44 | 895c 2458 | 448b 5424 | 7444 8954 | 245c 448b 
  0x0000028a3a3a6e7c: 5424 7844 | 8954 2474 | 448b 5424 | 7c44 8954 | 2478 4489 | 4c24 7c89 | 8c24 a000 | 0000 4889 
  0x0000028a3a3a6e9c: 9c24 a800 | 0000 4c89 | 8424 b800 | 0000 6690 

  0x0000028a3a3a6eac: ;   {runtime_call UncommonTrapBlob}
  0x0000028a3a3a6eac: c5f8 77e8 

  0x0000028a3a3a6eb0: ; ImmutableOopMap {rbp=NarrowOop [32]=Oop [40]=Oop [48]=NarrowOop [56]=Oop [96]=Oop [104]=Oop [116]=NarrowOop [124]=NarrowOop [136]=Oop [144]=Oop [168]=Oop [184]=Oop }
                      ;*ifeq {reexecute=1 rethrow=0 return_oop=0}
                      ; - (reexecute) java.util.WeakHashMap::matchesKey@5 (line 295)
                      ; - java.util.WeakHashMap::remove@62 (line 611)
                      ; - java.util.Collections$SetFromMap::remove@5 (line 6044)
                      ; - java.util.zip.ZipFile$ZipFileInputStream::close@42 (line 998)
                      ; - java.util.zip.ZipFile$ZipFileInputStream::read@130 (line 943)
                      ; - java.util.zip.ZipFile$ZipFileInflaterInputStream::fill@32 (line 449)
                      ; - java.util.zip.InflaterInputStream::read@78 (line 208)
                      ; - jdk.internal.loader.Resource::getBytes@90 (line 106)
                      ; - jdk.internal.loader.BuiltinClassLoader::defineClass@84 (line 773)
                      ; - jdk.internal.loader.BuiltinClassLoader::findClassOnClassPathOrNull@30 (line 691)
  0x0000028a3a3a6eb0: 2caf 4aff 

  0x0000028a3a3a6eb4: ;   {post_call_nop}
  0x0000028a3a3a6eb4: 0f1f 8400 | ac90 00e0 | ba45 ffff | ff4c 8b44 | 2450 4c89 | 4424 404c | 895c 2448 | 4889 4424 
  0x0000028a3a3a6ed4: 5066 6690 

  0x0000028a3a3a6ed8: ;   {runtime_call UncommonTrapBlob}
  0x0000028a3a3a6ed8: c5f8 77e8 

  0x0000028a3a3a6edc: ; ImmutableOopMap {[32]=Oop [40]=Oop [64]=Oop [72]=Oop [80]=Oop [112]=NarrowOop [128]=Oop }
                      ;*ifeq {reexecute=1 rethrow=0 return_oop=0}
                      ; - (reexecute) java.util.jar.JarFile::getManifestFromReference@39 (line 405)
                      ; - java.util.jar.JarFile::getManifest@1 (line 393)
                      ; - jdk.internal.loader.URLClassPath$JarLoader$1::getManifest@22 (line 721)
                      ; - jdk.internal.loader.BuiltinClassLoader::defineClass@29 (line 762)
                      ; - jdk.internal.loader.BuiltinClassLoader::findClassOnClassPathOrNull@30 (line 691)
  0x0000028a3a3a6edc: 00af 4aff 

  0x0000028a3a3a6ee0: ;   {post_call_nop}
  0x0000028a3a3a6ee0: 0f1f 8400 | d890 00e1 | baf6 ffff | ff48 8b6c | 2440 4c8b | 5424 484c | 8954 2420 | 4889 7424 
  0x0000028a3a3a6f00: 3848 897c | 2440 4c89 | 6c24 4890 

  0x0000028a3a3a6f0c: ;   {runtime_call UncommonTrapBlob}
  0x0000028a3a3a6f0c: c5f8 77e8 

  0x0000028a3a3a6f10: ; ImmutableOopMap {rbp=Oop [32]=Oop [56]=Oop [64]=Oop [72]=Oop [112]=NarrowOop }
                      ;*monitorenter {reexecute=0 rethrow=0 return_oop=0}
                      ; - java.io.FileInputStream::close@14 (line 491)
                      ; - jdk.internal.loader.Resource::getBytes@144 (line 121)
                      ; - jdk.internal.loader.URLClassPath$JarLoader$1::getBytes@1 (line 730)
                      ; - jdk.internal.loader.BuiltinClassLoader::defineClass@84 (line 773)
                      ; - jdk.internal.loader.BuiltinClassLoader::findClassOnClassPathOrNull@30 (line 691)
  0x0000028a3a3a6f10: ccae 4aff 

  0x0000028a3a3a6f14: ;   {post_call_nop}
  0x0000028a3a3a6f14: 0f1f 8400 | 0c91 00e2 | 4c89 4424 | 384c 896c | 2430 4889 | 7c24 2048 | 8bee 498b | d04c 8d84 
  0x0000028a3a3a6f34: 2410 0100 | 0066 6690 

  0x0000028a3a3a6f3c: ;   {runtime_call C2 Runtime complete_monitor_locking}
  0x0000028a3a3a6f3c: c5f8 77e8 

  0x0000028a3a3a6f40: ; ImmutableOopMap {rbp=Oop [32]=Oop [40]=Oop [48]=Oop [56]=Oop [64]=Oop [72]=Oop [112]=NarrowOop }
                      ;*monitorenter {reexecute=0 rethrow=0 return_oop=0}
                      ; - java.io.FileInputStream::close@14 (line 491)
                      ; - jdk.internal.loader.Resource::getBytes@144 (line 121)
                      ; - jdk.internal.loader.URLClassPath$JarLoader$1::getBytes@1 (line 730)
                      ; - jdk.internal.loader.BuiltinClassLoader::defineClass@84 (line 773)
                      ; - jdk.internal.loader.BuiltinClassLoader::findClassOnClassPathOrNull@30 (line 691)
  0x0000028a3a3a6f40: 1c66 4bff 

  0x0000028a3a3a6f44: ;   {post_call_nop}
  0x0000028a3a3a6f44: 0f1f 8400 | 3c91 00e3 | 488b f548 | 8b7c 2420 | 4c8b 6c24 | 304c 8b44 | 2438 e9aa | 95ff ffba 
  0x0000028a3a3a6f64: 45ff ffff | 4c8b 5424 | 404c 8954 | 2420 4c8b | 5424 484c | 8954 2428 | 448b 5424 | 7044 8954 
  0x0000028a3a3a6f84: 2430 4c8b | 5424 504c | 8954 2438 | 448b 5c24 | 5845 8bd3 | 4489 5424 | 5444 8b5c | 245c 4489 
  0x0000028a3a3a6fa4: 5c24 5844 | 8b54 2474 | 4489 5424 | 5c44 8b54 | 2478 4489 | 5424 7448 | 899c 2498 | 0000 004c 
  0x0000028a3a3a6fc4: 8984 24a0 | 0000 0090 

  0x0000028a3a3a6fcc: ;   {runtime_call UncommonTrapBlob}
  0x0000028a3a3a6fcc: c5f8 77e8 

  0x0000028a3a3a6fd0: ; ImmutableOopMap {rbp=NarrowOop [32]=Oop [40]=Oop [48]=NarrowOop [56]=Oop [96]=Oop [104]=Oop [116]=NarrowOop [152]=Oop [160]=Oop }
                      ;*if_acmpne {reexecute=1 rethrow=0 return_oop=0}
                      ; - (reexecute) java.util.WeakHashMap::remove@92 (line 614)
                      ; - java.util.Collections$SetFromMap::remove@5 (line 6044)
                      ; - java.util.zip.ZipFile$ZipFileInputStream::close@42 (line 998)
                      ; - java.util.zip.ZipFile$ZipFileInputStream::read@130 (line 943)
                      ; - java.util.zip.ZipFile$ZipFileInflaterInputStream::fill@32 (line 449)
                      ; - java.util.zip.InflaterInputStream::read@78 (line 208)
                      ; - jdk.internal.loader.Resource::getBytes@90 (line 106)
                      ; - jdk.internal.loader.BuiltinClassLoader::defineClass@84 (line 773)
                      ; - jdk.internal.loader.BuiltinClassLoader::findClassOnClassPathOrNull@30 (line 691)
  0x0000028a3a3a6fd0: 0cae 4aff 

  0x0000028a3a3a6fd4: ;   {post_call_nop}
  0x0000028a3a3a6fd4: 0f1f 8400 | cc91 00e4 | bace ffff | ff48 8b6c | 2438 4489 | 6c24 284c | 8974 2438 | 4489 5c24 
  0x0000028a3a3a6ff4: 2c66 6690 

  0x0000028a3a3a6ff8: ;   {runtime_call UncommonTrapBlob}
  0x0000028a3a3a6ff8: c5f8 77e8 

  0x0000028a3a3a6ffc: ; ImmutableOopMap {rbp=Oop [56]=Oop [72]=Oop }
                      ;*invokestatic inflate {reexecute=0 rethrow=0 return_oop=0}
                      ; - java.lang.String::getBytes@40 (line 4799)
                      ; - java.lang.StringConcatHelper::doConcat@48 (line 438)
                      ; - java.lang.String::concat@11 (line 2964)
                      ; - jdk.internal.loader.BuiltinClassLoader::findClassOnClassPathOrNull@10 (line 687)
  0x0000028a3a3a6ffc: e0ad 4aff 

  0x0000028a3a3a7000: ;   {post_call_nop}
  0x0000028a3a3a7000: 0f1f 8400 | f891 00e5 | bac6 ffff | ff48 8b6c | 2440 488b | 4c24 4848 | 894c 2420 | 488b 4c24 
  0x0000028a3a3a7020: 5048 894c | 2430 4489 | 4424 2c4c | 895c 2450 | 4c89 4c24 | 5844 8954 | 244c 8944 | 2460 6690 
  0x0000028a3a3a7040: ;   {runtime_call UncommonTrapBlob}
  0x0000028a3a3a7040: c5f8 77e8 

  0x0000028a3a3a7044: ; ImmutableOopMap {rbp=Oop [32]=Oop [48]=Oop [80]=Oop [88]=Oop [112]=NarrowOop }
                      ;*invokevirtual read {reexecute=0 rethrow=0 return_oop=0}
                      ; - jdk.internal.loader.Resource::getBytes@90 (line 106)
                      ; - jdk.internal.loader.BuiltinClassLoader::defineClass@84 (line 773)
                      ; - jdk.internal.loader.BuiltinClassLoader::findClassOnClassPathOrNull@30 (line 691)
  0x0000028a3a3a7044: 98ad 4aff 

  0x0000028a3a3a7048: ;   {post_call_nop}
  0x0000028a3a3a7048: 0f1f 8400 | 4092 00e6 | ba48 0000 | 0048 8b6c | 2440 4c8b | 5c24 484c | 895c 2420 | 4c8b 5c24 
  0x0000028a3a3a7068: 504c 895c | 2430 4489 | 4424 2c48 | 895c 2450 | 4c89 4c24 | 5844 8954 | 244c 8944 | 2460 6690 
  0x0000028a3a3a7088: ;   {runtime_call UncommonTrapBlob}
  0x0000028a3a3a7088: c5f8 77e8 

  0x0000028a3a3a708c: ; ImmutableOopMap {rbp=Oop [32]=Oop [48]=Oop [80]=Oop [88]=Oop [112]=NarrowOop }
                      ;*invokestatic enabled {reexecute=0 rethrow=0 return_oop=0}
                      ; - java.io.FileInputStream::read@6 (line 278)
                      ; - jdk.internal.loader.Resource::getBytes@90 (line 106)
                      ; - jdk.internal.loader.BuiltinClassLoader::defineClass@84 (line 773)
                      ; - jdk.internal.loader.BuiltinClassLoader::findClassOnClassPathOrNull@30 (line 691)
  0x0000028a3a3a708c: 50ad 4aff 

  0x0000028a3a3a7090: ;   {post_call_nop}
  0x0000028a3a3a7090: 0f1f 8400 | 8892 00e7 | 4889 7424 | 2048 897c 

  0x0000028a3a3a70a0: ;   {metadata('java/io/FileInputStream$1')}
  0x0000028a3a3a70a0: 2438 48ba | 2856 2e8d | 0000 0000 

  0x0000028a3a3a70ac: ;   {runtime_call C2 Runtime new_instance}
  0x0000028a3a3a70ac: c5f8 77e8 

  0x0000028a3a3a70b0: ; ImmutableOopMap {rbp=NarrowOop [32]=Oop [40]=Oop [56]=Oop [64]=Oop [72]=Oop [80]=Oop [112]=NarrowOop }
                      ;*new {reexecute=0 rethrow=0 return_oop=1}
                      ; - java.io.FileInputStream::close@57 (line 505)
                      ; - jdk.internal.loader.Resource::getBytes@144 (line 121)
                      ; - jdk.internal.loader.BuiltinClassLoader::defineClass@84 (line 773)
                      ; - jdk.internal.loader.BuiltinClassLoader::findClassOnClassPathOrNull@30 (line 691)
  0x0000028a3a3a70b0: 2cec 4aff 

  0x0000028a3a3a70b4: ;   {post_call_nop}
  0x0000028a3a3a70b4: 0f1f 8400 | ac92 00e8 | 488b 7c24 | 3848 8b74 | 2420 e98c | c2ff ffba | c6ff ffff | 488b 6c24 
  0x0000028a3a3a70d4: 4048 897c | 2430 4c89 | 5c24 4090 

  0x0000028a3a3a70e0: ;   {runtime_call UncommonTrapBlob}
  0x0000028a3a3a70e0: c5f8 77e8 

  0x0000028a3a3a70e4: ; ImmutableOopMap {rbp=Oop [48]=Oop [64]=Oop [72]=Oop [80]=Oop [112]=NarrowOop }
                      ;*invokevirtual close {reexecute=0 rethrow=0 return_oop=0}
                      ; - jdk.internal.loader.Resource::getBytes@144 (line 121)
                      ; - jdk.internal.loader.BuiltinClassLoader::defineClass@84 (line 773)
                      ; - jdk.internal.loader.BuiltinClassLoader::findClassOnClassPathOrNull@30 (line 691)
  0x0000028a3a3a70e4: f8ac 4aff 

  0x0000028a3a3a70e8: ;   {post_call_nop}
  0x0000028a3a3a70e8: 0f1f 8400 | e092 00e9 | baf6 ffff | ff48 8b6c | 2440 4c8b | 5424 484c | 8954 2420 | 448b 5c24 
  0x0000028a3a3a7108: 7044 895c | 2428 4c8b | 5424 504c | 8954 2438 | 448b 5424 | 3444 8954 | 242c 448b | 5c24 5845 
  0x0000028a3a3a7128: 8bd3 4489 | 5424 3444 | 8b5c 245c | 4489 5c24 | 5844 8b54 | 2474 4489 | 5424 5c44 | 8b5c 2478 
  0x0000028a3a3a7148: 4489 5c24 | 7444 8b54 | 247c 4489 | 5424 7844 | 894c 247c 

  0x0000028a3a3a715c: ;   {runtime_call UncommonTrapBlob}
  0x0000028a3a3a715c: c5f8 77e8 

  0x0000028a3a3a7160: ; ImmutableOopMap {rbp=Oop [32]=Oop [40]=NarrowOop [56]=Oop [96]=Oop [104]=Oop [116]=NarrowOop [124]=NarrowOop [136]=Oop [144]=Oop }
                      ;*monitorenter {reexecute=0 rethrow=0 return_oop=0}
                      ; - java.lang.ref.ReferenceQueue::poll@18 (line 164)
                      ; - java.util.WeakHashMap::expungeStaleEntries@4 (line 330)
                      ; - java.util.WeakHashMap::getTable@1 (line 362)
                      ; - java.util.WeakHashMap::remove@12 (line 604)
                      ; - java.util.Collections$SetFromMap::remove@5 (line 6044)
                      ; - java.util.zip.ZipFile$ZipFileInputStream::close@42 (line 998)
                      ; - java.util.zip.ZipFile$ZipFileInputStream::read@130 (line 943)
                      ; - java.util.zip.ZipFile$ZipFileInflaterInputStream::fill@32 (line 449)
                      ; - java.util.zip.InflaterInputStream::read@78 (line 208)
                      ; - jdk.internal.loader.Resource::getBytes@90 (line 106)
                      ; - jdk.internal.loader.BuiltinClassLoader::defineClass@84 (line 773)
                      ; - jdk.internal.loader.BuiltinClassLoader::findClassOnClassPathOrNull@30 (line 691)
  0x0000028a3a3a7160: 7cac 4aff 

  0x0000028a3a3a7164: ;   {post_call_nop}
  0x0000028a3a3a7164: 0f1f 8400 | 5c93 00ea | bacf ffff | ff48 8b6c | 2440 4c8b | 5424 484c | 8954 2420 | 448b 5424 
  0x0000028a3a3a7184: 7044 8954 | 2428 4c8b | 5424 504c | 8954 2438 | 448b 5424 | 3444 8954 | 242c 448b | 5c24 5845 
  0x0000028a3a3a71a4: 8bd3 4489 | 5424 3444 | 8b5c 245c | 4489 5c24 | 5844 8b54 | 2474 4489 | 5424 5c44 | 8b5c 2478 
  0x0000028a3a3a71c4: 4489 5c24 | 7444 8b54 | 247c 4489 | 5424 7844 | 894c 247c 

  0x0000028a3a3a71d8: ;   {runtime_call UncommonTrapBlob}
  0x0000028a3a3a71d8: c5f8 77e8 

  0x0000028a3a3a71dc: ; ImmutableOopMap {rbp=Oop [32]=Oop [40]=NarrowOop [56]=Oop [96]=Oop [104]=Oop [116]=NarrowOop [124]=NarrowOop [136]=Oop [144]=Oop }
                      ;*invokestatic pin {reexecute=0 rethrow=0 return_oop=0}
                      ; - jdk.internal.vm.ContinuationSupport::pinIfSupported@6 (line 58)
                      ; - java.lang.ref.ReferenceQueue::poll@9 (line 162)
                      ; - java.util.WeakHashMap::expungeStaleEntries@4 (line 330)
                      ; - java.util.WeakHashMap::getTable@1 (line 362)
                      ; - java.util.WeakHashMap::remove@12 (line 604)
                      ; - java.util.Collections$SetFromMap::remove@5 (line 6044)
                      ; - java.util.zip.ZipFile$ZipFileInputStream::close@42 (line 998)
                      ; - java.util.zip.ZipFile$ZipFileInputStream::read@130 (line 943)
                      ; - java.util.zip.ZipFile$ZipFileInflaterInputStream::fill@32 (line 449)
                      ; - java.util.zip.InflaterInputStream::read@78 (line 208)
                      ; - jdk.internal.loader.Resource::getBytes@90 (line 106)
                      ; - jdk.internal.loader.BuiltinClassLoader::defineClass@84 (line 773)
                      ; - jdk.internal.loader.BuiltinClassLoader::findClassOnClassPathOrNull@30 (line 691)
  0x0000028a3a3a71dc: 00ac 4aff 

  0x0000028a3a3a71e0: ;   {post_call_nop}
  0x0000028a3a3a71e0: 0f1f 8400 | d893 00eb | bacf ffff | ff48 8b6c | 2440 4c8b | 5424 484c | 8954 2420 | 448b 5c24 
  0x0000028a3a3a7200: 7044 895c | 2428 4c8b | 5424 504c | 8954 2438 | 448b 5424 | 3444 8954 | 242c 448b | 5c24 5845 
  0x0000028a3a3a7220: 8bd3 4489 | 5424 3444 | 8b5c 245c | 4489 5c24 | 5844 8b54 | 2474 4489 | 5424 5c44 | 8b5c 2478 
  0x0000028a3a3a7240: 4489 5c24 | 7448 899c | 24a8 0000 | 0066 6690 

  0x0000028a3a3a7250: ;   {runtime_call UncommonTrapBlob}
  0x0000028a3a3a7250: c5f8 77e8 

  0x0000028a3a3a7254: ; ImmutableOopMap {rbp=Oop [32]=Oop [40]=NarrowOop [56]=Oop [96]=Oop [104]=Oop [116]=NarrowOop [136]=Oop [144]=Oop [168]=Oop }
                      ;*invokestatic unpin {reexecute=0 rethrow=0 return_oop=0}
                      ; - jdk.internal.vm.ContinuationSupport::unpinIfSupported@6 (line 67)
                      ; - java.lang.ref.ReferenceQueue::poll@26 (line 168)
                      ; - java.util.WeakHashMap::expungeStaleEntries@4 (line 330)
                      ; - java.util.WeakHashMap::getTable@1 (line 362)
                      ; - java.util.WeakHashMap::remove@12 (line 604)
                      ; - java.util.Collections$SetFromMap::remove@5 (line 6044)
                      ; - java.util.zip.ZipFile$ZipFileInputStream::close@42 (line 998)
                      ; - java.util.zip.ZipFile$ZipFileInputStream::read@130 (line 943)
                      ; - java.util.zip.ZipFile$ZipFileInflaterInputStream::fill@32 (line 449)
                      ; - java.util.zip.InflaterInputStream::read@78 (line 208)
                      ; - jdk.internal.loader.Resource::getBytes@90 (line 106)
                      ; - jdk.internal.loader.BuiltinClassLoader::defineClass@84 (line 773)
                      ; - jdk.internal.loader.BuiltinClassLoader::findClassOnClassPathOrNull@30 (line 691)
  0x0000028a3a3a7254: 88ab 4aff 

  0x0000028a3a3a7258: ;   {post_call_nop}
  0x0000028a3a3a7258: 0f1f 8400 | 5094 00ec | 498b d34c | 8d84 2418 | 0100 0090 

  0x0000028a3a3a726c: ;   {runtime_call C2 Runtime complete_monitor_locking}
  0x0000028a3a3a726c: c5f8 77e8 

  0x0000028a3a3a7270: ; ImmutableOopMap {rbp=NarrowOop [40]=Oop [56]=Oop [64]=Oop [72]=Oop [80]=Oop [96]=Oop [104]=Oop [112]=NarrowOop [120]=NarrowOop [128]=Oop [136]=Oop [144]=Oop [152]=Oop [160]=Oop }
                      ;*monitorenter {reexecute=0 rethrow=0 return_oop=0}
                      ; - java.lang.ref.ReferenceQueue::poll@18 (line 164)
                      ; - java.util.WeakHashMap::expungeStaleEntries@4 (line 330)
                      ; - java.util.WeakHashMap::getTable@1 (line 362)
                      ; - java.util.WeakHashMap::remove@12 (line 604)
                      ; - java.util.Collections$SetFromMap::remove@5 (line 6044)
                      ; - java.util.zip.ZipFile$ZipFileInputStream::close@42 (line 998)
                      ; - java.util.zip.ZipFile$ZipFileInputStream::read@130 (line 943)
                      ; - java.util.zip.ZipFile$ZipFileInflaterInputStream::fill@32 (line 449)
                      ; - java.util.zip.InflaterInputStream::read@78 (line 208)
                      ; - jdk.internal.loader.Resource::getBytes@90 (line 106)
                      ; - jdk.internal.loader.BuiltinClassLoader::defineClass@84 (line 773)
                      ; - jdk.internal.loader.BuiltinClassLoader::findClassOnClassPathOrNull@30 (line 691)
  0x0000028a3a3a7270: ec62 4bff 

  0x0000028a3a3a7274: ;   {post_call_nop}
  0x0000028a3a3a7274: 0f1f 8400 | 6c94 00ed | e973 b7ff | ff49 8bcb | 488d 9424 | 1801 0000 | 4d8b c7c5 

  0x0000028a3a3a7290: ;   {runtime_call}
  0x0000028a3a3a7290: f877 49ba | 70f4 49e5 | fe7f 0000 

  0x0000028a3a3a729c: ;   {post_call_nop}
  0x0000028a3a3a729c: 41ff d20f | 1f84 0000 | 0000 00e9 | 03b8 ffff | baf6 ffff | ff48 8b6c | 2440 4c8b | 5424 484c 
  0x0000028a3a3a72bc: 8954 2420 | 4889 7424 | 3848 897c | 2440 4c89 | 5c24 4890 

  0x0000028a3a3a72d0: ;   {runtime_call UncommonTrapBlob}
  0x0000028a3a3a72d0: c5f8 77e8 

  0x0000028a3a3a72d4: ; ImmutableOopMap {rbp=Oop [32]=Oop [56]=Oop [64]=Oop [72]=Oop [112]=NarrowOop }
                      ;*invokevirtual closeAll {reexecute=0 rethrow=0 return_oop=0}
                      ; - java.io.FileInputStream::close@65 (line 505)
                      ; - jdk.internal.loader.Resource::getBytes@144 (line 121)
                      ; - jdk.internal.loader.URLClassPath$JarLoader$1::getBytes@1 (line 730)
                      ; - jdk.internal.loader.BuiltinClassLoader::defineClass@84 (line 773)
                      ; - jdk.internal.loader.BuiltinClassLoader::findClassOnClassPathOrNull@30 (line 691)
  0x0000028a3a3a72d4: 08ab 4aff 

  0x0000028a3a3a72d8: ;   {post_call_nop}
  0x0000028a3a3a72d8: 0f1f 8400 | d094 00ee | 498b c848 | 8d94 2410 | 0100 004d | 8bc7 c5f8 

  0x0000028a3a3a72f0: ;   {runtime_call}
  0x0000028a3a3a72f0: 7749 ba70 | f449 e5fe | 7f00 0041 

  0x0000028a3a3a72fc: ;   {post_call_nop}
  0x0000028a3a3a72fc: ffd2 0f1f | 8400 0000 | 0000 e9e8 | b8ff ffba | f6ff ffff | 488b 6c24 | 404c 8b54 | 2448 4c89 
  0x0000028a3a3a731c: 5424 204c | 8b54 2458 | 4c89 5424 | 284c 8b94 | 2480 0000 | 004c 8954 | 2440 448b | 5424 6044 
  0x0000028a3a3a733c: 8954 2434 | 448b 5c24 | 784c 8b54 | 2468 4c89 | 5424 5844 | 895c 2454 

  0x0000028a3a3a7354: ;   {runtime_call UncommonTrapBlob}
  0x0000028a3a3a7354: c5f8 77e8 

  0x0000028a3a3a7358: ; ImmutableOopMap {rbp=Oop [32]=Oop [40]=Oop [64]=Oop [88]=Oop [112]=NarrowOop [116]=NarrowOop }
                      ;*monitorenter {reexecute=0 rethrow=0 return_oop=0}
                      ; - java.util.zip.Inflater::finished@6 (line 302)
                      ; - java.util.zip.InflaterInputStream::read@34 (line 198)
                      ; - jdk.internal.loader.Resource::getBytes@90 (line 106)
                      ; - jdk.internal.loader.URLClassPath$JarLoader$1::getBytes@1 (line 730)
                      ; - jdk.internal.loader.BuiltinClassLoader::defineClass@84 (line 773)
                      ; - jdk.internal.loader.BuiltinClassLoader::findClassOnClassPathOrNull@30 (line 691)
  0x0000028a3a3a7358: 84aa 4aff 

  0x0000028a3a3a735c: ;   {post_call_nop}
  0x0000028a3a3a735c: 0f1f 8400 | 5495 00ef | 498b cb48 | 8d94 2410 | 0100 004d | 8bc7 c5f8 

  0x0000028a3a3a7374: ;   {runtime_call}
  0x0000028a3a3a7374: 7749 ba70 | f449 e5fe | 7f00 0041 

  0x0000028a3a3a7380: ;   {post_call_nop}
  0x0000028a3a3a7380: ffd2 0f1f | 8400 0000 | 0000 e9f8 | 8fff ff44 | 8b54 2474 | 4b8d 2cd4 | 498b d34c | 8d84 2410 
  0x0000028a3a3a73a0: 0100 0090 

  0x0000028a3a3a73a4: ;   {runtime_call C2 Runtime complete_monitor_locking}
  0x0000028a3a3a73a4: c5f8 77e8 

  0x0000028a3a3a73a8: ; ImmutableOopMap {rbp=Oop [40]=Oop [48]=Oop [64]=Oop [72]=Oop [80]=Oop [88]=Oop [104]=Oop [112]=NarrowOop [116]=NarrowOop [128]=Oop }
                      ;*monitorenter {reexecute=0 rethrow=0 return_oop=0}
                      ; - java.util.zip.Inflater::finished@6 (line 302)
                      ; - java.util.zip.InflaterInputStream::read@34 (line 198)
                      ; - jdk.internal.loader.Resource::getBytes@90 (line 106)
                      ; - jdk.internal.loader.URLClassPath$JarLoader$1::getBytes@1 (line 730)
                      ; - jdk.internal.loader.BuiltinClassLoader::defineClass@84 (line 773)
                      ; - jdk.internal.loader.BuiltinClassLoader::findClassOnClassPathOrNull@30 (line 691)
  0x0000028a3a3a73a8: b461 4bff 

  0x0000028a3a3a73ac: ;   {post_call_nop}
  0x0000028a3a3a73ac: 0f1f 8400 | a495 00f0 | e926 8fff | ffba f6ff | ffff 488b | 6c24 4048 | 897c 2430 | 4889 7424 
  0x0000028a3a3a73cc: 4066 6690 

  0x0000028a3a3a73d0: ;   {runtime_call UncommonTrapBlob}
  0x0000028a3a3a73d0: c5f8 77e8 

  0x0000028a3a3a73d4: ; ImmutableOopMap {rbp=Oop [48]=Oop [64]=Oop [72]=Oop [80]=Oop [112]=NarrowOop }
                      ;*monitorenter {reexecute=0 rethrow=0 return_oop=0}
                      ; - java.io.FileInputStream::close@14 (line 491)
                      ; - jdk.internal.loader.Resource::getBytes@144 (line 121)
                      ; - jdk.internal.loader.BuiltinClassLoader::defineClass@84 (line 773)
                      ; - jdk.internal.loader.BuiltinClassLoader::findClassOnClassPathOrNull@30 (line 691)
  0x0000028a3a3a73d4: 08aa 4aff 

  0x0000028a3a3a73d8: ;   {post_call_nop}
  0x0000028a3a3a73d8: 0f1f 8400 | d095 00f1 | 4c89 5c24 | 3048 8974 | 2420 488b | ef49 8bd3 | 4c8d 8424 | 1001 0000 
  0x0000028a3a3a73f8: ;   {runtime_call C2 Runtime complete_monitor_locking}
  0x0000028a3a3a73f8: c5f8 77e8 

  0x0000028a3a3a73fc: ; ImmutableOopMap {rbp=Oop [32]=Oop [40]=Oop [48]=Oop [64]=Oop [72]=Oop [80]=Oop [112]=NarrowOop }
                      ;*monitorenter {reexecute=0 rethrow=0 return_oop=0}
                      ; - java.io.FileInputStream::close@14 (line 491)
                      ; - jdk.internal.loader.Resource::getBytes@144 (line 121)
                      ; - jdk.internal.loader.BuiltinClassLoader::defineClass@84 (line 773)
                      ; - jdk.internal.loader.BuiltinClassLoader::findClassOnClassPathOrNull@30 (line 691)
  0x0000028a3a3a73fc: 6061 4bff 

  0x0000028a3a3a7400: ;   {post_call_nop}
  0x0000028a3a3a7400: 0f1f 8400 | f895 00f2 | 488b fd48 | 8b74 2420 | 4c8b 5c24 | 30e9 3fb4 | ffff baf6 | ffff ff48 
  0x0000028a3a3a7420: 8b6c 2440 | 4889 7c24 | 304c 8944 | 2440 6690 

  0x0000028a3a3a7430: ;   {runtime_call UncommonTrapBlob}
  0x0000028a3a3a7430: c5f8 77e8 

  0x0000028a3a3a7434: ; ImmutableOopMap {rbp=Oop [48]=Oop [64]=Oop [72]=Oop [80]=Oop [112]=NarrowOop }
                      ;*invokevirtual closeAll {reexecute=0 rethrow=0 return_oop=0}
                      ; - java.io.FileInputStream::close@65 (line 505)
                      ; - jdk.internal.loader.Resource::getBytes@144 (line 121)
                      ; - jdk.internal.loader.BuiltinClassLoader::defineClass@84 (line 773)
                      ; - jdk.internal.loader.BuiltinClassLoader::findClassOnClassPathOrNull@30 (line 691)
  0x0000028a3a3a7434: a8a9 4aff 

  0x0000028a3a3a7438: ;   {post_call_nop}
  0x0000028a3a3a7438: 0f1f 8400 | 3096 00f3 | 498b cb48 | 8d94 2410 | 0100 004d | 8bc7 c5f8 

  0x0000028a3a3a7450: ;   {runtime_call}
  0x0000028a3a3a7450: 7749 ba70 | f449 e5fe | 7f00 0041 

  0x0000028a3a3a745c: ;   {post_call_nop}
  0x0000028a3a3a745c: ffd2 0f1f | 8400 0000 | 0000 e980 | beff ffba | f6ff ffff | 4c8b 5424 | 484c 8954 | 2420 4c8b 
  0x0000028a3a3a747c: 5424 504c | 8954 2438 | 448b 5c24 | 3444 895c | 242c 448b | 5424 5844 | 8954 2434 | 448b 5424 
  0x0000028a3a3a749c: 5c44 8954 | 2458 894c | 245c 6690 

  0x0000028a3a3a74a8: ;   {runtime_call UncommonTrapBlob}
  0x0000028a3a3a74a8: c5f8 77e8 

  0x0000028a3a3a74ac: ; ImmutableOopMap {rbp=Oop [32]=Oop [56]=Oop [92]=NarrowOop [96]=Oop [104]=Oop [112]=NarrowOop }
                      ;*monitorenter {reexecute=0 rethrow=0 return_oop=0}
                      ; - java.util.zip.Inflater::finished@6 (line 302)
                      ; - java.util.zip.InflaterInputStream::read@34 (line 198)
                      ; - jdk.internal.loader.Resource::getBytes@90 (line 106)
                      ; - jdk.internal.loader.BuiltinClassLoader::defineClass@84 (line 773)
                      ; - jdk.internal.loader.BuiltinClassLoader::findClassOnClassPathOrNull@30 (line 691)
  0x0000028a3a3a74ac: 30a9 4aff 

  0x0000028a3a3a74b0: ;   {post_call_nop}
  0x0000028a3a3a74b0: 0f1f 8400 | a896 00f4 | 498d 2ccc | 498b d34c | 8d84 2410 | 0100 0090 

  0x0000028a3a3a74c8: ;   {runtime_call C2 Runtime complete_monitor_locking}
  0x0000028a3a3a74c8: c5f8 77e8 

  0x0000028a3a3a74cc: ; ImmutableOopMap {rbp=Oop [40]=Oop [48]=NarrowOop [56]=Oop [64]=Oop [72]=Oop [80]=Oop [96]=Oop [104]=Oop [112]=NarrowOop [120]=Oop }
                      ;*monitorenter {reexecute=0 rethrow=0 return_oop=0}
                      ; - java.util.zip.Inflater::finished@6 (line 302)
                      ; - java.util.zip.InflaterInputStream::read@34 (line 198)
                      ; - jdk.internal.loader.Resource::getBytes@90 (line 106)
                      ; - jdk.internal.loader.BuiltinClassLoader::defineClass@84 (line 773)
                      ; - jdk.internal.loader.BuiltinClassLoader::findClassOnClassPathOrNull@30 (line 691)
  0x0000028a3a3a74cc: 9060 4bff 

  0x0000028a3a3a74d0: ;   {post_call_nop}
  0x0000028a3a3a74d0: 0f1f 8400 | c896 00f5 | e9d3 afff | ff4d 8bd3 | 498b ca48 | 8d94 2410 | 0100 004d | 8bc7 c5f8 
  0x0000028a3a3a74f0: ;   {runtime_call}
  0x0000028a3a3a74f0: 7749 ba70 | f449 e5fe | 7f00 0041 

  0x0000028a3a3a74fc: ;   {post_call_nop}
  0x0000028a3a3a74fc: ffd2 0f1f | 8400 0000 | 0000 e94d | b0ff ffba | deff ffff | 4c8b 5424 | 384c 8954 | 2420 4c8b 
  0x0000028a3a3a751c: 5424 484c | 8954 2428 | 4889 7c24 | 4048 894c | 2448 6690 

  0x0000028a3a3a7530: ;   {runtime_call UncommonTrapBlob}
  0x0000028a3a3a7530: c5f8 77e8 

  0x0000028a3a3a7534: ; ImmutableOopMap {rbp=NarrowOop [32]=Oop [40]=Oop [64]=Oop [72]=Oop [112]=NarrowOop [128]=Oop }
                      ;*checkcast {reexecute=0 rethrow=0 return_oop=0}
                      ; - java.util.jar.JarFile::getManifestFromReference@14 (line 397)
                      ; - java.util.jar.JarFile::getManifest@1 (line 393)
                      ; - jdk.internal.loader.URLClassPath$JarLoader$1::getManifest@22 (line 721)
                      ; - jdk.internal.loader.BuiltinClassLoader::defineClass@29 (line 762)
                      ; - jdk.internal.loader.BuiltinClassLoader::findClassOnClassPathOrNull@30 (line 691)
  0x0000028a3a3a7534: a8a8 4aff 

  0x0000028a3a3a7538: ;   {post_call_nop}
  0x0000028a3a3a7538: 0f1f 8400 | 3097 00f6 | 8b6c 247c | 488b d044 | 8b5c 2478 | 4489 5c24 | 7466 6690 

  0x0000028a3a3a7554: ;   {runtime_call C2 Runtime rethrow}
  0x0000028a3a3a7554: c5f8 77e8 

  0x0000028a3a3a7558: ; ImmutableOopMap {[64]=Oop [72]=Oop [80]=Oop [88]=Oop [104]=Oop [112]=NarrowOop [128]=Oop }
                      ;*invokevirtual inflate {reexecute=0 rethrow=0 return_oop=1}
                      ; - java.util.zip.InflaterInputStream::read@88 (line 210)
                      ; - jdk.internal.loader.Resource::getBytes@90 (line 106)
                      ; - jdk.internal.loader.URLClassPath$JarLoader$1::getBytes@1 (line 730)
                      ; - jdk.internal.loader.BuiltinClassLoader::defineClass@84 (line 773)
                      ; - jdk.internal.loader.BuiltinClassLoader::findClassOnClassPathOrNull@30 (line 691)
  0x0000028a3a3a7558: 846c 4bff 

  0x0000028a3a3a755c: ;   {post_call_nop}
  0x0000028a3a3a755c: 0f1f 8400 | 5497 00f7 | 488b e8eb | 0348 8be8 | ba95 ffff | ff4c 8b54 | 2440 4c89 | 5424 204c 
  0x0000028a3a3a757c: 8b54 2448 | 4c89 5424 | 284c 8b54 | 2458 4c89 | 5424 3044 | 8b54 2470 | 4489 5424 | 384c 8b94 
  0x0000028a3a3a759c: 2480 0000 | 004c 8954 | 2448 4c8b | 9424 8800 | 0000 4c89 | 5424 5044 | 8b54 2460 | 4489 5424 
  0x0000028a3a3a75bc: 3c44 8b5c | 2464 4489 | 5c24 5c44 | 8b5c 247c | 4489 5c24 | 704c 8b94 | 2498 0000 | 004c 8994 
  0x0000028a3a3a75dc: 2488 0000 | 0044 8b94 | 24a0 0000 | 0045 8bda | 4489 9c24 | 9000 0000 | 448b 9424 | b000 0000 
  0x0000028a3a3a75fc: 4489 9424 | 9800 0000 

  0x0000028a3a3a7604: ;   {runtime_call UncommonTrapBlob}
  0x0000028a3a3a7604: c5f8 77e8 

  0x0000028a3a3a7608: ; ImmutableOopMap {rbp=Oop [32]=Oop [40]=Oop [48]=Oop [56]=NarrowOop [72]=Oop [80]=Oop [136]=Oop [144]=NarrowOop [152]=NarrowOop [160]=NarrowOop [176]=NarrowOop }
                      ;*astore {reexecute=0 rethrow=0 return_oop=0}
                      ; - java.util.zip.ZipFile$Source::readAt@31 (line 1589)
                      ; - java.util.zip.ZipFile$ZipFileInputStream::read@76 (line 936)
                      ; - java.util.zip.ZipFile$ZipFileInflaterInputStream::fill@32 (line 449)
                      ; - java.util.zip.InflaterInputStream::read@78 (line 208)
                      ; - jdk.internal.loader.Resource::getBytes@90 (line 106)
                      ; - jdk.internal.loader.URLClassPath$JarLoader$1::getBytes@1 (line 730)
                      ; - jdk.internal.loader.BuiltinClassLoader::defineClass@84 (line 773)
                      ; - jdk.internal.loader.BuiltinClassLoader::findClassOnClassPathOrNull@30 (line 691)
  0x0000028a3a3a7608: d4a7 4aff 

  0x0000028a3a3a760c: ;   {post_call_nop}
  0x0000028a3a3a760c: 0f1f 8400 | 0498 00f8 | 488b e8eb | 0348 8be8 | ba95 ffff | ff4c 8b54 | 2440 4c89 | 5424 204c 
  0x0000028a3a3a762c: 8b54 2448 | 4c89 5424 | 284c 8b54 | 2458 4c89 | 5424 3044 | 8b54 2470 | 4489 5424 | 384c 8b94 
  0x0000028a3a3a764c: 2480 0000 | 004c 8954 | 2448 4c8b | 9424 8800 | 0000 4c89 | 5424 5044 | 8b5c 2460 | 4489 5c24 
  0x0000028a3a3a766c: 3c44 8b54 | 2464 4489 | 5424 5844 | 8b54 247c | 4489 5424 | 7044 8b9c | 2490 0000 | 0044 895c 
  0x0000028a3a3a768c: 2474 448b | 9424 9400 | 0000 4489 | 9424 9000 | 0000 448b | 9424 b800 | 0000 458b | da44 899c 
  0x0000028a3a3a76ac: 24b0 0000 | 0066 6690 

  0x0000028a3a3a76b4: ;   {runtime_call UncommonTrapBlob}
  0x0000028a3a3a76b4: c5f8 77e8 

  0x0000028a3a3a76b8: ; ImmutableOopMap {rbp=Oop [32]=Oop [40]=Oop [48]=Oop [56]=NarrowOop [72]=Oop [80]=Oop [116]=NarrowOop [152]=Oop [160]=NarrowOop [168]=Oop [176]=NarrowOop [184]=NarrowOop }
                      ;*astore {reexecute=0 rethrow=0 return_oop=0}
                      ; - java.util.zip.ZipFile$Source::readFullyAt@66 (line 1580)
                      ; - java.util.zip.ZipFile$ZipFileInputStream::initDataOffset@41 (line 910)
                      ; - java.util.zip.ZipFile$ZipFileInputStream::read@16 (line 926)
                      ; - java.util.zip.ZipFile$ZipFileInflaterInputStream::fill@32 (line 449)
                      ; - java.util.zip.InflaterInputStream::read@78 (line 208)
                      ; - jdk.internal.loader.Resource::getBytes@90 (line 106)
                      ; - jdk.internal.loader.URLClassPath$JarLoader$1::getBytes@1 (line 730)
                      ; - jdk.internal.loader.BuiltinClassLoader::defineClass@84 (line 773)
                      ; - jdk.internal.loader.BuiltinClassLoader::findClassOnClassPathOrNull@30 (line 691)
  0x0000028a3a3a76b8: 24a7 4aff 

  0x0000028a3a3a76bc: ;   {post_call_nop}
  0x0000028a3a3a76bc: 0f1f 8400 | b498 00f9 | baf6 ffff | ff48 8b6c | 2440 4c8b | 5424 484c | 8954 2420 | 4889 7424 
  0x0000028a3a3a76dc: 3844 8b54 | 2460 4489 | 5424 3448 | 895c 2458 | 4889 7c24 | 6044 8944 | 2454 6690 

  0x0000028a3a3a76f8: ;   {runtime_call UncommonTrapBlob}
  0x0000028a3a3a76f8: c5f8 77e8 

  0x0000028a3a3a76fc: ; ImmutableOopMap {rbp=Oop [32]=Oop [56]=Oop [88]=Oop [96]=Oop [112]=NarrowOop [128]=Oop }
                      ;*invokevirtual finished {reexecute=0 rethrow=0 return_oop=0}
                      ; - java.util.zip.InflaterInputStream::read@34 (line 198)
                      ; - jdk.internal.loader.Resource::getBytes@90 (line 106)
                      ; - jdk.internal.loader.URLClassPath$JarLoader$1::getBytes@1 (line 730)
                      ; - jdk.internal.loader.BuiltinClassLoader::defineClass@84 (line 773)
                      ; - jdk.internal.loader.BuiltinClassLoader::findClassOnClassPathOrNull@30 (line 691)
  0x0000028a3a3a76fc: e0a6 4aff 

  0x0000028a3a3a7700: ;   {post_call_nop}
  0x0000028a3a3a7700: 0f1f 8400 | f898 00fa | baf6 ffff | ff48 8b6c | 2440 4c8b | 5424 484c | 8954 2420 | 4c8b 5424 
  0x0000028a3a3a7720: 584c 8954 | 2428 4c8b | 9424 8000 | 0000 4c89 | 5424 4044 | 8b54 2460 | 4489 5424 | 3444 8b5c 
  0x0000028a3a3a7740: 2478 4c8b | 5424 684c | 8954 2458 | 4489 5c24 | 5466 6690 

  0x0000028a3a3a7754: ;   {runtime_call UncommonTrapBlob}
  0x0000028a3a3a7754: c5f8 77e8 

  0x0000028a3a3a7758: ; ImmutableOopMap {rbp=Oop [32]=Oop [40]=Oop [64]=Oop [88]=Oop [112]=NarrowOop }
                      ;*invokevirtual needsDictionary {reexecute=0 rethrow=0 return_oop=0}
                      ; - java.util.zip.InflaterInputStream::read@44 (line 198)
                      ; - jdk.internal.loader.Resource::getBytes@90 (line 106)
                      ; - jdk.internal.loader.URLClassPath$JarLoader$1::getBytes@1 (line 730)
                      ; - jdk.internal.loader.BuiltinClassLoader::defineClass@84 (line 773)
                      ; - jdk.internal.loader.BuiltinClassLoader::findClassOnClassPathOrNull@30 (line 691)
  0x0000028a3a3a7758: 84a6 4aff 

  0x0000028a3a3a775c: ;   {post_call_nop}
  0x0000028a3a3a775c: 0f1f 8400 | 5499 00fb | baf6 ffff | ff48 8b6c | 2440 4c8b | 5424 484c | 8954 2420 | 4c8b 5424 
  0x0000028a3a3a777c: 584c 8954 | 2438 4c8b | 9424 8000 | 0000 4c89 | 5424 4044 | 8b54 2460 | 4489 5424 | 3444 8b5c 
  0x0000028a3a3a779c: 2478 4c8b | 5424 684c | 8954 2458 | 4489 5c24 | 5466 6690 

  0x0000028a3a3a77b0: ;   {runtime_call UncommonTrapBlob}
  0x0000028a3a3a77b0: c5f8 77e8 

  0x0000028a3a3a77b4: ; ImmutableOopMap {rbp=Oop [32]=Oop [56]=Oop [64]=Oop [88]=Oop [112]=NarrowOop }
                      ;*invokevirtual needsInput {reexecute=0 rethrow=0 return_oop=0}
                      ; - java.util.zip.InflaterInputStream::read@61 (line 202)
                      ; - jdk.internal.loader.Resource::getBytes@90 (line 106)
                      ; - jdk.internal.loader.URLClassPath$JarLoader$1::getBytes@1 (line 730)
                      ; - jdk.internal.loader.BuiltinClassLoader::defineClass@84 (line 773)
                      ; - jdk.internal.loader.BuiltinClassLoader::findClassOnClassPathOrNull@30 (line 691)
  0x0000028a3a3a77b4: 28a6 4aff 

  0x0000028a3a3a77b8: ;   {post_call_nop}
  0x0000028a3a3a77b8: 0f1f 8400 | b099 00fc | baf6 ffff | ff48 8b6c | 2438 6690 

  0x0000028a3a3a77cc: ;   {runtime_call UncommonTrapBlob}
  0x0000028a3a3a77cc: c5f8 77e8 

  0x0000028a3a3a77d0: ; ImmutableOopMap {rbp=Oop }
                      ;*invokevirtual replace {reexecute=0 rethrow=0 return_oop=0}
                      ; - jdk.internal.loader.BuiltinClassLoader::findClassOnClassPathOrNull@5 (line 687)
  0x0000028a3a3a77d0: 0ca6 4aff 

  0x0000028a3a3a77d4: ;   {post_call_nop}
  0x0000028a3a3a77d4: 0f1f 8400 | cc99 00fd | baf6 ffff | ff48 8b6c | 2438 6690 

  0x0000028a3a3a77e8: ;   {runtime_call UncommonTrapBlob}
  0x0000028a3a3a77e8: c5f8 77e8 

  0x0000028a3a3a77ec: ; ImmutableOopMap {rbp=Oop [72]=Oop }
                      ;*arraylength {reexecute=0 rethrow=0 return_oop=0}
                      ; - java.lang.StringLatin1::replace@8 (line 294)
                      ; - java.lang.String::replace@18 (line 2998)
                      ; - jdk.internal.loader.BuiltinClassLoader::findClassOnClassPathOrNull@5 (line 687)
  0x0000028a3a3a77ec: f0a5 4aff 

  0x0000028a3a3a77f0: ;   {post_call_nop}
  0x0000028a3a3a77f0: 0f1f 8400 | e899 00fe | baf6 ffff | ff48 8b6c | 2438 6690 

  0x0000028a3a3a7804: ;   {runtime_call UncommonTrapBlob}
  0x0000028a3a3a7804: c5f8 77e8 

  0x0000028a3a3a7808: ; ImmutableOopMap {rbp=Oop [72]=Oop }
                      ;*arraylength {reexecute=0 rethrow=0 return_oop=0}
                      ; - java.lang.String::length@4 (line 1583)
                      ; - java.lang.StringConcatHelper::doConcat@44 (line 438)
                      ; - java.lang.String::concat@11 (line 2964)
                      ; - jdk.internal.loader.BuiltinClassLoader::findClassOnClassPathOrNull@10 (line 687)
  0x0000028a3a3a7808: d4a5 4aff 

  0x0000028a3a3a780c: ;   {post_call_nop}
  0x0000028a3a3a780c: 0f1f 8400 | 049a 00ff | baf6 ffff | ff66 6690 

  0x0000028a3a3a781c: ;   {runtime_call UncommonTrapBlob}
  0x0000028a3a3a781c: c5f8 77e8 

  0x0000028a3a3a7820: ; ImmutableOopMap {}
                      ;*arraylength {reexecute=0 rethrow=0 return_oop=0}
                      ; - java.lang.String::length@4 (line 1583)
                      ; - java.lang.String::lastIndexOf@3 (line 2600)
                      ; - jdk.internal.loader.BuiltinClassLoader::defineClass@8 (line 759)
                      ; - jdk.internal.loader.BuiltinClassLoader::findClassOnClassPathOrNull@30 (line 691)
  0x0000028a3a3a7820: bca5 4aff 

  0x0000028a3a3a7824: ;   {post_call_nop}
  0x0000028a3a3a7824: 0f1f 8400 | 0000 0000 | baf6 ffff | ff66 6690 

  0x0000028a3a3a7834: ;   {runtime_call UncommonTrapBlob}
  0x0000028a3a3a7834: c5f8 77e8 

  0x0000028a3a3a7838: ; ImmutableOopMap {}
                      ;*getfield csu {reexecute=1 rethrow=0 return_oop=0}
                      ; - (reexecute) jdk.internal.loader.URLClassPath$JarLoader$1::getCodeSourceURL@4 (line 714)
                      ; - jdk.internal.loader.BuiltinClassLoader::defineClass@1 (line 756)
                      ; - jdk.internal.loader.BuiltinClassLoader::findClassOnClassPathOrNull@30 (line 691)
  0x0000028a3a3a7838: a4a5 4aff 

  0x0000028a3a3a783c: ;   {post_call_nop}
  0x0000028a3a3a783c: 0f1f 8400 | 0000 0000 | baf6 ffff | ff66 6690 

  0x0000028a3a3a784c: ;   {runtime_call UncommonTrapBlob}
  0x0000028a3a3a784c: c5f8 77e8 

  0x0000028a3a3a7850: ; ImmutableOopMap {}
                      ;*getfield jar {reexecute=1 rethrow=0 return_oop=0}
                      ; - (reexecute) jdk.internal.loader.URLClassPath$JarLoader$1::getManifest@7 (line 720)
                      ; - jdk.internal.loader.BuiltinClassLoader::defineClass@29 (line 762)
                      ; - jdk.internal.loader.BuiltinClassLoader::findClassOnClassPathOrNull@30 (line 691)
  0x0000028a3a3a7850: 8ca5 4aff 

  0x0000028a3a3a7854: ;   {post_call_nop}
  0x0000028a3a3a7854: 0f1f 8400 | 0000 0000 | baf6 ffff | ff66 6690 

  0x0000028a3a3a7864: ;   {runtime_call UncommonTrapBlob}
  0x0000028a3a3a7864: c5f8 77e8 

  0x0000028a3a3a7868: ; ImmutableOopMap {}
                      ;*getfield jar {reexecute=1 rethrow=0 return_oop=0}
                      ; - (reexecute) jdk.internal.loader.URLClassPath$JarLoader$1::getManifest@19 (line 721)
                      ; - jdk.internal.loader.BuiltinClassLoader::defineClass@29 (line 762)
                      ; - jdk.internal.loader.BuiltinClassLoader::findClassOnClassPathOrNull@30 (line 691)
  0x0000028a3a3a7868: 74a5 4aff 

  0x0000028a3a3a786c: ;   {post_call_nop}
  0x0000028a3a3a786c: 0f1f 8400 | 0000 0000 | baf6 ffff | ff66 6690 

  0x0000028a3a3a787c: ;   {runtime_call UncommonTrapBlob}
  0x0000028a3a3a787c: c5f8 77e8 

  0x0000028a3a3a7880: ; ImmutableOopMap {}
                      ;*invokevirtual getManifest {reexecute=0 rethrow=0 return_oop=0}
                      ; - jdk.internal.loader.URLClassPath$JarLoader$1::getManifest@22 (line 721)
                      ; - jdk.internal.loader.BuiltinClassLoader::defineClass@29 (line 762)
                      ; - jdk.internal.loader.BuiltinClassLoader::findClassOnClassPathOrNull@30 (line 691)
  0x0000028a3a3a7880: 5ca5 4aff 

  0x0000028a3a3a7884: ;   {post_call_nop}
  0x0000028a3a3a7884: 0f1f 8400 | 0000 0000 | baf6 ffff | ff48 8b6c | 2440 4889 | 7424 3890 

  0x0000028a3a3a789c: ;   {runtime_call UncommonTrapBlob}
  0x0000028a3a3a789c: c5f8 77e8 

  0x0000028a3a3a78a0: ; ImmutableOopMap {rbp=Oop [56]=Oop [72]=Oop [80]=Oop [112]=NarrowOop }
                      ;*invokevirtual getSize {reexecute=0 rethrow=0 return_oop=0}
                      ; - jdk.internal.loader.URLClassPath$JarLoader$1::getContentLength@4 (line 718)
                      ; - jdk.internal.loader.Resource::getBytes@6 (line 90)
                      ; - jdk.internal.loader.URLClassPath$JarLoader$1::getBytes@1 (line 730)
                      ; - jdk.internal.loader.BuiltinClassLoader::defineClass@84 (line 773)
                      ; - jdk.internal.loader.BuiltinClassLoader::findClassOnClassPathOrNull@30 (line 691)
  0x0000028a3a3a78a0: 3ca5 4aff 

  0x0000028a3a3a78a4: ;   {post_call_nop}
  0x0000028a3a3a78a4: 0f1f 8400 | 0000 0000 | baf6 ffff | ff48 8b6c | 2440 4889 | 7424 3848 | 897c 2440 

  0x0000028a3a3a78c0: ;   {runtime_call UncommonTrapBlob}
  0x0000028a3a3a78c0: c5f8 77e8 

  0x0000028a3a3a78c4: ; ImmutableOopMap {rbp=Oop [56]=Oop [64]=Oop [72]=Oop [112]=NarrowOop }
                      ;*invokevirtual close {reexecute=0 rethrow=0 return_oop=0}
                      ; - jdk.internal.loader.Resource::getBytes@144 (line 121)
                      ; - jdk.internal.loader.URLClassPath$JarLoader$1::getBytes@1 (line 730)
                      ; - jdk.internal.loader.BuiltinClassLoader::defineClass@84 (line 773)
                      ; - jdk.internal.loader.BuiltinClassLoader::findClassOnClassPathOrNull@30 (line 691)
  0x0000028a3a3a78c4: 18a5 4aff 

  0x0000028a3a3a78c8: ;   {post_call_nop}
  0x0000028a3a3a78c8: 0f1f 8400 | 0000 0000 | baf6 ffff | ff66 6690 

  0x0000028a3a3a78d8: ;   {runtime_call UncommonTrapBlob}
  0x0000028a3a3a78d8: c5f8 77e8 

  0x0000028a3a3a78dc: ; ImmutableOopMap {}
                      ;*invokevirtual getCrc {reexecute=0 rethrow=0 return_oop=0}
                      ; - jdk.internal.loader.URLClassPath$JarLoader$1::getBytes@26 (line 733)
                      ; - jdk.internal.loader.BuiltinClassLoader::defineClass@84 (line 773)
                      ; - jdk.internal.loader.BuiltinClassLoader::findClassOnClassPathOrNull@30 (line 691)
  0x0000028a3a3a78dc: 00a5 4aff 

  0x0000028a3a3a78e0: ;   {post_call_nop}
  0x0000028a3a3a78e0: 0f1f 8400 | 0000 0000 | baf6 ffff | ff66 6690 

  0x0000028a3a3a78f0: ;   {runtime_call UncommonTrapBlob}
  0x0000028a3a3a78f0: c5f8 77e8 

  0x0000028a3a3a78f4: ; ImmutableOopMap {}
                      ;*invokevirtual getCodeSigners {reexecute=0 rethrow=0 return_oop=0}
                      ; - jdk.internal.loader.URLClassPath$JarLoader$1::getCodeSigners@4 (line 726)
                      ; - jdk.internal.loader.BuiltinClassLoader::defineClass@90 (line 774)
                      ; - jdk.internal.loader.BuiltinClassLoader::findClassOnClassPathOrNull@30 (line 691)
  0x0000028a3a3a78f4: e8a4 4aff 

  0x0000028a3a3a78f8: ;   {post_call_nop}
  0x0000028a3a3a78f8: 0f1f 8400 | 0000 0000 | baf6 ffff | ff48 8b6c | 2440 4c89 | 4c24 3890 

  0x0000028a3a3a7910: ;   {runtime_call UncommonTrapBlob}
  0x0000028a3a3a7910: c5f8 77e8 

  0x0000028a3a3a7914: ; ImmutableOopMap {rbp=Oop [56]=Oop [72]=Oop [80]=Oop [112]=NarrowOop }
                      ;*invokevirtual maybeInstantiateVerifier {reexecute=0 rethrow=0 return_oop=0}
                      ; - java.util.jar.JarFile$JarFileEntry::getCodeSigners@4 (line 648)
                      ; - jdk.internal.loader.URLClassPath$JarLoader$1::getCodeSigners@4 (line 726)
                      ; - jdk.internal.loader.BuiltinClassLoader::defineClass@90 (line 774)
                      ; - jdk.internal.loader.BuiltinClassLoader::findClassOnClassPathOrNull@30 (line 691)
  0x0000028a3a3a7914: c8a4 4aff 

  0x0000028a3a3a7918: ;   {post_call_nop}
  0x0000028a3a3a7918: 0f1f 8400 | 0000 0000 | baf6 ffff | ff48 8b6c | 2440 4c89 | 4c24 3890 

  0x0000028a3a3a7930: ;   {runtime_call UncommonTrapBlob}
  0x0000028a3a3a7930: c5f8 77e8 

  0x0000028a3a3a7934: ; ImmutableOopMap {rbp=Oop [56]=Oop [72]=Oop [80]=Oop [112]=NarrowOop }
                      ;*getfield jv {reexecute=1 rethrow=0 return_oop=0}
                      ; - (reexecute) java.util.jar.JarFile$JarFileEntry::getCodeSigners@31 (line 652)
                      ; - jdk.internal.loader.URLClassPath$JarLoader$1::getCodeSigners@4 (line 726)
                      ; - jdk.internal.loader.BuiltinClassLoader::defineClass@90 (line 774)
                      ; - jdk.internal.loader.BuiltinClassLoader::findClassOnClassPathOrNull@30 (line 691)
  0x0000028a3a3a7934: a8a4 4aff 

  0x0000028a3a3a7938: ;   {post_call_nop}
  0x0000028a3a3a7938: 0f1f 8400 | 0000 0000 | baf4 ffff | ff48 8b6c | 2438 4889 | 7c24 3848 | 894c 2440 

  0x0000028a3a3a7954: ;   {runtime_call UncommonTrapBlob}
  0x0000028a3a3a7954: c5f8 77e8 

  0x0000028a3a3a7958: ; ImmutableOopMap {rbp=Oop [56]=Oop [64]=Oop [72]=Oop [112]=NarrowOop [128]=Oop }
                      ;*checkcast {reexecute=0 rethrow=0 return_oop=0}
                      ; - java.util.jar.JarFile::getManifestFromReference@14 (line 397)
                      ; - java.util.jar.JarFile::getManifest@1 (line 393)
                      ; - jdk.internal.loader.URLClassPath$JarLoader$1::getManifest@22 (line 721)
                      ; - jdk.internal.loader.BuiltinClassLoader::defineClass@29 (line 762)
                      ; - jdk.internal.loader.BuiltinClassLoader::findClassOnClassPathOrNull@30 (line 691)
  0x0000028a3a3a7958: 84a4 4aff 

  0x0000028a3a3a795c: ;   {post_call_nop}
  0x0000028a3a3a795c: 0f1f 8400 | 0000 0000 | baf6 ffff | ff48 8b6c | 2440 4c8b | 5424 484c | 8954 2420 | 4c8b 5424 
  0x0000028a3a3a797c: 584c 8954 | 2438 4c8b | 9424 8000 | 0000 4c89 | 5424 4044 | 8b54 2460 | 4489 5424 | 3444 8b5c 
  0x0000028a3a3a799c: 2478 4c8b | 5424 684c | 8954 2458 | 4489 5c24 | 5466 6690 

  0x0000028a3a3a79b0: ;   {runtime_call UncommonTrapBlob}
  0x0000028a3a3a79b0: c5f8 77e8 

  0x0000028a3a3a79b4: ; ImmutableOopMap {rbp=Oop [32]=Oop [56]=Oop [64]=Oop [88]=Oop [112]=NarrowOop }
                      ;*invokevirtual hasPendingOutput {reexecute=0 rethrow=0 return_oop=0}
                      ; - java.util.zip.InflaterInputStream::read@71 (line 202)
                      ; - jdk.internal.loader.Resource::getBytes@90 (line 106)
                      ; - jdk.internal.loader.URLClassPath$JarLoader$1::getBytes@1 (line 730)
                      ; - jdk.internal.loader.BuiltinClassLoader::defineClass@84 (line 773)
                      ; - jdk.internal.loader.BuiltinClassLoader::findClassOnClassPathOrNull@30 (line 691)
  0x0000028a3a3a79b4: 28a4 4aff 

  0x0000028a3a3a79b8: ;   {post_call_nop}
  0x0000028a3a3a79b8: 0f1f 8400 | 0000 0000 | baf6 ffff | ff48 8b6c | 2440 4c8b | 5424 484c | 8954 2420 | 4c8b 5424 
  0x0000028a3a3a79d8: 584c 8954 | 2428 4c8b | 9424 8000 | 0000 4c89 | 5424 4044 | 8b54 2460 | 4489 5424 | 3444 8b5c 
  0x0000028a3a3a79f8: 2478 4c89 | 4424 5844 | 895c 2454 

  0x0000028a3a3a7a04: ;   {runtime_call UncommonTrapBlob}
  0x0000028a3a3a7a04: c5f8 77e8 

  0x0000028a3a3a7a08: ; ImmutableOopMap {rbp=Oop [32]=Oop [40]=Oop [64]=Oop [88]=Oop [112]=NarrowOop [136]=Oop }
                      ;*arraylength {reexecute=0 rethrow=0 return_oop=0}
                      ; - java.util.zip.ZipFile$ZipFileInflaterInputStream::fill@31 (line 449)
                      ; - java.util.zip.InflaterInputStream::read@78 (line 208)
                      ; - jdk.internal.loader.Resource::getBytes@90 (line 106)
                      ; - jdk.internal.loader.URLClassPath$JarLoader$1::getBytes@1 (line 730)
                      ; - jdk.internal.loader.BuiltinClassLoader::defineClass@84 (line 773)
                      ; - jdk.internal.loader.BuiltinClassLoader::findClassOnClassPathOrNull@30 (line 691)
  0x0000028a3a3a7a08: d4a3 4aff 

  0x0000028a3a3a7a0c: ;   {post_call_nop}
  0x0000028a3a3a7a0c: 0f1f 8400 | 0000 0000 | baf6 ffff | ff48 8b6c | 2440 4c8b | 5424 484c | 8954 2420 | 4c8b 5424 
  0x0000028a3a3a7a2c: 5844 8b5c | 2470 4489 | 5c24 304c | 8954 2438 | 4c8b 9424 | 8000 0000 | 4c89 5424 | 4044 8b54 
  0x0000028a3a3a7a4c: 2460 4489 | 5424 3444 | 8b5c 2478 | 4c89 4424 | 5844 895c | 2454 6690 

  0x0000028a3a3a7a64: ;   {runtime_call UncommonTrapBlob}
  0x0000028a3a3a7a64: c5f8 77e8 

  0x0000028a3a3a7a68: ; ImmutableOopMap {rbp=Oop [32]=Oop [48]=NarrowOop [56]=Oop [64]=Oop [88]=Oop [136]=Oop [144]=NarrowOop }
                      ;*invokevirtual read {reexecute=0 rethrow=0 return_oop=0}
                      ; - java.util.zip.ZipFile$ZipFileInflaterInputStream::fill@32 (line 449)
                      ; - java.util.zip.InflaterInputStream::read@78 (line 208)
                      ; - jdk.internal.loader.Resource::getBytes@90 (line 106)
                      ; - jdk.internal.loader.URLClassPath$JarLoader$1::getBytes@1 (line 730)
                      ; - jdk.internal.loader.BuiltinClassLoader::defineClass@84 (line 773)
                      ; - jdk.internal.loader.BuiltinClassLoader::findClassOnClassPathOrNull@30 (line 691)
  0x0000028a3a3a7a68: 74a3 4aff 

  0x0000028a3a3a7a6c: ;   {post_call_nop}
  0x0000028a3a3a7a6c: 0f1f 8400 | 0000 0000 | baf6 ffff | ff48 8b6c | 2440 4c8b | 5424 484c | 8954 2420 | 4c8b 5424 
  0x0000028a3a3a7a8c: 584c 8954 | 2428 448b | 5424 7044 | 8954 2430 | 4c8b 9424 | 8000 0000 | 4c89 5424 | 404c 8b94 
  0x0000028a3a3a7aac: 2488 0000 | 004c 8954 | 2448 448b | 5424 6044 | 8954 2434 | 448b 5c24 | 7844 895c | 2454 448b 
  0x0000028a3a3a7acc: 5c24 7c44 | 895c 2468 | 448b 9424 | 9000 0000 | 4489 5424 | 6c44 8b94 | 24a0 0000 | 0045 8bda 
  0x0000028a3a3a7aec: 4489 9c24 | 9000 0000 

  0x0000028a3a3a7af4: ;   {runtime_call UncommonTrapBlob}
  0x0000028a3a3a7af4: c5f8 77e8 

  0x0000028a3a3a7af8: ; ImmutableOopMap {rbp=Oop [32]=Oop [40]=Oop [48]=NarrowOop [64]=Oop [72]=Oop [108]=NarrowOop [144]=NarrowOop [152]=Oop [160]=NarrowOop }
                      ;*invokevirtual ensureOpenOrZipException {reexecute=0 rethrow=0 return_oop=0}
                      ; - java.util.zip.ZipFile$ZipFileInputStream::read@12 (line 925)
                      ; - java.util.zip.ZipFile$ZipFileInflaterInputStream::fill@32 (line 449)
                      ; - java.util.zip.InflaterInputStream::read@78 (line 208)
                      ; - jdk.internal.loader.Resource::getBytes@90 (line 106)
                      ; - jdk.internal.loader.URLClassPath$JarLoader$1::getBytes@1 (line 730)
                      ; - jdk.internal.loader.BuiltinClassLoader::defineClass@84 (line 773)
                      ; - jdk.internal.loader.BuiltinClassLoader::findClassOnClassPathOrNull@30 (line 691)
  0x0000028a3a3a7af8: e4a2 4aff 

  0x0000028a3a3a7afc: ;   {post_call_nop}
  0x0000028a3a3a7afc: 0f1f 8400 | 0000 0000 | baf6 ffff | ff48 8b6c | 2440 4c8b | 5424 484c | 8954 2420 | 4c8b 5424 
  0x0000028a3a3a7b1c: 584c 8954 | 2428 448b | 5424 7044 | 8954 2430 | 4c8b 9424 | 8000 0000 | 4c89 5424 | 404c 8b94 
  0x0000028a3a3a7b3c: 2488 0000 | 004c 8954 | 2448 448b | 5c24 6044 | 895c 2434 | 448b 5424 | 7844 8954 | 2450 448b 
  0x0000028a3a3a7b5c: 5424 7c44 | 8954 2468 | 448b 9c24 | 9000 0000 | 4489 5c24 | 6c44 8b9c | 24a0 0000 | 0044 899c 
  0x0000028a3a3a7b7c: 2490 0000 | 0066 6690 

  0x0000028a3a3a7b84: ;   {runtime_call UncommonTrapBlob}
  0x0000028a3a3a7b84: c5f8 77e8 

  0x0000028a3a3a7b88: ; ImmutableOopMap {rbp=Oop [32]=Oop [40]=Oop [48]=NarrowOop [64]=Oop [72]=Oop [108]=NarrowOop [144]=NarrowOop [152]=Oop [160]=NarrowOop }
                      ;*getfield res {reexecute=1 rethrow=0 return_oop=0}
                      ; - (reexecute) java.util.zip.ZipFile$ZipFileInputStream::read@63 (line 936)
                      ; - java.util.zip.ZipFile$ZipFileInflaterInputStream::fill@32 (line 449)
                      ; - java.util.zip.InflaterInputStream::read@78 (line 208)
                      ; - jdk.internal.loader.Resource::getBytes@90 (line 106)
                      ; - jdk.internal.loader.URLClassPath$JarLoader$1::getBytes@1 (line 730)
                      ; - jdk.internal.loader.BuiltinClassLoader::defineClass@84 (line 773)
                      ; - jdk.internal.loader.BuiltinClassLoader::findClassOnClassPathOrNull@30 (line 691)
  0x0000028a3a3a7b88: 54a2 4aff 

  0x0000028a3a3a7b8c: ;   {post_call_nop}
  0x0000028a3a3a7b8c: 0f1f 8400 | 0000 0000 | baf6 ffff | ff48 8b6c | 2440 4c8b | 5424 484c | 8954 2420 | 4c8b 5424 
  0x0000028a3a3a7bac: 5844 8b5c | 2470 4489 | 5c24 304c | 8954 2438 | 4c8b 9424 | 8000 0000 | 4c89 5424 | 404c 8b94 
  0x0000028a3a3a7bcc: 2488 0000 | 004c 8954 | 2448 448b | 5c24 6044 | 895c 2434 | 448b 5424 | 7844 8954 | 2450 448b 
  0x0000028a3a3a7bec: 5424 7c44 | 8954 2468 | 448b 9c24 | 9000 0000 | 4489 5c24 | 6c44 8b9c | 24a0 0000 | 0044 899c 
  0x0000028a3a3a7c0c: 2490 0000 | 0066 6690 

  0x0000028a3a3a7c14: ;   {runtime_call UncommonTrapBlob}
  0x0000028a3a3a7c14: c5f8 77e8 

  0x0000028a3a3a7c18: ; ImmutableOopMap {rbp=Oop [32]=Oop [48]=NarrowOop [56]=Oop [64]=Oop [72]=Oop [108]=NarrowOop [144]=NarrowOop [152]=Oop [160]=NarrowOop }
                      ;*getfield zsrc {reexecute=1 rethrow=0 return_oop=0}
                      ; - (reexecute) java.util.zip.ZipFile$ZipFileInputStream::read@66 (line 936)
                      ; - java.util.zip.ZipFile$ZipFileInflaterInputStream::fill@32 (line 449)
                      ; - java.util.zip.InflaterInputStream::read@78 (line 208)
                      ; - jdk.internal.loader.Resource::getBytes@90 (line 106)
                      ; - jdk.internal.loader.URLClassPath$JarLoader$1::getBytes@1 (line 730)
                      ; - jdk.internal.loader.BuiltinClassLoader::defineClass@84 (line 773)
                      ; - jdk.internal.loader.BuiltinClassLoader::findClassOnClassPathOrNull@30 (line 691)
  0x0000028a3a3a7c18: c4a1 4aff 

  0x0000028a3a3a7c1c: ;   {post_call_nop}
  0x0000028a3a3a7c1c: 0f1f 8400 | 0000 0000 | baf6 ffff | ff48 8b6c | 2440 4c8b | 5424 484c | 8954 2420 | 4c8b 5424 
  0x0000028a3a3a7c3c: 584c 8954 | 2428 448b | 5424 7044 | 8954 2430 | 4c8b 9424 | 8000 0000 | 4c89 5424 | 404c 8b94 
  0x0000028a3a3a7c5c: 2488 0000 | 004c 8954 | 2448 448b | 5c24 6044 | 895c 2434 | 448b 5424 | 7844 8954 | 2450 448b 
  0x0000028a3a3a7c7c: 5424 7c44 | 8954 2468 | 4c8b 9424 | 9800 0000 | 4c89 9424 | 8000 0000 | 448b 9c24 | a000 0000 
  0x0000028a3a3a7c9c: 4489 5c24 | 6c44 8b94 | 2490 0000 | 0044 8994 | 2488 0000 | 0044 8b9c | 2494 0000 | 0044 899c 
  0x0000028a3a3a7cbc: 248c 0000 | 0066 6690 

  0x0000028a3a3a7cc4: ;   {runtime_call UncommonTrapBlob}
  0x0000028a3a3a7cc4: c5f8 77e8 

  0x0000028a3a3a7cc8: ; ImmutableOopMap {rbp=Oop [32]=Oop [40]=Oop [48]=NarrowOop [64]=Oop [72]=Oop [108]=NarrowOop [128]=Oop [136]=NarrowOop }
                      ;*invokevirtual readAt {reexecute=0 rethrow=0 return_oop=0}
                      ; - java.util.zip.ZipFile$ZipFileInputStream::read@76 (line 936)
                      ; - java.util.zip.ZipFile$ZipFileInflaterInputStream::fill@32 (line 449)
                      ; - java.util.zip.InflaterInputStream::read@78 (line 208)
                      ; - jdk.internal.loader.Resource::getBytes@90 (line 106)
                      ; - jdk.internal.loader.URLClassPath$JarLoader$1::getBytes@1 (line 730)
                      ; - jdk.internal.loader.BuiltinClassLoader::defineClass@84 (line 773)
                      ; - jdk.internal.loader.BuiltinClassLoader::findClassOnClassPathOrNull@30 (line 691)
  0x0000028a3a3a7cc8: 14a1 4aff 

  0x0000028a3a3a7ccc: ;   {post_call_nop}
  0x0000028a3a3a7ccc: 0f1f 8400 | 0000 0000 | baf6 ffff | ff48 8b6c | 2440 4c8b | 5424 484c | 8954 2420 | 4c8b 5424 
  0x0000028a3a3a7cec: 5844 8b5c | 2470 4489 | 5c24 304c | 8954 2438 | 4c8b 9424 | 8000 0000 | 4c89 5424 | 4044 8b5c 
  0x0000028a3a3a7d0c: 2460 4489 | 5c24 3444 | 8b54 2478 | 4489 5424 | 504c 894c | 2458 6690 

  0x0000028a3a3a7d24: ;   {runtime_call UncommonTrapBlob}
  0x0000028a3a3a7d24: c5f8 77e8 

  0x0000028a3a3a7d28: ; ImmutableOopMap {rbp=Oop [32]=Oop [48]=NarrowOop [56]=Oop [64]=Oop [88]=Oop [140]=NarrowOop }
                      ;*invokevirtual setInput {reexecute=0 rethrow=0 return_oop=0}
                      ; - java.util.zip.ZipFile$ZipFileInflaterInputStream::fill@76 (line 455)
                      ; - java.util.zip.InflaterInputStream::read@78 (line 208)
                      ; - jdk.internal.loader.Resource::getBytes@90 (line 106)
                      ; - jdk.internal.loader.URLClassPath$JarLoader$1::getBytes@1 (line 730)
                      ; - jdk.internal.loader.BuiltinClassLoader::defineClass@84 (line 773)
                      ; - jdk.internal.loader.BuiltinClassLoader::findClassOnClassPathOrNull@30 (line 691)
  0x0000028a3a3a7d28: b4a0 4aff 

  0x0000028a3a3a7d2c: ;   {post_call_nop}
  0x0000028a3a3a7d2c: 0f1f 8400 | 0000 0000 | baf6 ffff | ff48 8b6c | 2440 4c8b | 5424 484c | 8954 2420 | 4c8b 5424 
  0x0000028a3a3a7d4c: 584c 8954 | 2428 448b | 5424 7044 | 8954 2430 | 4c8b 9424 | 8000 0000 | 4c89 5424 | 4044 8b5c 
  0x0000028a3a3a7d6c: 2460 4489 | 5c24 3444 | 8b54 2478 | 4489 5424 | 504c 894c | 2458 6690 

  0x0000028a3a3a7d84: ;   {runtime_call UncommonTrapBlob}
  0x0000028a3a3a7d84: c5f8 77e8 

  0x0000028a3a3a7d88: ; ImmutableOopMap {rbp=Oop [32]=Oop [40]=Oop [48]=NarrowOop [64]=Oop [88]=Oop [136]=NarrowOop }
                      ;*arraylength {reexecute=0 rethrow=0 return_oop=0}
                      ; - java.util.zip.Inflater::setInput@3 (line 134)
                      ; - java.util.zip.ZipFile$ZipFileInflaterInputStream::fill@76 (line 455)
                      ; - java.util.zip.InflaterInputStream::read@78 (line 208)
                      ; - jdk.internal.loader.Resource::getBytes@90 (line 106)
                      ; - jdk.internal.loader.URLClassPath$JarLoader$1::getBytes@1 (line 730)
                      ; - jdk.internal.loader.BuiltinClassLoader::defineClass@84 (line 773)
                      ; - jdk.internal.loader.BuiltinClassLoader::findClassOnClassPathOrNull@30 (line 691)
  0x0000028a3a3a7d88: 54a0 4aff 

  0x0000028a3a3a7d8c: ;   {post_call_nop}
  0x0000028a3a3a7d8c: 0f1f 8400 | 0000 0000 | baf6 ffff | ff48 8b6c | 2440 4c8b | 5424 484c | 8954 2420 | 4c8b 5424 
  0x0000028a3a3a7dac: 584c 8954 | 2428 448b | 5424 7044 | 8954 2430 | 4c8b 9424 | 8000 0000 | 4c89 5424 | 404c 8b94 
  0x0000028a3a3a7dcc: 2488 0000 | 004c 8954 | 2448 448b | 5424 6044 | 8954 2434 | 448b 5c24 | 7844 895c | 2454 448b 
  0x0000028a3a3a7dec: 5c24 7c44 | 895c 2468 | 448b 9424 | 9000 0000 | 4489 5424 | 6c44 8b94 | 24a0 0000 | 0045 8bda 
  0x0000028a3a3a7e0c: 4489 9c24 | 9000 0000 

  0x0000028a3a3a7e14: ;   {runtime_call UncommonTrapBlob}
  0x0000028a3a3a7e14: c5f8 77e8 

  0x0000028a3a3a7e18: ; ImmutableOopMap {rbp=Oop [32]=Oop [40]=Oop [48]=NarrowOop [64]=Oop [72]=Oop [108]=NarrowOop [144]=NarrowOop [152]=Oop [160]=NarrowOop }
                      ;*getfield res {reexecute=1 rethrow=0 return_oop=0}
                      ; - (reexecute) java.util.zip.ZipFile$ZipFileInputStream::initDataOffset@27 (line 910)
                      ; - java.util.zip.ZipFile$ZipFileInputStream::read@16 (line 926)
                      ; - java.util.zip.ZipFile$ZipFileInflaterInputStream::fill@32 (line 449)
                      ; - java.util.zip.InflaterInputStream::read@78 (line 208)
                      ; - jdk.internal.loader.Resource::getBytes@90 (line 106)
                      ; - jdk.internal.loader.URLClassPath$JarLoader$1::getBytes@1 (line 730)
                      ; - jdk.internal.loader.BuiltinClassLoader::defineClass@84 (line 773)
                      ; - jdk.internal.loader.BuiltinClassLoader::findClassOnClassPathOrNull@30 (line 691)
  0x0000028a3a3a7e18: c49f 4aff 

  0x0000028a3a3a7e1c: ;   {post_call_nop}
  0x0000028a3a3a7e1c: 0f1f 8400 | 0000 0000 | baf6 ffff | ff48 8b6c | 2440 4c8b | 5424 484c | 8954 2420 | 4c8b 5424 
  0x0000028a3a3a7e3c: 5844 8b5c | 2470 4489 | 5c24 304c | 8954 2438 | 4c8b 9424 | 8000 0000 | 4c89 5424 | 404c 8b94 
  0x0000028a3a3a7e5c: 2488 0000 | 004c 8954 | 2448 448b | 5424 6044 | 8954 2434 | 448b 5c24 | 7844 895c | 2454 448b 
  0x0000028a3a3a7e7c: 5c24 7c44 | 895c 2468 | 448b 9424 | 9000 0000 | 4489 5424 | 6c44 8b94 | 24a0 0000 | 0045 8bda 
  0x0000028a3a3a7e9c: 4489 9c24 | 9000 0000 

  0x0000028a3a3a7ea4: ;   {runtime_call UncommonTrapBlob}
  0x0000028a3a3a7ea4: c5f8 77e8 

  0x0000028a3a3a7ea8: ; ImmutableOopMap {rbp=Oop [32]=Oop [48]=NarrowOop [56]=Oop [64]=Oop [72]=Oop [108]=NarrowOop [144]=NarrowOop [152]=Oop [160]=NarrowOop }
                      ;*getfield zsrc {reexecute=1 rethrow=0 return_oop=0}
                      ; - (reexecute) java.util.zip.ZipFile$ZipFileInputStream::initDataOffset@30 (line 910)
                      ; - java.util.zip.ZipFile$ZipFileInputStream::read@16 (line 926)
                      ; - java.util.zip.ZipFile$ZipFileInflaterInputStream::fill@32 (line 449)
                      ; - java.util.zip.InflaterInputStream::read@78 (line 208)
                      ; - jdk.internal.loader.Resource::getBytes@90 (line 106)
                      ; - jdk.internal.loader.URLClassPath$JarLoader$1::getBytes@1 (line 730)
                      ; - jdk.internal.loader.BuiltinClassLoader::defineClass@84 (line 773)
                      ; - jdk.internal.loader.BuiltinClassLoader::findClassOnClassPathOrNull@30 (line 691)
  0x0000028a3a3a7ea8: 349f 4aff 

  0x0000028a3a3a7eac: ;   {post_call_nop}
  0x0000028a3a3a7eac: 0f1f 8400 | 0000 0000 | baf6 ffff | ff48 8b6c | 2440 4c8b | 5424 484c | 8954 2420 | 4c8b 5424 
  0x0000028a3a3a7ecc: 584c 8954 | 2428 448b | 5424 7044 | 8954 2430 | 4c8b 9424 | 8000 0000 | 4c89 5424 | 404c 8b94 
  0x0000028a3a3a7eec: 2488 0000 | 004c 8954 | 2448 448b | 5424 6044 | 8954 2434 | 448b 5c24 | 7844 895c | 2454 448b 
  0x0000028a3a3a7f0c: 5c24 7c44 | 895c 2468 | 4c8b 9424 | 9800 0000 | 4c89 9424 | 8000 0000 | 448b 9424 | 9000 0000 
  0x0000028a3a3a7f2c: 4489 5424 | 6c44 8b94 | 24a0 0000 | 0045 8bda | 4489 9c24 | 9000 0000 

  0x0000028a3a3a7f44: ;   {runtime_call UncommonTrapBlob}
  0x0000028a3a3a7f44: c5f8 77e8 

  0x0000028a3a3a7f48: ; ImmutableOopMap {rbp=Oop [32]=Oop [40]=Oop [48]=NarrowOop [64]=Oop [72]=Oop [108]=NarrowOop [128]=Oop [144]=NarrowOop [168]=Oop }
                      ;*invokevirtual readFullyAt {reexecute=0 rethrow=0 return_oop=0}
                      ; - java.util.zip.ZipFile$ZipFileInputStream::initDataOffset@41 (line 910)
                      ; - java.util.zip.ZipFile$ZipFileInputStream::read@16 (line 926)
                      ; - java.util.zip.ZipFile$ZipFileInflaterInputStream::fill@32 (line 449)
                      ; - java.util.zip.InflaterInputStream::read@78 (line 208)
                      ; - jdk.internal.loader.Resource::getBytes@90 (line 106)
                      ; - jdk.internal.loader.URLClassPath$JarLoader$1::getBytes@1 (line 730)
                      ; - jdk.internal.loader.BuiltinClassLoader::defineClass@84 (line 773)
                      ; - jdk.internal.loader.BuiltinClassLoader::findClassOnClassPathOrNull@30 (line 691)
  0x0000028a3a3a7f48: 949e 4aff 

  0x0000028a3a3a7f4c: ;   {post_call_nop}
  0x0000028a3a3a7f4c: 0f1f 8400 | 0000 0000 | baf6 ffff | ff48 8b6c | 2428 4c8b | 5424 484c | 8954 2420 | 4c8b 5424 
  0x0000028a3a3a7f6c: 304c 8954 | 2428 6690 

  0x0000028a3a3a7f74: ;   {runtime_call UncommonTrapBlob}
  0x0000028a3a3a7f74: c5f8 77e8 

  0x0000028a3a3a7f78: ; ImmutableOopMap {rbp=Oop [32]=Oop [40]=Oop [80]=Oop [112]=NarrowOop [128]=Oop }
                      ;*invokevirtual isNamed {reexecute=0 rethrow=0 return_oop=0}
                      ; - java.lang.Package::isSealed@4 (line 230)
                      ; - jdk.internal.loader.BuiltinClassLoader::getAndVerifyPackage@14 (line 818)
                      ; - jdk.internal.loader.BuiltinClassLoader::defineOrCheckPackage@4 (line 791)
                      ; - jdk.internal.loader.ClassLoaders$AppClassLoader::defineOrCheckPackage@4 (line 185)
                      ; - jdk.internal.loader.BuiltinClassLoader::defineClass@40 (line 763)
                      ; - jdk.internal.loader.BuiltinClassLoader::findClassOnClassPathOrNull@30 (line 691)
  0x0000028a3a3a7f78: 649e 4aff 

  0x0000028a3a3a7f7c: ;   {post_call_nop}
  0x0000028a3a3a7f7c: 0f1f 8400 | 0000 0000 | baf6 ffff | ff48 8b6c | 2428 4c8b | 5424 484c | 8954 2420 | 4c8b 5424 
  0x0000028a3a3a7f9c: 304c 8954 | 2428 6690 

  0x0000028a3a3a7fa4: ;   {runtime_call UncommonTrapBlob}
  0x0000028a3a3a7fa4: c5f8 77e8 

  0x0000028a3a3a7fa8: ; ImmutableOopMap {rbp=Oop [32]=Oop [40]=Oop [80]=Oop [112]=NarrowOop [128]=Oop }
                      ;*getfield sealBase {reexecute=1 rethrow=0 return_oop=0}
                      ; - (reexecute) java.lang.Package::isSealed@14 (line 230)
                      ; - jdk.internal.loader.BuiltinClassLoader::getAndVerifyPackage@14 (line 818)
                      ; - jdk.internal.loader.BuiltinClassLoader::defineOrCheckPackage@4 (line 791)
                      ; - jdk.internal.loader.ClassLoaders$AppClassLoader::defineOrCheckPackage@4 (line 185)
                      ; - jdk.internal.loader.BuiltinClassLoader::defineClass@40 (line 763)
                      ; - jdk.internal.loader.BuiltinClassLoader::findClassOnClassPathOrNull@30 (line 691)
  0x0000028a3a3a7fa8: 349e 4aff 

  0x0000028a3a3a7fac: ;   {post_call_nop}
  0x0000028a3a3a7fac: 0f1f 8400 | 0000 0000 | ba6e ffff | ff4c 8b54 | 2440 498b | ea4c 8b54 | 2448 4c89 | 5424 2048 
  0x0000028a3a3a7fcc: 8974 2438 | 4889 7c24 | 404c 894c | 2448 4489 | 5c24 5090 

  0x0000028a3a3a7fe0: ;   {runtime_call UncommonTrapBlob}
  0x0000028a3a3a7fe0: c5f8 77e8 

  0x0000028a3a3a7fe4: ; ImmutableOopMap {rbp=Oop [32]=Oop [56]=Oop [64]=Oop [72]=Oop [112]=NarrowOop }
                      ;*if_icmpge {reexecute=1 rethrow=0 return_oop=0}
                      ; - (reexecute) jdk.internal.loader.Resource::getBytes@28 (line 94)
                      ; - jdk.internal.loader.URLClassPath$JarLoader$1::getBytes@1 (line 730)
                      ; - jdk.internal.loader.BuiltinClassLoader::defineClass@84 (line 773)
                      ; - jdk.internal.loader.BuiltinClassLoader::findClassOnClassPathOrNull@30 (line 691)
  0x0000028a3a3a7fe4: f89d 4aff 

  0x0000028a3a3a7fe8: ;   {post_call_nop}
  0x0000028a3a3a7fe8: 0f1f 8400 | 0000 0000 | ba45 ffff | ff48 8b6c | 2438 4c8b | 5c24 484c | 895c 2420 | 4889 7c24 
  0x0000028a3a3a8008: 4044 8954 | 2448 6690 

  0x0000028a3a3a8010: ;   {runtime_call UncommonTrapBlob}
  0x0000028a3a3a8010: c5f8 77e8 

  0x0000028a3a3a8014: ; ImmutableOopMap {rbp=Oop [32]=Oop [64]=Oop [72]=NarrowOop [112]=NarrowOop [128]=Oop }
                      ;*ifnonnull {reexecute=1 rethrow=0 return_oop=0}
                      ; - (reexecute) jdk.internal.access.SharedSecrets::javaUtilJarAccess@5 (line 140)
                      ; - jdk.internal.loader.URLClassPath$JarLoader$1::getManifest@0 (line 720)
                      ; - jdk.internal.loader.BuiltinClassLoader::defineClass@29 (line 762)
                      ; - jdk.internal.loader.BuiltinClassLoader::findClassOnClassPathOrNull@30 (line 691)
  0x0000028a3a3a8014: c89d 4aff 

  0x0000028a3a3a8018: ;   {post_call_nop}
  0x0000028a3a3a8018: 0f1f 8400 | 0000 0000 | baf6 ffff | ff48 8b6c | 2440 4c8b | 5424 484c | 8954 2420 | 4c8b 5424 
  0x0000028a3a3a8038: 5844 8b5c | 2470 4489 | 5c24 304c | 8954 2438 | 4c8b 9424 | 8000 0000 | 4c89 5424 | 404c 8b94 
  0x0000028a3a3a8058: 2488 0000 | 004c 8954 | 2448 448b | 5c24 6044 | 895c 2434 | 448b 5424 | 6444 8954 | 2450 448b 
  0x0000028a3a3a8078: 5424 7c44 | 8954 2468 

  0x0000028a3a3a8080: ;   {runtime_call UncommonTrapBlob}
  0x0000028a3a3a8080: c5f8 77e8 

  0x0000028a3a3a8084: ; ImmutableOopMap {rbp=Oop [32]=Oop [48]=NarrowOop [56]=Oop [64]=Oop [72]=Oop [152]=Oop }
                      ;*getfield res {reexecute=1 rethrow=0 return_oop=0}
                      ; - (reexecute) java.util.zip.ZipFile$ZipFileInputStream::close@22 (line 997)
                      ; - java.util.zip.ZipFile$ZipFileInputStream::read@130 (line 943)
                      ; - java.util.zip.ZipFile$ZipFileInflaterInputStream::fill@32 (line 449)
                      ; - java.util.zip.InflaterInputStream::read@78 (line 208)
                      ; - jdk.internal.loader.Resource::getBytes@90 (line 106)
                      ; - jdk.internal.loader.URLClassPath$JarLoader$1::getBytes@1 (line 730)
                      ; - jdk.internal.loader.BuiltinClassLoader::defineClass@84 (line 773)
                      ; - jdk.internal.loader.BuiltinClassLoader::findClassOnClassPathOrNull@30 (line 691)
  0x0000028a3a3a8084: 589d 4aff 

  0x0000028a3a3a8088: ;   {post_call_nop}
  0x0000028a3a3a8088: 0f1f 8400 | 0000 0000 | baf6 ffff | ff48 8b6c | 2440 4c8b | 5424 484c | 8954 2420 | 4c8b 5424 
  0x0000028a3a3a80a8: 584c 8954 | 2428 448b | 5424 7044 | 8954 2430 | 4c8b 9424 | 8000 0000 | 4c89 5424 | 404c 8b94 
  0x0000028a3a3a80c8: 2488 0000 | 004c 8954 | 2448 448b | 5c24 6044 | 895c 2434 | 448b 5424 | 6444 8954 | 2450 448b 
  0x0000028a3a3a80e8: 5424 7c44 | 8954 2468 

  0x0000028a3a3a80f0: ;   {runtime_call UncommonTrapBlob}
  0x0000028a3a3a80f0: c5f8 77e8 

  0x0000028a3a3a80f4: ; ImmutableOopMap {rbp=Oop [32]=Oop [40]=Oop [48]=NarrowOop [64]=Oop [72]=Oop [152]=Oop }
                      ;*getfield istreams {reexecute=1 rethrow=0 return_oop=0}
                      ; - (reexecute) java.util.zip.ZipFile$ZipFileInputStream::close@25 (line 997)
                      ; - java.util.zip.ZipFile$ZipFileInputStream::read@130 (line 943)
                      ; - java.util.zip.ZipFile$ZipFileInflaterInputStream::fill@32 (line 449)
                      ; - java.util.zip.InflaterInputStream::read@78 (line 208)
                      ; - jdk.internal.loader.Resource::getBytes@90 (line 106)
                      ; - jdk.internal.loader.URLClassPath$JarLoader$1::getBytes@1 (line 730)
                      ; - jdk.internal.loader.BuiltinClassLoader::defineClass@84 (line 773)
                      ; - jdk.internal.loader.BuiltinClassLoader::findClassOnClassPathOrNull@30 (line 691)
  0x0000028a3a3a80f4: e89c 4aff 

  0x0000028a3a3a80f8: ;   {post_call_nop}
  0x0000028a3a3a80f8: 0f1f 8400 | 0000 0000 | baf6 ffff | ff48 8b6c | 2440 4c8b | 5424 484c | 8954 2420 | 4c8b 5424 
  0x0000028a3a3a8118: 584c 8954 | 2428 448b | 5424 7044 | 8954 2430 | 4c8b 9424 | 8000 0000 | 4c89 5424 | 404c 8b94 
  0x0000028a3a3a8138: 2488 0000 | 004c 8954 | 2448 448b | 5424 6044 | 8954 2434 | 448b 5c24 | 7844 895c | 2454 448b 
  0x0000028a3a3a8158: 5c24 7c44 | 895c 2468 | 448b 9c24 | 9400 0000 | 458b d344 | 8994 248c | 0000 0090 

  0x0000028a3a3a8174: ;   {runtime_call UncommonTrapBlob}
  0x0000028a3a3a8174: c5f8 77e8 

  0x0000028a3a3a8178: ; ImmutableOopMap {rbp=Oop [32]=Oop [40]=Oop [48]=NarrowOop [64]=Oop [72]=Oop [140]=NarrowOop [148]=NarrowOop [152]=Oop }
                      ;*getfield res {reexecute=1 rethrow=0 return_oop=0}
                      ; - (reexecute) java.util.zip.ZipFile$ZipFileInputStream::close@35 (line 998)
                      ; - java.util.zip.ZipFile$ZipFileInputStream::read@130 (line 943)
                      ; - java.util.zip.ZipFile$ZipFileInflaterInputStream::fill@32 (line 449)
                      ; - java.util.zip.InflaterInputStream::read@78 (line 208)
                      ; - jdk.internal.loader.Resource::getBytes@90 (line 106)
                      ; - jdk.internal.loader.URLClassPath$JarLoader$1::getBytes@1 (line 730)
                      ; - jdk.internal.loader.BuiltinClassLoader::defineClass@84 (line 773)
                      ; - jdk.internal.loader.BuiltinClassLoader::findClassOnClassPathOrNull@30 (line 691)
  0x0000028a3a3a8178: 649c 4aff 

  0x0000028a3a3a817c: ;   {post_call_nop}
  0x0000028a3a3a817c: 0f1f 8400 | 0000 0000 | baf6 ffff | ff48 8b6c | 2440 4c8b | 5424 484c | 8954 2420 | 4c8b 5424 
  0x0000028a3a3a819c: 5844 8b5c | 2470 4489 | 5c24 304c | 8954 2438 | 4c8b 9424 | 8000 0000 | 4c89 5424 | 404c 8b94 
  0x0000028a3a3a81bc: 2488 0000 | 004c 8954 | 2448 448b | 5c24 6044 | 895c 2434 | 448b 5424 | 7844 8954 | 2450 448b 
  0x0000028a3a3a81dc: 5424 7c44 | 8954 2468 | 448b 9424 | 9400 0000 | 4489 9424 | 8c00 0000 

  0x0000028a3a3a81f4: ;   {runtime_call UncommonTrapBlob}
  0x0000028a3a3a81f4: c5f8 77e8 

  0x0000028a3a3a81f8: ; ImmutableOopMap {rbp=Oop [32]=Oop [48]=NarrowOop [56]=Oop [64]=Oop [72]=Oop [140]=NarrowOop [148]=NarrowOop [152]=Oop }
                      ;*getfield istreams {reexecute=1 rethrow=0 return_oop=0}
                      ; - (reexecute) java.util.zip.ZipFile$ZipFileInputStream::close@38 (line 998)
                      ; - java.util.zip.ZipFile$ZipFileInputStream::read@130 (line 943)
                      ; - java.util.zip.ZipFile$ZipFileInflaterInputStream::fill@32 (line 449)
                      ; - java.util.zip.InflaterInputStream::read@78 (line 208)
                      ; - jdk.internal.loader.Resource::getBytes@90 (line 106)
                      ; - jdk.internal.loader.URLClassPath$JarLoader$1::getBytes@1 (line 730)
                      ; - jdk.internal.loader.BuiltinClassLoader::defineClass@84 (line 773)
                      ; - jdk.internal.loader.BuiltinClassLoader::findClassOnClassPathOrNull@30 (line 691)
  0x0000028a3a3a81f8: e49b 4aff 

  0x0000028a3a3a81fc: ;   {post_call_nop}
  0x0000028a3a3a81fc: 0f1f 8400 | 0000 0000 | baf6 ffff | ff48 8b6c | 2440 4c8b | 5424 484c | 8954 2420 | 4c8b 5424 
  0x0000028a3a3a821c: 584c 8954 | 2428 448b | 5424 7044 | 8954 2430 | 4c8b 9424 | 8000 0000 | 4c89 5424 | 404c 8b94 
  0x0000028a3a3a823c: 2488 0000 | 004c 8954 | 2448 448b | 5424 6044 | 8954 2434 | 448b 5c24 | 7844 895c | 2454 448b 
  0x0000028a3a3a825c: 5c24 7c44 | 895c 2468 | 448b 9c24 | 9400 0000 | 458b d344 | 8994 2484 | 0000 0090 

  0x0000028a3a3a8278: ;   {runtime_call UncommonTrapBlob}
  0x0000028a3a3a8278: c5f8 77e8 

  0x0000028a3a3a827c: ; ImmutableOopMap {rbp=Oop [32]=Oop [40]=Oop [48]=NarrowOop [64]=Oop [72]=Oop [132]=NarrowOop [148]=NarrowOop [152]=Oop }
                      ;*invokeinterface remove {reexecute=0 rethrow=0 return_oop=0}
                      ; - java.util.zip.ZipFile$ZipFileInputStream::close@42 (line 998)
                      ; - java.util.zip.ZipFile$ZipFileInputStream::read@130 (line 943)
                      ; - java.util.zip.ZipFile$ZipFileInflaterInputStream::fill@32 (line 449)
                      ; - java.util.zip.InflaterInputStream::read@78 (line 208)
                      ; - jdk.internal.loader.Resource::getBytes@90 (line 106)
                      ; - jdk.internal.loader.URLClassPath$JarLoader$1::getBytes@1 (line 730)
                      ; - jdk.internal.loader.BuiltinClassLoader::defineClass@84 (line 773)
                      ; - jdk.internal.loader.BuiltinClassLoader::findClassOnClassPathOrNull@30 (line 691)
  0x0000028a3a3a827c: 609b 4aff 

  0x0000028a3a3a8280: ;   {post_call_nop}
  0x0000028a3a3a8280: 0f1f 8400 | 0000 0000 | baf6 ffff | ff48 8b6c | 2440 4c8b | 5424 484c | 8954 2420 | 4c8b 5424 
  0x0000028a3a3a82a0: 584c 8954 | 2428 448b | 5424 7044 | 8954 2430 | 4c8b 9424 | 8000 0000 | 4c89 5424 | 404c 8b94 
  0x0000028a3a3a82c0: 2488 0000 | 004c 8954 | 2448 448b | 5424 6044 | 8954 2434 | 448b 5c24 | 7844 895c | 2454 448b 
  0x0000028a3a3a82e0: 5c24 7c44 | 895c 2468 | 448b 9c24 | 9400 0000 | 458b d344 | 8994 2484 | 0000 0090 

  0x0000028a3a3a82fc: ;   {runtime_call UncommonTrapBlob}
  0x0000028a3a3a82fc: c5f8 77e8 

  0x0000028a3a3a8300: ; ImmutableOopMap {rbp=Oop [32]=Oop [40]=Oop [48]=NarrowOop [64]=Oop [72]=Oop [132]=NarrowOop [148]=NarrowOop [152]=Oop }
                      ;*invokeinterface remove {reexecute=0 rethrow=0 return_oop=0}
                      ; - java.util.Collections$SetFromMap::remove@5 (line 6044)
                      ; - java.util.zip.ZipFile$ZipFileInputStream::close@42 (line 998)
                      ; - java.util.zip.ZipFile$ZipFileInputStream::read@130 (line 943)
                      ; - java.util.zip.ZipFile$ZipFileInflaterInputStream::fill@32 (line 449)
                      ; - java.util.zip.InflaterInputStream::read@78 (line 208)
                      ; - jdk.internal.loader.Resource::getBytes@90 (line 106)
                      ; - jdk.internal.loader.URLClassPath$JarLoader$1::getBytes@1 (line 730)
                      ; - jdk.internal.loader.BuiltinClassLoader::defineClass@84 (line 773)
                      ; - jdk.internal.loader.BuiltinClassLoader::findClassOnClassPathOrNull@30 (line 691)
  0x0000028a3a3a8300: dc9a 4aff 

  0x0000028a3a3a8304: ;   {post_call_nop}
  0x0000028a3a3a8304: 0f1f 8400 | 0000 0000 | baf6 ffff | ff48 8b6c | 2440 4c8b | 5424 484c | 8954 2420 | 4c8b 5424 
  0x0000028a3a3a8324: 5844 8b5c | 2470 4489 | 5c24 304c | 8954 2438 | 4c8b 9424 | 8000 0000 | 4c89 5424 | 404c 8b94 
  0x0000028a3a3a8344: 2488 0000 | 004c 8954 | 2448 448b | 5c24 6044 | 895c 2434 | 448b 5424 | 7844 8954 | 2450 448b 
  0x0000028a3a3a8364: 5424 7c44 | 8954 2468 | 448b 9424 | 9400 0000 | 4489 9424 | 8400 0000 

  0x0000028a3a3a837c: ;   {runtime_call UncommonTrapBlob}
  0x0000028a3a3a837c: c5f8 77e8 

  0x0000028a3a3a8380: ; ImmutableOopMap {rbp=Oop [32]=Oop [48]=NarrowOop [56]=Oop [64]=Oop [72]=Oop [132]=NarrowOop [148]=NarrowOop }
                      ;*arraylength {reexecute=0 rethrow=0 return_oop=0}
                      ; - java.util.WeakHashMap::remove@20 (line 605)
                      ; - java.util.Collections$SetFromMap::remove@5 (line 6044)
                      ; - java.util.zip.ZipFile$ZipFileInputStream::close@42 (line 998)
                      ; - java.util.zip.ZipFile$ZipFileInputStream::read@130 (line 943)
                      ; - java.util.zip.ZipFile$ZipFileInflaterInputStream::fill@32 (line 449)
                      ; - java.util.zip.InflaterInputStream::read@78 (line 208)
                      ; - jdk.internal.loader.Resource::getBytes@90 (line 106)
                      ; - jdk.internal.loader.URLClassPath$JarLoader$1::getBytes@1 (line 730)
                      ; - jdk.internal.loader.BuiltinClassLoader::defineClass@84 (line 773)
                      ; - jdk.internal.loader.BuiltinClassLoader::findClassOnClassPathOrNull@30 (line 691)
  0x0000028a3a3a8380: 5c9a 4aff 

  0x0000028a3a3a8384: ;   {post_call_nop}
  0x0000028a3a3a8384: 0f1f 8400 | 0000 0000 | 488b d090 

  0x0000028a3a3a8390: ;   {runtime_call C2 Runtime rethrow}
  0x0000028a3a3a8390: c5f8 77e8 

  0x0000028a3a3a8394: ; ImmutableOopMap {rbp=Oop [56]=Oop [64]=Oop [72]=Oop [80]=Oop [96]=Oop [104]=Oop [112]=NarrowOop }
                      ;*invokevirtual inflate {reexecute=0 rethrow=0 return_oop=1}
                      ; - java.util.zip.InflaterInputStream::read@88 (line 210)
                      ; - jdk.internal.loader.Resource::getBytes@90 (line 106)
                      ; - jdk.internal.loader.BuiltinClassLoader::defineClass@84 (line 773)
                      ; - jdk.internal.loader.BuiltinClassLoader::findClassOnClassPathOrNull@30 (line 691)
  0x0000028a3a3a8394: 485e 4bff 

  0x0000028a3a3a8398: ;   {post_call_nop}
  0x0000028a3a3a8398: 0f1f 8400 | 0000 0000 | ba95 ffff | ff4c 8b54 | 2440 4c89 | 5424 204c | 8b54 2448 | 4c89 5424 
  0x0000028a3a3a83b8: 284c 8b54 | 2458 448b | 5c24 7044 | 895c 2438 | 4c89 5424 | 404c 8b94 | 2480 0000 | 004c 8954 
  0x0000028a3a3a83d8: 2448 4c8b | 9424 8800 | 0000 4c89 | 5424 5044 | 8b54 2460 | 4489 5424 | 3c44 8b5c | 2478 4489 
  0x0000028a3a3a83f8: 5c24 5c44 | 8b5c 247c | 4489 5c24 | 7044 8b94 | 2490 0000 | 0044 8954 | 2474 448b | 9c24 9400 
  0x0000028a3a3a8418: 0000 458b | d344 8994 | 248c 0000 | 0048 8984 | 24b8 0000 | 0066 6690 

  0x0000028a3a3a8430: ;   {runtime_call UncommonTrapBlob}
  0x0000028a3a3a8430: c5f8 77e8 

  0x0000028a3a3a8434: ; ImmutableOopMap {rbp=NarrowOop [32]=Oop [40]=Oop [56]=NarrowOop [64]=Oop [72]=Oop [80]=Oop [140]=NarrowOop [152]=Oop [160]=Oop [184]=Oop }
                      ;*astore_3 {reexecute=0 rethrow=0 return_oop=0}
                      ; - java.lang.ref.ReferenceQueue::poll@31 (line 166)
                      ; - java.util.WeakHashMap::expungeStaleEntries@4 (line 330)
                      ; - java.util.WeakHashMap::getTable@1 (line 362)
                      ; - java.util.WeakHashMap::remove@12 (line 604)
                      ; - java.util.Collections$SetFromMap::remove@5 (line 6044)
                      ; - java.util.zip.ZipFile$ZipFileInputStream::close@42 (line 998)
                      ; - java.util.zip.ZipFile$ZipFileInputStream::read@130 (line 943)
                      ; - java.util.zip.ZipFile$ZipFileInflaterInputStream::fill@32 (line 449)
                      ; - java.util.zip.InflaterInputStream::read@78 (line 208)
                      ; - jdk.internal.loader.Resource::getBytes@90 (line 106)
                      ; - jdk.internal.loader.URLClassPath$JarLoader$1::getBytes@1 (line 730)
                      ; - jdk.internal.loader.BuiltinClassLoader::defineClass@84 (line 773)
                      ; - jdk.internal.loader.BuiltinClassLoader::findClassOnClassPathOrNull@30 (line 691)
  0x0000028a3a3a8434: a899 4aff 

  0x0000028a3a3a8438: ;   {post_call_nop}
  0x0000028a3a3a8438: 0f1f 8400 | 0000 0000 | 488b e8eb | 0348 8be8 | ba95 ffff | ff4c 8b54 | 2440 4c89 | 5424 204c 
  0x0000028a3a3a8458: 8b54 2448 | 4c89 5424 | 2844 8b54 | 2470 4489 | 5424 304c | 8b54 2450 | 4c89 5424 | 3844 8b54 
  0x0000028a3a3a8478: 2458 4489 | 5424 5444 | 8b5c 245c | 4489 5c24 | 5844 8b5c | 247c 458b | d344 8954 | 2478 448b 
  0x0000028a3a3a8498: 9424 9c00 | 0000 4489 | 9424 9000 | 0000 6690 

  0x0000028a3a3a84a8: ;   {runtime_call UncommonTrapBlob}
  0x0000028a3a3a84a8: c5f8 77e8 

  0x0000028a3a3a84ac: ; ImmutableOopMap {rbp=Oop [32]=Oop [40]=Oop [48]=NarrowOop [56]=Oop [96]=Oop [104]=Oop [120]=NarrowOop [128]=Oop [144]=NarrowOop [156]=NarrowOop }
                      ;*astore {reexecute=0 rethrow=0 return_oop=0}
                      ; - java.util.zip.ZipFile$Source::readAt@31 (line 1589)
                      ; - java.util.zip.ZipFile$ZipFileInputStream::read@76 (line 936)
                      ; - java.util.zip.ZipFile$ZipFileInflaterInputStream::fill@32 (line 449)
                      ; - java.util.zip.InflaterInputStream::read@78 (line 208)
                      ; - jdk.internal.loader.Resource::getBytes@90 (line 106)
                      ; - jdk.internal.loader.BuiltinClassLoader::defineClass@84 (line 773)
                      ; - jdk.internal.loader.BuiltinClassLoader::findClassOnClassPathOrNull@30 (line 691)
  0x0000028a3a3a84ac: 3099 4aff 

  0x0000028a3a3a84b0: ;   {post_call_nop}
  0x0000028a3a3a84b0: 0f1f 8400 | 0000 0000 | 488b e8eb | 0348 8be8 | ba95 ffff | ff4c 8b54 | 2440 4c89 | 5424 204c 
  0x0000028a3a3a84d0: 8b54 2448 | 4c89 5424 | 2844 8b5c | 2470 4489 | 5c24 304c | 8b54 2450 | 4c89 5424 | 3844 8b54 
  0x0000028a3a3a84f0: 2458 4489 | 5424 5444 | 8b5c 245c | 4489 5c24 | 5844 8b54 | 2474 4489 | 5424 5c44 | 8b5c 2478 
  0x0000028a3a3a8510: 4489 5c24 | 7044 8b54 | 247c 4489 | 5424 7844 | 8b9c 24ac | 0000 0045 | 8bd3 4489 | 9424 a800 
  0x0000028a3a3a8530: 0000 6690 

  0x0000028a3a3a8534: ;   {runtime_call UncommonTrapBlob}
  0x0000028a3a3a8534: c5f8 77e8 

  0x0000028a3a3a8538: ; ImmutableOopMap {rbp=Oop [32]=Oop [40]=Oop [48]=NarrowOop [56]=Oop [92]=NarrowOop [96]=Oop [104]=Oop [120]=NarrowOop [128]=Oop [152]=Oop [168]=NarrowOop [172]=NarrowOop }
                      ;*astore {reexecute=0 rethrow=0 return_oop=0}
                      ; - java.util.zip.ZipFile$Source::readFullyAt@66 (line 1580)
                      ; - java.util.zip.ZipFile$ZipFileInputStream::initDataOffset@41 (line 910)
                      ; - java.util.zip.ZipFile$ZipFileInputStream::read@16 (line 926)
                      ; - java.util.zip.ZipFile$ZipFileInflaterInputStream::fill@32 (line 449)
                      ; - java.util.zip.InflaterInputStream::read@78 (line 208)
                      ; - jdk.internal.loader.Resource::getBytes@90 (line 106)
                      ; - jdk.internal.loader.BuiltinClassLoader::defineClass@84 (line 773)
                      ; - jdk.internal.loader.BuiltinClassLoader::findClassOnClassPathOrNull@30 (line 691)
  0x0000028a3a3a8538: a498 4aff 

  0x0000028a3a3a853c: ;   {post_call_nop}
  0x0000028a3a3a853c: 0f1f 8400 | 0000 0000 | baf6 ffff | ff48 8b6c | 2440 4c8b | 5c24 484c | 895c 2420 | 4c8b 5c24 
  0x0000028a3a3a855c: 504c 895c | 2430 4489 | 4424 2c48 | 895c 2450 | 4c89 4c24 | 5844 8954 | 244c 8944 | 2460 6690 
  0x0000028a3a3a857c: ;   {runtime_call UncommonTrapBlob}
  0x0000028a3a3a857c: c5f8 77e8 

  0x0000028a3a3a8580: ; ImmutableOopMap {rbp=Oop [32]=Oop [48]=Oop [80]=Oop [88]=Oop [112]=NarrowOop }
                      ;*invokevirtual finished {reexecute=0 rethrow=0 return_oop=0}
                      ; - java.util.zip.InflaterInputStream::read@34 (line 198)
                      ; - jdk.internal.loader.Resource::getBytes@90 (line 106)
                      ; - jdk.internal.loader.BuiltinClassLoader::defineClass@84 (line 773)
                      ; - jdk.internal.loader.BuiltinClassLoader::findClassOnClassPathOrNull@30 (line 691)
  0x0000028a3a3a8580: 5c98 4aff 

  0x0000028a3a3a8584: ;   {post_call_nop}
  0x0000028a3a3a8584: 0f1f 8400 | 0000 0000 | baf6 ffff | ff48 8b6c | 2440 4c8b | 5424 484c | 8954 2420 | 4c8b 5424 
  0x0000028a3a3a85a4: 504c 8954 | 2438 448b | 5c24 3444 | 895c 242c | 448b 5424 | 5844 8954 | 2434 6690 

  0x0000028a3a3a85c0: ;   {runtime_call UncommonTrapBlob}
  0x0000028a3a3a85c0: c5f8 77e8 

  0x0000028a3a3a85c4: ; ImmutableOopMap {rbp=Oop [32]=Oop [56]=Oop [96]=Oop [104]=Oop [112]=NarrowOop }
                      ;*invokevirtual needsDictionary {reexecute=0 rethrow=0 return_oop=0}
                      ; - java.util.zip.InflaterInputStream::read@44 (line 198)
                      ; - jdk.internal.loader.Resource::getBytes@90 (line 106)
                      ; - jdk.internal.loader.BuiltinClassLoader::defineClass@84 (line 773)
                      ; - jdk.internal.loader.BuiltinClassLoader::findClassOnClassPathOrNull@30 (line 691)
  0x0000028a3a3a85c4: 1898 4aff 

  0x0000028a3a3a85c8: ;   {post_call_nop}
  0x0000028a3a3a85c8: 0f1f 8400 | 0000 0000 | baf6 ffff | ff48 8b6c | 2440 4c8b | 5424 484c | 8954 2420 | 4c8b 5424 
  0x0000028a3a3a85e8: 504c 8954 | 2438 448b | 5424 3444 | 8954 242c | 448b 5c24 | 5845 8bd3 | 4489 5424 | 3466 6690 
  0x0000028a3a3a8608: ;   {runtime_call UncommonTrapBlob}
  0x0000028a3a3a8608: c5f8 77e8 

  0x0000028a3a3a860c: ; ImmutableOopMap {rbp=Oop [32]=Oop [56]=Oop [96]=Oop [104]=Oop [112]=NarrowOop }
                      ;*invokevirtual needsInput {reexecute=0 rethrow=0 return_oop=0}
                      ; - java.util.zip.InflaterInputStream::read@61 (line 202)
                      ; - jdk.internal.loader.Resource::getBytes@90 (line 106)
                      ; - jdk.internal.loader.BuiltinClassLoader::defineClass@84 (line 773)
                      ; - jdk.internal.loader.BuiltinClassLoader::findClassOnClassPathOrNull@30 (line 691)
  0x0000028a3a3a860c: d097 4aff 

  0x0000028a3a3a8610: ;   {post_call_nop}
  0x0000028a3a3a8610: 0f1f 8400 | 0000 0000 | baf6 ffff | ff66 6690 

  0x0000028a3a3a8620: ;   {runtime_call UncommonTrapBlob}
  0x0000028a3a3a8620: c5f8 77e8 

  0x0000028a3a3a8624: ; ImmutableOopMap {}
                      ;*invokevirtual getBaseURL {reexecute=0 rethrow=0 return_oop=0}
                      ; - jdk.internal.loader.URLClassPath$FileLoader$1::getCodeSourceURL@4 (line 957)
                      ; - jdk.internal.loader.BuiltinClassLoader::defineClass@1 (line 756)
                      ; - jdk.internal.loader.BuiltinClassLoader::findClassOnClassPathOrNull@30 (line 691)
  0x0000028a3a3a8624: b897 4aff 

  0x0000028a3a3a8628: ;   {post_call_nop}
  0x0000028a3a3a8628: 0f1f 8400 | 0000 0000 | baf6 ffff | ff48 8b6c | 2440 4889 | 7c24 3090 

  0x0000028a3a3a8640: ;   {runtime_call UncommonTrapBlob}
  0x0000028a3a3a8640: c5f8 77e8 

  0x0000028a3a3a8644: ; ImmutableOopMap {rbp=Oop [48]=Oop [72]=Oop [80]=Oop [112]=NarrowOop }
                      ;*invokevirtual close {reexecute=0 rethrow=0 return_oop=0}
                      ; - jdk.internal.loader.Resource::getBytes@144 (line 121)
                      ; - jdk.internal.loader.BuiltinClassLoader::defineClass@84 (line 773)
                      ; - jdk.internal.loader.BuiltinClassLoader::findClassOnClassPathOrNull@30 (line 691)
  0x0000028a3a3a8644: 9897 4aff 

  0x0000028a3a3a8648: ;   {post_call_nop}
  0x0000028a3a3a8648: 0f1f 8400 | 0000 0000 | baf6 ffff | ff48 8b6c | 2440 4c8b | 5424 484c | 8954 2420 | 4c8b 5424 
  0x0000028a3a3a8668: 504c 8954 | 2438 448b | 5c24 3444 | 895c 242c | 448b 5424 | 5844 8954 | 2434 6690 

  0x0000028a3a3a8684: ;   {runtime_call UncommonTrapBlob}
  0x0000028a3a3a8684: c5f8 77e8 

  0x0000028a3a3a8688: ; ImmutableOopMap {rbp=Oop [32]=Oop [56]=Oop [96]=Oop [104]=Oop [112]=NarrowOop }
                      ;*invokevirtual hasPendingOutput {reexecute=0 rethrow=0 return_oop=0}
                      ; - java.util.zip.InflaterInputStream::read@71 (line 202)
                      ; - jdk.internal.loader.Resource::getBytes@90 (line 106)
                      ; - jdk.internal.loader.BuiltinClassLoader::defineClass@84 (line 773)
                      ; - jdk.internal.loader.BuiltinClassLoader::findClassOnClassPathOrNull@30 (line 691)
  0x0000028a3a3a8688: 5497 4aff 

  0x0000028a3a3a868c: ;   {post_call_nop}
  0x0000028a3a3a868c: 0f1f 8400 | 0000 0000 | baf6 ffff | ff48 8b6c | 2440 4c8b | 5424 484c | 8954 2420 | 4c8b 5424 
  0x0000028a3a3a86ac: 504c 8954 | 2438 448b | 5c24 3444 | 895c 242c | 448b 5424 | 5844 8954 | 2430 6690 

  0x0000028a3a3a86c8: ;   {runtime_call UncommonTrapBlob}
  0x0000028a3a3a86c8: c5f8 77e8 

  0x0000028a3a3a86cc: ; ImmutableOopMap {rbp=Oop [32]=Oop [56]=Oop [96]=Oop [104]=Oop [112]=NarrowOop }
                      ;*arraylength {reexecute=0 rethrow=0 return_oop=0}
                      ; - java.util.zip.ZipFile$ZipFileInflaterInputStream::fill@31 (line 449)
                      ; - java.util.zip.InflaterInputStream::read@78 (line 208)
                      ; - jdk.internal.loader.Resource::getBytes@90 (line 106)
                      ; - jdk.internal.loader.BuiltinClassLoader::defineClass@84 (line 773)
                      ; - jdk.internal.loader.BuiltinClassLoader::findClassOnClassPathOrNull@30 (line 691)
  0x0000028a3a3a86cc: 1097 4aff 

  0x0000028a3a3a86d0: ;   {post_call_nop}
  0x0000028a3a3a86d0: 0f1f 8400 | 0000 0000 | baf6 ffff | ff48 8b6c | 2440 4c8b | 5424 484c | 8954 2420 | 4c8b 5424 
  0x0000028a3a3a86f0: 504c 8954 | 2438 448b | 5c24 3444 | 895c 242c | 448b 5424 | 5844 8954 | 2430 4c89 | 4c24 5044 
  0x0000028a3a3a8710: 8b54 245c | 4489 5424 | 5866 6690 

  0x0000028a3a3a871c: ;   {runtime_call UncommonTrapBlob}
  0x0000028a3a3a871c: c5f8 77e8 

  0x0000028a3a3a8720: ; ImmutableOopMap {rbp=Oop [32]=Oop [56]=Oop [80]=Oop [96]=Oop [112]=NarrowOop [116]=NarrowOop }
                      ;*invokevirtual read {reexecute=0 rethrow=0 return_oop=0}
                      ; - java.util.zip.ZipFile$ZipFileInflaterInputStream::fill@32 (line 449)
                      ; - java.util.zip.InflaterInputStream::read@78 (line 208)
                      ; - jdk.internal.loader.Resource::getBytes@90 (line 106)
                      ; - jdk.internal.loader.BuiltinClassLoader::defineClass@84 (line 773)
                      ; - jdk.internal.loader.BuiltinClassLoader::findClassOnClassPathOrNull@30 (line 691)
  0x0000028a3a3a8720: bc96 4aff 

  0x0000028a3a3a8724: ;   {post_call_nop}
  0x0000028a3a3a8724: 0f1f 8400 | 0000 0000 | baf6 ffff | ff48 8b6c | 2440 4c8b | 5424 484c | 8954 2420 | 448b 5c24 
  0x0000028a3a3a8744: 7044 895c | 2428 4c8b | 5424 504c | 8954 2438 | 448b 5424 | 3444 8954 | 242c 448b | 5c24 5845 
  0x0000028a3a3a8764: 8bd3 4489 | 5424 3444 | 8b5c 245c | 4489 5c24 | 5844 8b54 | 2474 4489 | 5424 5c44 | 8b5c 2478 
  0x0000028a3a3a8784: 4489 5c24 | 7044 8b54 | 247c 4489 | 5424 7890 

  0x0000028a3a3a8794: ;   {runtime_call UncommonTrapBlob}
  0x0000028a3a3a8794: c5f8 77e8 

  0x0000028a3a3a8798: ; ImmutableOopMap {rbp=Oop [32]=Oop [40]=NarrowOop [56]=Oop [92]=NarrowOop [96]=Oop [104]=Oop [120]=NarrowOop [124]=NarrowOop [128]=Oop }
                      ;*invokevirtual ensureOpenOrZipException {reexecute=0 rethrow=0 return_oop=0}
                      ; - java.util.zip.ZipFile$ZipFileInputStream::read@12 (line 925)
                      ; - java.util.zip.ZipFile$ZipFileInflaterInputStream::fill@32 (line 449)
                      ; - java.util.zip.InflaterInputStream::read@78 (line 208)
                      ; - jdk.internal.loader.Resource::getBytes@90 (line 106)
                      ; - jdk.internal.loader.BuiltinClassLoader::defineClass@84 (line 773)
                      ; - jdk.internal.loader.BuiltinClassLoader::findClassOnClassPathOrNull@30 (line 691)
  0x0000028a3a3a8798: 4496 4aff 

  0x0000028a3a3a879c: ;   {post_call_nop}
  0x0000028a3a3a879c: 0f1f 8400 | 0000 0000 | baf6 ffff | ff48 8b6c | 2440 4c8b | 5424 484c | 8954 2420 | 448b 5424 
  0x0000028a3a3a87bc: 7044 8954 | 2428 4c8b | 5424 504c | 8954 2438 | 448b 5c24 | 3444 895c | 242c 448b | 5c24 5845 
  0x0000028a3a3a87dc: 8bd3 4489 | 5424 3444 | 8b5c 245c | 4489 5c24 | 5844 8b54 | 2474 4489 | 5424 5c44 | 8b5c 2478 
  0x0000028a3a3a87fc: 4489 5c24 | 7044 8b54 | 247c 4489 | 5424 7890 

  0x0000028a3a3a880c: ;   {runtime_call UncommonTrapBlob}
  0x0000028a3a3a880c: c5f8 77e8 

  0x0000028a3a3a8810: ; ImmutableOopMap {rbp=Oop [32]=Oop [40]=NarrowOop [56]=Oop [92]=NarrowOop [96]=Oop [104]=Oop [120]=NarrowOop [124]=NarrowOop [128]=Oop }
                      ;*getfield res {reexecute=1 rethrow=0 return_oop=0}
                      ; - (reexecute) java.util.zip.ZipFile$ZipFileInputStream::read@63 (line 936)
                      ; - java.util.zip.ZipFile$ZipFileInflaterInputStream::fill@32 (line 449)
                      ; - java.util.zip.InflaterInputStream::read@78 (line 208)
                      ; - jdk.internal.loader.Resource::getBytes@90 (line 106)
                      ; - jdk.internal.loader.BuiltinClassLoader::defineClass@84 (line 773)
                      ; - jdk.internal.loader.BuiltinClassLoader::findClassOnClassPathOrNull@30 (line 691)
  0x0000028a3a3a8810: cc95 4aff 

  0x0000028a3a3a8814: ;   {post_call_nop}
  0x0000028a3a3a8814: 0f1f 8400 | 0000 0000 | baf6 ffff | ff48 8b6c | 2440 4c8b | 5424 484c | 8954 2420 | 448b 5424 
  0x0000028a3a3a8834: 7044 8954 | 2428 4c8b | 5424 504c | 8954 2438 | 448b 5c24 | 3444 895c | 242c 448b | 5c24 5845 
  0x0000028a3a3a8854: 8bd3 4489 | 5424 3444 | 8b5c 245c | 4489 5c24 | 5844 8b54 | 2474 4489 | 5424 5c44 | 8b5c 2478 
  0x0000028a3a3a8874: 4489 5c24 | 7044 8b54 | 247c 4489 | 5424 7890 

  0x0000028a3a3a8884: ;   {runtime_call UncommonTrapBlob}
  0x0000028a3a3a8884: c5f8 77e8 

  0x0000028a3a3a8888: ; ImmutableOopMap {rbp=Oop [32]=Oop [40]=NarrowOop [56]=Oop [92]=NarrowOop [96]=Oop [104]=Oop [120]=NarrowOop [124]=NarrowOop [128]=Oop }
                      ;*getfield zsrc {reexecute=1 rethrow=0 return_oop=0}
                      ; - (reexecute) java.util.zip.ZipFile$ZipFileInputStream::read@66 (line 936)
                      ; - java.util.zip.ZipFile$ZipFileInflaterInputStream::fill@32 (line 449)
                      ; - java.util.zip.InflaterInputStream::read@78 (line 208)
                      ; - jdk.internal.loader.Resource::getBytes@90 (line 106)
                      ; - jdk.internal.loader.BuiltinClassLoader::defineClass@84 (line 773)
                      ; - jdk.internal.loader.BuiltinClassLoader::findClassOnClassPathOrNull@30 (line 691)
  0x0000028a3a3a8888: 5495 4aff 

  0x0000028a3a3a888c: ;   {post_call_nop}
  0x0000028a3a3a888c: 0f1f 8400 | 0000 0000 | baf6 ffff | ff48 8b6c | 2440 4c8b | 5424 484c | 8954 2420 | 448b 5424 
  0x0000028a3a3a88ac: 7044 8954 | 2428 4c8b | 5424 504c | 8954 2438 | 448b 5c24 | 3444 895c | 242c 448b | 5c24 5845 
  0x0000028a3a3a88cc: 8bd3 4489 | 5424 3444 | 8b5c 245c | 4489 5c24 | 5844 8b54 | 247c 4489 | 5424 5c44 | 8b5c 2474 
  0x0000028a3a3a88ec: 4489 5c24 | 7044 8b54 | 2478 4489 | 5424 7490 

  0x0000028a3a3a88fc: ;   {runtime_call UncommonTrapBlob}
  0x0000028a3a3a88fc: c5f8 77e8 

  0x0000028a3a3a8900: ; ImmutableOopMap {rbp=Oop [32]=Oop [40]=NarrowOop [56]=Oop [92]=NarrowOop [96]=Oop [104]=Oop [112]=NarrowOop [128]=Oop }
                      ;*invokevirtual readAt {reexecute=0 rethrow=0 return_oop=0}
                      ; - java.util.zip.ZipFile$ZipFileInputStream::read@76 (line 936)
                      ; - java.util.zip.ZipFile$ZipFileInflaterInputStream::fill@32 (line 449)
                      ; - java.util.zip.InflaterInputStream::read@78 (line 208)
                      ; - jdk.internal.loader.Resource::getBytes@90 (line 106)
                      ; - jdk.internal.loader.BuiltinClassLoader::defineClass@84 (line 773)
                      ; - jdk.internal.loader.BuiltinClassLoader::findClassOnClassPathOrNull@30 (line 691)
  0x0000028a3a3a8900: dc94 4aff 

  0x0000028a3a3a8904: ;   {post_call_nop}
  0x0000028a3a3a8904: 0f1f 8400 | 0000 0000 | baf6 ffff | ff48 8b6c | 2440 4c8b | 5424 484c | 8954 2420 | 4c8b 5424 
  0x0000028a3a3a8924: 504c 8954 | 2438 448b | 5424 3444 | 8954 242c | 448b 5c24 | 584c 894c | 2450 458b | d344 8954 
  0x0000028a3a3a8944: 2434 448b | 5c24 5c44 | 895c 2458 

  0x0000028a3a3a8950: ;   {runtime_call UncommonTrapBlob}
  0x0000028a3a3a8950: c5f8 77e8 

  0x0000028a3a3a8954: ; ImmutableOopMap {rbp=Oop [32]=Oop [56]=Oop [80]=Oop [96]=Oop [112]=NarrowOop [124]=NarrowOop }
                      ;*invokevirtual setInput {reexecute=0 rethrow=0 return_oop=0}
                      ; - java.util.zip.ZipFile$ZipFileInflaterInputStream::fill@76 (line 455)
                      ; - java.util.zip.InflaterInputStream::read@78 (line 208)
                      ; - jdk.internal.loader.Resource::getBytes@90 (line 106)
                      ; - jdk.internal.loader.BuiltinClassLoader::defineClass@84 (line 773)
                      ; - jdk.internal.loader.BuiltinClassLoader::findClassOnClassPathOrNull@30 (line 691)
  0x0000028a3a3a8954: 8894 4aff 

  0x0000028a3a3a8958: ;   {post_call_nop}
  0x0000028a3a3a8958: 0f1f 8400 | 0000 0000 | baf6 ffff | ff48 8b6c | 2440 4c8b | 5424 484c | 8954 2420 | 4c8b 5424 
  0x0000028a3a3a8978: 504c 8954 | 2438 448b | 5424 3444 | 8954 242c | 448b 5c24 | 584c 894c | 2450 458b | d344 8954 
  0x0000028a3a3a8998: 2434 448b | 5c24 5c44 | 895c 2458 | 448b 5c24 | 7444 895c | 246c 6690 

  0x0000028a3a3a89b0: ;   {runtime_call UncommonTrapBlob}
  0x0000028a3a3a89b0: c5f8 77e8 

  0x0000028a3a3a89b4: ; ImmutableOopMap {rbp=Oop [32]=Oop [56]=Oop [80]=Oop [96]=Oop [112]=NarrowOop [120]=NarrowOop }
                      ;*arraylength {reexecute=0 rethrow=0 return_oop=0}
                      ; - java.util.zip.Inflater::setInput@3 (line 134)
                      ; - java.util.zip.ZipFile$ZipFileInflaterInputStream::fill@76 (line 455)
                      ; - java.util.zip.InflaterInputStream::read@78 (line 208)
                      ; - jdk.internal.loader.Resource::getBytes@90 (line 106)
                      ; - jdk.internal.loader.BuiltinClassLoader::defineClass@84 (line 773)
                      ; - jdk.internal.loader.BuiltinClassLoader::findClassOnClassPathOrNull@30 (line 691)
  0x0000028a3a3a89b4: 2894 4aff 

  0x0000028a3a3a89b8: ;   {post_call_nop}
  0x0000028a3a3a89b8: 0f1f 8400 | 0000 0000 | baf6 ffff | ff48 8b6c | 2440 4c8b | 5424 484c | 8954 2420 | 448b 5424 
  0x0000028a3a3a89d8: 7044 8954 | 2428 4c8b | 5424 504c | 8954 2438 | 448b 5c24 | 3444 895c | 242c 448b | 5424 5844 
  0x0000028a3a3a89f8: 8954 2430 | 448b 5424 | 5c44 8954 | 2458 448b | 5c24 7444 | 895c 245c | 448b 5424 | 7844 8954 
  0x0000028a3a3a8a18: 2470 448b | 5c24 7c45 | 8bd3 4489 | 5424 7890 

  0x0000028a3a3a8a28: ;   {runtime_call UncommonTrapBlob}
  0x0000028a3a3a8a28: c5f8 77e8 

  0x0000028a3a3a8a2c: ; ImmutableOopMap {rbp=Oop [32]=Oop [40]=NarrowOop [56]=Oop [92]=NarrowOop [96]=Oop [104]=Oop [120]=NarrowOop [124]=NarrowOop [128]=Oop }
                      ;*getfield res {reexecute=1 rethrow=0 return_oop=0}
                      ; - (reexecute) java.util.zip.ZipFile$ZipFileInputStream::initDataOffset@27 (line 910)
                      ; - java.util.zip.ZipFile$ZipFileInputStream::read@16 (line 926)
                      ; - java.util.zip.ZipFile$ZipFileInflaterInputStream::fill@32 (line 449)
                      ; - java.util.zip.InflaterInputStream::read@78 (line 208)
                      ; - jdk.internal.loader.Resource::getBytes@90 (line 106)
                      ; - jdk.internal.loader.BuiltinClassLoader::defineClass@84 (line 773)
                      ; - jdk.internal.loader.BuiltinClassLoader::findClassOnClassPathOrNull@30 (line 691)
  0x0000028a3a3a8a2c: b093 4aff 

  0x0000028a3a3a8a30: ;   {post_call_nop}
  0x0000028a3a3a8a30: 0f1f 8400 | 0000 0000 | baf6 ffff | ff48 8b6c | 2440 4c8b | 5424 484c | 8954 2420 | 448b 5424 
  0x0000028a3a3a8a50: 7044 8954 | 2428 4c8b | 5424 504c | 8954 2438 | 448b 5c24 | 3444 895c | 242c 448b | 5424 5844 
  0x0000028a3a3a8a70: 8954 2430 | 448b 5424 | 5c44 8954 | 2458 448b | 5c24 7444 | 895c 245c | 448b 5424 | 7844 8954 
  0x0000028a3a3a8a90: 2470 448b | 5c24 7c45 | 8bd3 4489 | 5424 7890 

  0x0000028a3a3a8aa0: ;   {runtime_call UncommonTrapBlob}
  0x0000028a3a3a8aa0: c5f8 77e8 

  0x0000028a3a3a8aa4: ; ImmutableOopMap {rbp=Oop [32]=Oop [40]=NarrowOop [56]=Oop [92]=NarrowOop [96]=Oop [104]=Oop [120]=NarrowOop [124]=NarrowOop [128]=Oop }
                      ;*getfield zsrc {reexecute=1 rethrow=0 return_oop=0}
                      ; - (reexecute) java.util.zip.ZipFile$ZipFileInputStream::initDataOffset@30 (line 910)
                      ; - java.util.zip.ZipFile$ZipFileInputStream::read@16 (line 926)
                      ; - java.util.zip.ZipFile$ZipFileInflaterInputStream::fill@32 (line 449)
                      ; - java.util.zip.InflaterInputStream::read@78 (line 208)
                      ; - jdk.internal.loader.Resource::getBytes@90 (line 106)
                      ; - jdk.internal.loader.BuiltinClassLoader::defineClass@84 (line 773)
                      ; - jdk.internal.loader.BuiltinClassLoader::findClassOnClassPathOrNull@30 (line 691)
  0x0000028a3a3a8aa4: 3893 4aff 

  0x0000028a3a3a8aa8: ;   {post_call_nop}
  0x0000028a3a3a8aa8: 0f1f 8400 | 0000 0000 | baf6 ffff | ff48 8b6c | 2440 4c8b | 5424 484c | 8954 2420 | 448b 5c24 
  0x0000028a3a3a8ac8: 7044 895c | 2428 4c8b | 5424 504c | 8954 2438 | 448b 5c24 | 3444 895c | 242c 448b | 5424 5844 
  0x0000028a3a3a8ae8: 8954 2430 | 448b 5424 | 5c44 8954 | 2458 448b | 5c24 7444 | 895c 245c | 448b 5424 | 7844 8954 
  0x0000028a3a3a8b08: 2470 448b | 5c24 7c45 | 8bd3 4489 | 5424 784c | 8b94 2498 | 0000 004c | 8994 2490 | 0000 0090 
  0x0000028a3a3a8b28: ;   {runtime_call UncommonTrapBlob}
  0x0000028a3a3a8b28: c5f8 77e8 

  0x0000028a3a3a8b2c: ; ImmutableOopMap {rbp=Oop [32]=Oop [40]=NarrowOop [56]=Oop [92]=NarrowOop [96]=Oop [104]=Oop [120]=NarrowOop [124]=NarrowOop [128]=Oop [144]=Oop }
                      ;*invokevirtual readFullyAt {reexecute=0 rethrow=0 return_oop=0}
                      ; - java.util.zip.ZipFile$ZipFileInputStream::initDataOffset@41 (line 910)
                      ; - java.util.zip.ZipFile$ZipFileInputStream::read@16 (line 926)
                      ; - java.util.zip.ZipFile$ZipFileInflaterInputStream::fill@32 (line 449)
                      ; - java.util.zip.InflaterInputStream::read@78 (line 208)
                      ; - jdk.internal.loader.Resource::getBytes@90 (line 106)
                      ; - jdk.internal.loader.BuiltinClassLoader::defineClass@84 (line 773)
                      ; - jdk.internal.loader.BuiltinClassLoader::findClassOnClassPathOrNull@30 (line 691)
  0x0000028a3a3a8b2c: b092 4aff 

  0x0000028a3a3a8b30: ;   {post_call_nop}
  0x0000028a3a3a8b30: 0f1f 8400 | 0000 0000 | ba6e ffff | ff48 8b6c | 2440 4c8b | 5424 484c | 8954 2420 | 4889 7c24 
  0x0000028a3a3a8b50: 304c 895c | 2440 4489 | 4424 4890 

  0x0000028a3a3a8b5c: ;   {runtime_call UncommonTrapBlob}
  0x0000028a3a3a8b5c: c5f8 77e8 

  0x0000028a3a3a8b60: ; ImmutableOopMap {rbp=Oop [32]=Oop [48]=Oop [64]=Oop [80]=Oop [112]=NarrowOop }
                      ;*if_icmpge {reexecute=1 rethrow=0 return_oop=0}
                      ; - (reexecute) jdk.internal.loader.Resource::getBytes@28 (line 94)
                      ; - jdk.internal.loader.BuiltinClassLoader::defineClass@84 (line 773)
                      ; - jdk.internal.loader.BuiltinClassLoader::findClassOnClassPathOrNull@30 (line 691)
  0x0000028a3a3a8b60: 7c92 4aff 

  0x0000028a3a3a8b64: ;   {post_call_nop}
  0x0000028a3a3a8b64: 0f1f 8400 | 0000 0000 | ba95 ffff | ff4c 8b54 | 2448 4c89 | 5424 204c | 8b54 2458 | 4c89 5424 
  0x0000028a3a3a8b84: 2844 8b54 | 2470 4489 | 5424 304c | 8b94 2480 | 0000 004c | 8954 2440 | 4c8b 9424 | 8800 0000 
  0x0000028a3a3a8ba4: 4c89 5424 | 4844 8b54 | 2460 4489 | 5424 3444 | 8b5c 2478 | 4489 5c24 | 5444 8b5c | 247c 4489 
  0x0000028a3a3a8bc4: 5c24 6844 | 8b9c 2494 | 0000 0048 | 8984 2488 | 0000 0045 | 8bd3 4489 | 9424 8400 | 0000 6690 
  0x0000028a3a3a8be4: ;   {runtime_call UncommonTrapBlob}
  0x0000028a3a3a8be4: c5f8 77e8 

  0x0000028a3a3a8be8: ; ImmutableOopMap {rbp=Oop [32]=Oop [40]=Oop [48]=NarrowOop [64]=Oop [72]=Oop [132]=NarrowOop [136]=Oop [148]=NarrowOop }
                      ;*astore_2 {reexecute=0 rethrow=0 return_oop=0}
                      ; - java.util.zip.ZipFile$ZipFileInputStream::close@53 (line 999)
                      ; - java.util.zip.ZipFile$ZipFileInputStream::read@130 (line 943)
                      ; - java.util.zip.ZipFile$ZipFileInflaterInputStream::fill@32 (line 449)
                      ; - java.util.zip.InflaterInputStream::read@78 (line 208)
                      ; - jdk.internal.loader.Resource::getBytes@90 (line 106)
                      ; - jdk.internal.loader.URLClassPath$JarLoader$1::getBytes@1 (line 730)
                      ; - jdk.internal.loader.BuiltinClassLoader::defineClass@84 (line 773)
                      ; - jdk.internal.loader.BuiltinClassLoader::findClassOnClassPathOrNull@30 (line 691)
  0x0000028a3a3a8be8: f491 4aff 

  0x0000028a3a3a8bec: ;   {post_call_nop}
  0x0000028a3a3a8bec: 0f1f 8400 | 0000 0000 | baf6 ffff | ff4c 8b5c | 2448 4c89 | 5c24 2044 | 8b44 2470 | 4489 4424 
  0x0000028a3a3a8c0c: 284c 8b5c | 2450 4c89 | 5c24 3844 | 8b5c 2434 | 4489 5c24 | 2c44 8b44 | 2458 4489 | 4424 3444 
  0x0000028a3a3a8c2c: 8b44 245c | 4489 4424 | 5844 8b5c | 2474 4489 | 5c24 5c90 

  0x0000028a3a3a8c40: ;   {runtime_call UncommonTrapBlob}
  0x0000028a3a3a8c40: c5f8 77e8 

  0x0000028a3a3a8c44: ; ImmutableOopMap {rbp=Oop [32]=Oop [40]=NarrowOop [56]=Oop [96]=Oop [104]=Oop [128]=Oop }
                      ;*getfield res {reexecute=1 rethrow=0 return_oop=0}
                      ; - (reexecute) java.util.zip.ZipFile$ZipFileInputStream::close@22 (line 997)
                      ; - java.util.zip.ZipFile$ZipFileInputStream::read@130 (line 943)
                      ; - java.util.zip.ZipFile$ZipFileInflaterInputStream::fill@32 (line 449)
                      ; - java.util.zip.InflaterInputStream::read@78 (line 208)
                      ; - jdk.internal.loader.Resource::getBytes@90 (line 106)
                      ; - jdk.internal.loader.BuiltinClassLoader::defineClass@84 (line 773)
                      ; - jdk.internal.loader.BuiltinClassLoader::findClassOnClassPathOrNull@30 (line 691)
  0x0000028a3a3a8c44: 9891 4aff 

  0x0000028a3a3a8c48: ;   {post_call_nop}
  0x0000028a3a3a8c48: 0f1f 8400 | 0000 0000 | baf6 ffff | ff4c 8b5c | 2448 4c89 | 5c24 2044 | 8b5c 2470 | 4489 5c24 
  0x0000028a3a3a8c68: 284c 8b5c | 2450 4c89 | 5c24 3844 | 8b5c 2434 | 4489 5c24 | 2c44 8b44 | 2458 4489 | 4424 3444 
  0x0000028a3a3a8c88: 8b44 245c | 4489 4424 | 5844 8b5c | 2474 4489 | 5c24 5c90 

  0x0000028a3a3a8c9c: ;   {runtime_call UncommonTrapBlob}
  0x0000028a3a3a8c9c: c5f8 77e8 

  0x0000028a3a3a8ca0: ; ImmutableOopMap {rbp=Oop [32]=Oop [40]=NarrowOop [56]=Oop [96]=Oop [104]=Oop [128]=Oop }
                      ;*getfield istreams {reexecute=1 rethrow=0 return_oop=0}
                      ; - (reexecute) java.util.zip.ZipFile$ZipFileInputStream::close@25 (line 997)
                      ; - java.util.zip.ZipFile$ZipFileInputStream::read@130 (line 943)
                      ; - java.util.zip.ZipFile$ZipFileInflaterInputStream::fill@32 (line 449)
                      ; - java.util.zip.InflaterInputStream::read@78 (line 208)
                      ; - jdk.internal.loader.Resource::getBytes@90 (line 106)
                      ; - jdk.internal.loader.BuiltinClassLoader::defineClass@84 (line 773)
                      ; - jdk.internal.loader.BuiltinClassLoader::findClassOnClassPathOrNull@30 (line 691)
  0x0000028a3a3a8ca0: 3c91 4aff 

  0x0000028a3a3a8ca4: ;   {post_call_nop}
  0x0000028a3a3a8ca4: 0f1f 8400 | 0000 0000 | baf6 ffff | ff48 8b6c | 2440 4c8b | 5424 484c | 8954 2420 | 448b 5424 
  0x0000028a3a3a8cc4: 7044 8954 | 2428 4c8b | 5424 504c | 8954 2438 | 448b 5c24 | 3444 895c | 242c 448b | 5424 5844 
  0x0000028a3a3a8ce4: 8954 2430 | 448b 5424 | 5c44 8954 | 2458 448b | 5c24 7444 | 895c 245c | 4c89 4424 | 7066 6690 
  0x0000028a3a3a8d04: ;   {runtime_call UncommonTrapBlob}
  0x0000028a3a3a8d04: c5f8 77e8 

  0x0000028a3a3a8d08: ; ImmutableOopMap {rbp=Oop [32]=Oop [40]=NarrowOop [56]=Oop [96]=Oop [104]=Oop [112]=Oop [120]=NarrowOop }
                      ;*getfield res {reexecute=1 rethrow=0 return_oop=0}
                      ; - (reexecute) java.util.zip.ZipFile$ZipFileInputStream::close@35 (line 998)
                      ; - java.util.zip.ZipFile$ZipFileInputStream::read@130 (line 943)
                      ; - java.util.zip.ZipFile$ZipFileInflaterInputStream::fill@32 (line 449)
                      ; - java.util.zip.InflaterInputStream::read@78 (line 208)
                      ; - jdk.internal.loader.Resource::getBytes@90 (line 106)
                      ; - jdk.internal.loader.BuiltinClassLoader::defineClass@84 (line 773)
                      ; - jdk.internal.loader.BuiltinClassLoader::findClassOnClassPathOrNull@30 (line 691)
  0x0000028a3a3a8d08: d490 4aff 

  0x0000028a3a3a8d0c: ;   {post_call_nop}
  0x0000028a3a3a8d0c: 0f1f 8400 | 0000 0000 | baf6 ffff | ff48 8b6c | 2440 4c8b | 5424 484c | 8954 2420 | 448b 5c24 
  0x0000028a3a3a8d2c: 7044 895c | 2428 4c8b | 5424 504c | 8954 2438 | 448b 5c24 | 3444 895c | 242c 448b | 5c24 5845 
  0x0000028a3a3a8d4c: 8bd3 4489 | 5424 3444 | 8b5c 245c | 4489 5c24 | 5844 8b54 | 2474 4489 | 5424 5c4c | 8944 2470 
  0x0000028a3a3a8d6c: ;   {runtime_call UncommonTrapBlob}
  0x0000028a3a3a8d6c: c5f8 77e8 

  0x0000028a3a3a8d70: ; ImmutableOopMap {rbp=Oop [32]=Oop [40]=NarrowOop [56]=Oop [96]=Oop [104]=Oop [112]=Oop [120]=NarrowOop }
                      ;*getfield istreams {reexecute=1 rethrow=0 return_oop=0}
                      ; - (reexecute) java.util.zip.ZipFile$ZipFileInputStream::close@38 (line 998)
                      ; - java.util.zip.ZipFile$ZipFileInputStream::read@130 (line 943)
                      ; - java.util.zip.ZipFile$ZipFileInflaterInputStream::fill@32 (line 449)
                      ; - java.util.zip.InflaterInputStream::read@78 (line 208)
                      ; - jdk.internal.loader.Resource::getBytes@90 (line 106)
                      ; - jdk.internal.loader.BuiltinClassLoader::defineClass@84 (line 773)
                      ; - jdk.internal.loader.BuiltinClassLoader::findClassOnClassPathOrNull@30 (line 691)
  0x0000028a3a3a8d70: 6c90 4aff 

  0x0000028a3a3a8d74: ;   {post_call_nop}
  0x0000028a3a3a8d74: 0f1f 8400 | 0000 0000 | baf6 ffff | ff48 8b6c | 2440 4c8b | 5424 484c | 8954 2420 | 448b 5c24 
  0x0000028a3a3a8d94: 7044 895c | 2428 4c8b | 5424 504c | 8954 2438 | 448b 5424 | 3444 8954 | 242c 448b | 5c24 5845 
  0x0000028a3a3a8db4: 8bd3 4489 | 5424 3444 | 8b5c 245c | 4489 5c24 | 5844 8b54 | 2474 4489 | 5424 5c44 | 8b5c 2478 
  0x0000028a3a3a8dd4: 4489 5c24 | 7466 6690 

  0x0000028a3a3a8ddc: ;   {runtime_call UncommonTrapBlob}
  0x0000028a3a3a8ddc: c5f8 77e8 

  0x0000028a3a3a8de0: ; ImmutableOopMap {rbp=Oop [32]=Oop [40]=NarrowOop [56]=Oop [96]=Oop [104]=Oop [116]=NarrowOop [120]=NarrowOop [136]=Oop }
                      ;*invokeinterface remove {reexecute=0 rethrow=0 return_oop=0}
                      ; - java.util.zip.ZipFile$ZipFileInputStream::close@42 (line 998)
                      ; - java.util.zip.ZipFile$ZipFileInputStream::read@130 (line 943)
                      ; - java.util.zip.ZipFile$ZipFileInflaterInputStream::fill@32 (line 449)
                      ; - java.util.zip.InflaterInputStream::read@78 (line 208)
                      ; - jdk.internal.loader.Resource::getBytes@90 (line 106)
                      ; - jdk.internal.loader.BuiltinClassLoader::defineClass@84 (line 773)
                      ; - jdk.internal.loader.BuiltinClassLoader::findClassOnClassPathOrNull@30 (line 691)
  0x0000028a3a3a8de0: fc8f 4aff 

  0x0000028a3a3a8de4: ;   {post_call_nop}
  0x0000028a3a3a8de4: 0f1f 8400 | 0000 0000 | baf6 ffff | ff48 8b6c | 2440 4c8b | 5424 484c | 8954 2420 | 448b 5424 
  0x0000028a3a3a8e04: 7044 8954 | 2428 4c8b | 5424 504c | 8954 2438 | 448b 5c24 | 3444 895c | 242c 448b | 5424 5844 
  0x0000028a3a3a8e24: 8954 2430 | 448b 5424 | 5c44 8954 | 2458 448b | 5c24 7444 | 895c 245c | 448b 5424 | 7844 8954 
  0x0000028a3a3a8e44: 2474 6690 

  0x0000028a3a3a8e48: ;   {runtime_call UncommonTrapBlob}
  0x0000028a3a3a8e48: c5f8 77e8 

  0x0000028a3a3a8e4c: ; ImmutableOopMap {rbp=Oop [32]=Oop [40]=NarrowOop [56]=Oop [96]=Oop [104]=Oop [116]=NarrowOop [136]=Oop }
                      ;*invokeinterface remove {reexecute=0 rethrow=0 return_oop=0}
                      ; - java.util.Collections$SetFromMap::remove@5 (line 6044)
                      ; - java.util.zip.ZipFile$ZipFileInputStream::close@42 (line 998)
                      ; - java.util.zip.ZipFile$ZipFileInputStream::read@130 (line 943)
                      ; - java.util.zip.ZipFile$ZipFileInflaterInputStream::fill@32 (line 449)
                      ; - java.util.zip.InflaterInputStream::read@78 (line 208)
                      ; - jdk.internal.loader.Resource::getBytes@90 (line 106)
                      ; - jdk.internal.loader.BuiltinClassLoader::defineClass@84 (line 773)
                      ; - jdk.internal.loader.BuiltinClassLoader::findClassOnClassPathOrNull@30 (line 691)
  0x0000028a3a3a8e4c: 908f 4aff 

  0x0000028a3a3a8e50: ;   {post_call_nop}
  0x0000028a3a3a8e50: 0f1f 8400 | 0000 0000 | baf6 ffff | ff48 8b6c | 2440 4c8b | 5424 484c | 8954 2420 | 448b 5c24 
  0x0000028a3a3a8e70: 7044 895c | 2428 4c8b | 5424 504c | 8954 2438 | 448b 5424 | 3444 8954 | 242c 448b | 5424 5844 
  0x0000028a3a3a8e90: 8954 2430 | 448b 5424 | 5c44 8954 | 2458 448b | 5c24 7444 | 895c 245c | 448b 5424 | 7844 8954 
  0x0000028a3a3a8eb0: 2474 6690 

  0x0000028a3a3a8eb4: ;   {runtime_call UncommonTrapBlob}
  0x0000028a3a3a8eb4: c5f8 77e8 

  0x0000028a3a3a8eb8: ; ImmutableOopMap {rbp=Oop [32]=Oop [40]=NarrowOop [56]=Oop [96]=Oop [104]=Oop [116]=NarrowOop [120]=NarrowOop }
                      ;*arraylength {reexecute=0 rethrow=0 return_oop=0}
                      ; - java.util.WeakHashMap::remove@20 (line 605)
                      ; - java.util.Collections$SetFromMap::remove@5 (line 6044)
                      ; - java.util.zip.ZipFile$ZipFileInputStream::close@42 (line 998)
                      ; - java.util.zip.ZipFile$ZipFileInputStream::read@130 (line 943)
                      ; - java.util.zip.ZipFile$ZipFileInflaterInputStream::fill@32 (line 449)
                      ; - java.util.zip.InflaterInputStream::read@78 (line 208)
                      ; - jdk.internal.loader.Resource::getBytes@90 (line 106)
                      ; - jdk.internal.loader.BuiltinClassLoader::defineClass@84 (line 773)
                      ; - jdk.internal.loader.BuiltinClassLoader::findClassOnClassPathOrNull@30 (line 691)
  0x0000028a3a3a8eb8: 248f 4aff 

  0x0000028a3a3a8ebc: ;   {post_call_nop}
  0x0000028a3a3a8ebc: 0f1f 8400 | 0000 0000 | ba45 ffff | ff4c 8b44 | 2428 4c89 | 4424 2044 | 8b44 2440 | 4489 4424 
  0x0000028a3a3a8edc: 284c 8b44 | 2450 4c89 | 4424 4048 | ff74 2458 | 488f 4424 | 484c 8954 | 2458 6690 

  0x0000028a3a3a8ef8: ;   {runtime_call UncommonTrapBlob}
  0x0000028a3a3a8ef8: c5f8 77e8 

  0x0000028a3a3a8efc: ; ImmutableOopMap {rbp=Oop [32]=Oop [40]=NarrowOop [56]=Oop [64]=Oop [72]=Oop [88]=Oop [128]=Oop }
                      ;*ifnull {reexecute=1 rethrow=0 return_oop=0}
                      ; - (reexecute) java.util.jar.JarFile::getManifestFromReference@148 (line 421)
                      ; - java.util.jar.JarFile::getManifest@1 (line 393)
                      ; - jdk.internal.loader.URLClassPath$JarLoader$1::getManifest@22 (line 721)
                      ; - jdk.internal.loader.BuiltinClassLoader::defineClass@29 (line 762)
                      ; - jdk.internal.loader.BuiltinClassLoader::findClassOnClassPathOrNull@30 (line 691)
  0x0000028a3a3a8efc: e08e 4aff 

  0x0000028a3a3a8f00: ;   {post_call_nop}
  0x0000028a3a3a8f00: 0f1f 8400 | 0000 0000 | ba95 ffff | ff4c 8b54 | 2440 4c89 | 5424 204c | 8b54 2448 | 4c89 5424 
  0x0000028a3a3a8f20: 2844 8b54 | 2470 4489 | 5424 304c | 8b54 2450 | 4c89 5424 | 3844 8b5c | 2458 4489 | 5c24 5444 
  0x0000028a3a3a8f40: 8b54 245c | 4489 5424 | 5844 8b5c | 2474 4489 | 5c24 5c44 | 8b54 2478 | 4489 5424 | 7448 8984 
  0x0000028a3a3a8f60: 24b0 0000 | 0066 6690 

  0x0000028a3a3a8f68: ;   {runtime_call UncommonTrapBlob}
  0x0000028a3a3a8f68: c5f8 77e8 

  0x0000028a3a3a8f6c: ; ImmutableOopMap {rbp=NarrowOop [32]=Oop [40]=Oop [48]=NarrowOop [56]=Oop [96]=Oop [104]=Oop [116]=NarrowOop [136]=Oop [144]=Oop [176]=Oop }
                      ;*astore_3 {reexecute=0 rethrow=0 return_oop=0}
                      ; - java.lang.ref.ReferenceQueue::poll@31 (line 166)
                      ; - java.util.WeakHashMap::expungeStaleEntries@4 (line 330)
                      ; - java.util.WeakHashMap::getTable@1 (line 362)
                      ; - java.util.WeakHashMap::remove@12 (line 604)
                      ; - java.util.Collections$SetFromMap::remove@5 (line 6044)
                      ; - java.util.zip.ZipFile$ZipFileInputStream::close@42 (line 998)
                      ; - java.util.zip.ZipFile$ZipFileInputStream::read@130 (line 943)
                      ; - java.util.zip.ZipFile$ZipFileInflaterInputStream::fill@32 (line 449)
                      ; - java.util.zip.InflaterInputStream::read@78 (line 208)
                      ; - jdk.internal.loader.Resource::getBytes@90 (line 106)
                      ; - jdk.internal.loader.BuiltinClassLoader::defineClass@84 (line 773)
                      ; - jdk.internal.loader.BuiltinClassLoader::findClassOnClassPathOrNull@30 (line 691)
  0x0000028a3a3a8f6c: 708e 4aff 

  0x0000028a3a3a8f70: ;   {post_call_nop}
  0x0000028a3a3a8f70: 0f1f 8400 | 0000 0000 | ba95 ffff | ff48 8b6c | 2440 4c8b | 5424 484c | 8954 2420 | 4c8b 5424 
  0x0000028a3a3a8f90: 5844 8b5c | 2470 4489 | 5c24 304c | 8954 2438 | 4c8b 9424 | 8000 0000 | 4c89 5424 | 404c 8b94 
  0x0000028a3a3a8fb0: 2488 0000 | 004c 8954 | 2448 448b | 5424 6044 | 8954 2434 | 448b 5c24 | 7844 895c | 2454 448b 
  0x0000028a3a3a8fd0: 5c24 7c44 | 895c 2468 | 448b 9424 | a000 0000 | 4889 8424 | 8000 0000 | 458b da44 | 899c 2488 
  0x0000028a3a3a8ff0: 0000 0090 

  0x0000028a3a3a8ff4: ;   {runtime_call UncommonTrapBlob}
  0x0000028a3a3a8ff4: c5f8 77e8 

  0x0000028a3a3a8ff8: ; ImmutableOopMap {rbp=Oop [32]=Oop [48]=NarrowOop [56]=Oop [64]=Oop [72]=Oop [128]=Oop [136]=NarrowOop [160]=NarrowOop }
                      ;*astore {reexecute=0 rethrow=0 return_oop=0}
                      ; - java.util.zip.ZipFile$ZipFileInputStream::read@112 (line 941)
                      ; - java.util.zip.ZipFile$ZipFileInflaterInputStream::fill@32 (line 449)
                      ; - java.util.zip.InflaterInputStream::read@78 (line 208)
                      ; - jdk.internal.loader.Resource::getBytes@90 (line 106)
                      ; - jdk.internal.loader.URLClassPath$JarLoader$1::getBytes@1 (line 730)
                      ; - jdk.internal.loader.BuiltinClassLoader::defineClass@84 (line 773)
                      ; - jdk.internal.loader.BuiltinClassLoader::findClassOnClassPathOrNull@30 (line 691)
  0x0000028a3a3a8ff8: e48d 4aff 

  0x0000028a3a3a8ffc: ;   {post_call_nop}
  0x0000028a3a3a8ffc: 0f1f 8400 | 0000 0000 | eb0a 488b | e8eb 0848 | 8be8 eb03 | 488b e8ba | 95ff ffff | 4c8b 5424 
  0x0000028a3a3a901c: 404c 8954 | 2420 4c8b | 5424 484c | 8954 2428 

  0x0000028a3a3a902c: ;   {runtime_call UncommonTrapBlob}
  0x0000028a3a3a902c: c5f8 77e8 

  0x0000028a3a3a9030: ; ImmutableOopMap {rbp=Oop [32]=Oop [40]=Oop [80]=Oop [88]=Oop [112]=NarrowOop }
                      ;*astore {reexecute=0 rethrow=0 return_oop=0}
                      ; - jdk.internal.loader.Resource::getBytes@154 (line 120)
                      ; - jdk.internal.loader.URLClassPath$JarLoader$1::getBytes@1 (line 730)
                      ; - jdk.internal.loader.BuiltinClassLoader::defineClass@84 (line 773)
                      ; - jdk.internal.loader.BuiltinClassLoader::findClassOnClassPathOrNull@30 (line 691)
  0x0000028a3a3a9030: ac8d 4aff 

  0x0000028a3a3a9034: ;   {post_call_nop}
  0x0000028a3a3a9034: 0f1f 8400 | 0000 0000 | baad ffff | ff48 8b6c | 2440 4c8b | 5424 484c | 8954 2420 | 4c8b 5424 
  0x0000028a3a3a9054: 584c 8954 | 2438 4889 | 4424 5890 

  0x0000028a3a3a9060: ;   {runtime_call UncommonTrapBlob}
  0x0000028a3a3a9060: c5f8 77e8 

  0x0000028a3a3a9064: ; ImmutableOopMap {rbp=Oop [32]=Oop [56]=Oop [88]=Oop [104]=Oop [112]=NarrowOop [128]=Oop }
                      ;*astore {reexecute=0 rethrow=0 return_oop=0}
                      ; - java.util.zip.InflaterInputStream::read@100 (line 212)
                      ; - jdk.internal.loader.Resource::getBytes@90 (line 106)
                      ; - jdk.internal.loader.URLClassPath$JarLoader$1::getBytes@1 (line 730)
                      ; - jdk.internal.loader.BuiltinClassLoader::defineClass@84 (line 773)
                      ; - jdk.internal.loader.BuiltinClassLoader::findClassOnClassPathOrNull@30 (line 691)
  0x0000028a3a3a9064: 788d 4aff 

  0x0000028a3a3a9068: ;   {post_call_nop}
  0x0000028a3a3a9068: 0f1f 8400 | 0000 0000 | baf6 ffff | ff48 8b6c | 2440 4c8b | 5424 484c | 8954 2420 | 4c8b 5424 
  0x0000028a3a3a9088: 584c 8954 | 2438 4c8b | 9424 8000 | 0000 4c89 | 5424 4044 | 8b5c 2460 | 4489 5c24 | 3444 8b54 
  0x0000028a3a3a90a8: 2478 4489 | 5424 504c | 8b54 2468 | 4c89 5424 | 5866 6690 

  0x0000028a3a3a90bc: ;   {runtime_call UncommonTrapBlob}
  0x0000028a3a3a90bc: c5f8 77e8 

  0x0000028a3a3a90c0: ; ImmutableOopMap {rbp=Oop [32]=Oop [56]=Oop [64]=Oop [88]=Oop [112]=NarrowOop }
                      ;*invokevirtual finished {reexecute=0 rethrow=0 return_oop=0}
                      ; - java.util.zip.InflaterInputStream::read@34 (line 198)
                      ; - jdk.internal.loader.Resource::getBytes@90 (line 106)
                      ; - jdk.internal.loader.URLClassPath$JarLoader$1::getBytes@1 (line 730)
                      ; - jdk.internal.loader.BuiltinClassLoader::defineClass@84 (line 773)
                      ; - jdk.internal.loader.BuiltinClassLoader::findClassOnClassPathOrNull@30 (line 691)
  0x0000028a3a3a90c0: 1c8d 4aff 

  0x0000028a3a3a90c4: ;   {post_call_nop}
  0x0000028a3a3a90c4: 0f1f 8400 | 0000 0000 | ba8f ffff | ff48 8b6c | 2428 4c8b | 5424 304c | 8954 2428 | 448b 5c24 
  0x0000028a3a3a90e4: 4044 895c | 2430 4c8b | 5424 584c | 8954 2440 

  0x0000028a3a3a90f4: ;   {runtime_call UncommonTrapBlob}
  0x0000028a3a3a90f4: c5f8 77e8 

  0x0000028a3a3a90f8: ; ImmutableOopMap {rbp=Oop [32]=Oop [40]=Oop [48]=NarrowOop [64]=Oop [80]=NarrowOop [88]=Oop }
                      ;*invokevirtual clone {reexecute=1 rethrow=0 return_oop=0}
                      ; - (reexecute) java.util.Arrays::copyOfRange@11 (line 3843)
                      ; - java.lang.StringLatin1::newString@16 (line 760)
                      ; - java.lang.String::substring@41 (line 2904)
                      ; - jdk.internal.loader.BuiltinClassLoader::defineClass@23 (line 761)
                      ; - jdk.internal.loader.BuiltinClassLoader::findClassOnClassPathOrNull@30 (line 691)
  0x0000028a3a3a90f8: e48c 4aff 

  0x0000028a3a3a90fc: ;   {post_call_nop}
  0x0000028a3a3a90fc: 0f1f 8400 | 0000 0000 | ba95 ffff | ff4c 8b5c | 2448 4c89 | 5c24 2044 | 8b5c 2470 | 4489 5c24 
  0x0000028a3a3a911c: 284c 8b5c | 2450 4c89 | 5c24 3844 | 8b5c 2434 | 4489 5c24 | 2c44 8b44 | 2458 4489 | 4424 3444 
  0x0000028a3a3a913c: 8b44 245c | 4489 4424 | 5844 8b5c | 2474 4489 | 5c24 5c44 | 8b44 2478 | 4889 8424 | 8800 0000 
  0x0000028a3a3a915c: 4489 4424 | 7466 6690 

  0x0000028a3a3a9164: ;   {runtime_call UncommonTrapBlob}
  0x0000028a3a3a9164: c5f8 77e8 

  0x0000028a3a3a9168: ; ImmutableOopMap {rbp=Oop [32]=Oop [40]=NarrowOop [56]=Oop [96]=Oop [104]=Oop [116]=NarrowOop [120]=NarrowOop [136]=Oop }
                      ;*astore_2 {reexecute=0 rethrow=0 return_oop=0}
                      ; - java.util.zip.ZipFile$ZipFileInputStream::close@53 (line 999)
                      ; - java.util.zip.ZipFile$ZipFileInputStream::read@130 (line 943)
                      ; - java.util.zip.ZipFile$ZipFileInflaterInputStream::fill@32 (line 449)
                      ; - java.util.zip.InflaterInputStream::read@78 (line 208)
                      ; - jdk.internal.loader.Resource::getBytes@90 (line 106)
                      ; - jdk.internal.loader.BuiltinClassLoader::defineClass@84 (line 773)
                      ; - jdk.internal.loader.BuiltinClassLoader::findClassOnClassPathOrNull@30 (line 691)
  0x0000028a3a3a9168: 748c 4aff 

  0x0000028a3a3a916c: ;   {post_call_nop}
  0x0000028a3a3a916c: 0f1f 8400 | 0000 0000 | ba95 ffff | ff48 8b6c | 2440 4c8b | 5c24 484c | 895c 2420 | 448b 5c24 
  0x0000028a3a3a918c: 7044 895c | 2428 4c8b | 5c24 504c | 895c 2438 | 448b 5c24 | 3444 895c | 242c 448b | 4424 5844 
  0x0000028a3a3a91ac: 8944 2434 | 448b 4424 | 5c44 8944 | 2458 448b | 5c24 7c48 | 8984 2480 | 0000 0044 | 895c 2478 
  0x0000028a3a3a91cc: ;   {runtime_call UncommonTrapBlob}
  0x0000028a3a3a91cc: c5f8 77e8 

  0x0000028a3a3a91d0: ; ImmutableOopMap {rbp=Oop [32]=Oop [40]=NarrowOop [56]=Oop [96]=Oop [104]=Oop [120]=NarrowOop [124]=NarrowOop [128]=Oop }
                      ;*astore {reexecute=0 rethrow=0 return_oop=0}
                      ; - java.util.zip.ZipFile$ZipFileInputStream::read@112 (line 941)
                      ; - java.util.zip.ZipFile$ZipFileInflaterInputStream::fill@32 (line 449)
                      ; - java.util.zip.InflaterInputStream::read@78 (line 208)
                      ; - jdk.internal.loader.Resource::getBytes@90 (line 106)
                      ; - jdk.internal.loader.BuiltinClassLoader::defineClass@84 (line 773)
                      ; - jdk.internal.loader.BuiltinClassLoader::findClassOnClassPathOrNull@30 (line 691)
  0x0000028a3a3a91d0: 0c8c 4aff 

  0x0000028a3a3a91d4: ;   {post_call_nop}
  0x0000028a3a3a91d4: 0f1f 8400 | 0000 0000 | eb09 eb07 | 488b e8eb | 05eb 0048 | 8be8 ba95 | ffff ff44 | 8b54 2440 
  0x0000028a3a3a91f4: 4489 5424 | 3066 6690 

  0x0000028a3a3a91fc: ;   {runtime_call UncommonTrapBlob}
  0x0000028a3a3a91fc: c5f8 77e8 

  0x0000028a3a3a9200: ; ImmutableOopMap {rbp=Oop [32]=Oop [40]=Oop [48]=NarrowOop [72]=Oop [80]=Oop [128]=Oop }
                      ;*astore {reexecute=0 rethrow=0 return_oop=0}
                      ; - java.util.jar.JarFile::getManifestFromReference@158 (line 419)
                      ; - java.util.jar.JarFile::getManifest@1 (line 393)
                      ; - jdk.internal.loader.URLClassPath$JarLoader$1::getManifest@22 (line 721)
                      ; - jdk.internal.loader.BuiltinClassLoader::defineClass@29 (line 762)
                      ; - jdk.internal.loader.BuiltinClassLoader::findClassOnClassPathOrNull@30 (line 691)
  0x0000028a3a3a9200: dc8b 4aff 

  0x0000028a3a3a9204: ;   {post_call_nop}
  0x0000028a3a3a9204: 0f1f 8400 | 0000 0000 | ba8f ffff | ff48 8b6c | 2440 4c8b | 5424 484c | 8954 2420 | 4c8b 5424 
  0x0000028a3a3a9224: 584c 8954 | 2428 4c8b | 5424 504c | 8954 2440 

  0x0000028a3a3a9234: ;   {runtime_call UncommonTrapBlob}
  0x0000028a3a3a9234: c5f8 77e8 

  0x0000028a3a3a9238: ; ImmutableOopMap {rbp=Oop [32]=Oop [40]=Oop [64]=Oop [96]=Oop [112]=NarrowOop }
                      ;*invokevirtual clone {reexecute=1 rethrow=0 return_oop=0}
                      ; - (reexecute) java.util.Arrays::copyOf@7 (line 3535)
                      ; - jdk.internal.loader.Resource::getBytes@70 (line 102)
                      ; - jdk.internal.loader.URLClassPath$JarLoader$1::getBytes@1 (line 730)
                      ; - jdk.internal.loader.BuiltinClassLoader::defineClass@84 (line 773)
                      ; - jdk.internal.loader.BuiltinClassLoader::findClassOnClassPathOrNull@30 (line 691)
  0x0000028a3a3a9238: a48b 4aff 

  0x0000028a3a3a923c: ;   {post_call_nop}
  0x0000028a3a3a923c: 0f1f 8400 | 0000 0000 | baad ffff | ff4c 8b5c | 2448 4c89 | 5c24 204c | 8b5c 2450 | 4c89 5c24 
  0x0000028a3a3a925c: 3848 8944 | 2450 6690 

  0x0000028a3a3a9264: ;   {runtime_call UncommonTrapBlob}
  0x0000028a3a3a9264: c5f8 77e8 

  0x0000028a3a3a9268: ; ImmutableOopMap {rbp=Oop [32]=Oop [56]=Oop [80]=Oop [96]=Oop [104]=Oop [112]=NarrowOop }
                      ;*astore {reexecute=0 rethrow=0 return_oop=0}
                      ; - java.util.zip.InflaterInputStream::read@100 (line 212)
                      ; - jdk.internal.loader.Resource::getBytes@90 (line 106)
                      ; - jdk.internal.loader.BuiltinClassLoader::defineClass@84 (line 773)
                      ; - jdk.internal.loader.BuiltinClassLoader::findClassOnClassPathOrNull@30 (line 691)
  0x0000028a3a3a9268: 748b 4aff 

  0x0000028a3a3a926c: ;   {post_call_nop}
  0x0000028a3a3a926c: 0f1f 8400 | 0000 0000 | eb0a 488b | e8eb 0d48 | 8be8 eb08 | 488b e8eb | 0348 8be8 | ba95 ffff 
  0x0000028a3a3a928c: ff4c 8b54 | 2440 4c89 | 5424 2090 

  0x0000028a3a3a9298: ;   {runtime_call UncommonTrapBlob}
  0x0000028a3a3a9298: c5f8 77e8 

  0x0000028a3a3a929c: ; ImmutableOopMap {rbp=Oop [32]=Oop [56]=Oop [72]=Oop [80]=Oop [112]=NarrowOop }
                      ;*astore {reexecute=0 rethrow=0 return_oop=0}
                      ; - jdk.internal.loader.Resource::getBytes@154 (line 120)
                      ; - jdk.internal.loader.BuiltinClassLoader::defineClass@84 (line 773)
                      ; - jdk.internal.loader.BuiltinClassLoader::findClassOnClassPathOrNull@30 (line 691)
  0x0000028a3a3a929c: 408b 4aff 

  0x0000028a3a3a92a0: ;   {post_call_nop}
  0x0000028a3a3a92a0: 0f1f 8400 | 0000 0000 | baf6 ffff | ff4c 8b54 | 2448 4c89 | 5424 204c | 8b54 2450 | 4c89 5424 
  0x0000028a3a3a92c0: 3844 8b5c | 2434 4489 | 5c24 2c44 | 8b54 2458 | 4489 5424 | 3466 6690 

  0x0000028a3a3a92d8: ;   {runtime_call UncommonTrapBlob}
  0x0000028a3a3a92d8: c5f8 77e8 

  0x0000028a3a3a92dc: ; ImmutableOopMap {rbp=Oop [32]=Oop [56]=Oop [96]=Oop [104]=Oop [112]=NarrowOop }
                      ;*invokevirtual finished {reexecute=0 rethrow=0 return_oop=0}
                      ; - java.util.zip.InflaterInputStream::read@34 (line 198)
                      ; - jdk.internal.loader.Resource::getBytes@90 (line 106)
                      ; - jdk.internal.loader.BuiltinClassLoader::defineClass@84 (line 773)
                      ; - jdk.internal.loader.BuiltinClassLoader::findClassOnClassPathOrNull@30 (line 691)
  0x0000028a3a3a92dc: 008b 4aff 

  0x0000028a3a3a92e0: ;   {post_call_nop}
  0x0000028a3a3a92e0: 0f1f 8400 | 0000 0000 | ba8f ffff | ff48 8b6c | 2440 4c8b | 5424 484c | 8954 2420 

  0x0000028a3a3a92fc: ;   {runtime_call UncommonTrapBlob}
  0x0000028a3a3a92fc: c5f8 77e8 

  0x0000028a3a3a9300: ; ImmutableOopMap {rbp=Oop [32]=Oop [56]=Oop [80]=Oop [96]=Oop [112]=NarrowOop }
                      ;*invokevirtual clone {reexecute=1 rethrow=0 return_oop=0}
                      ; - (reexecute) java.util.Arrays::copyOf@7 (line 3535)
                      ; - jdk.internal.loader.Resource::getBytes@70 (line 102)
                      ; - jdk.internal.loader.BuiltinClassLoader::defineClass@84 (line 773)
                      ; - jdk.internal.loader.BuiltinClassLoader::findClassOnClassPathOrNull@30 (line 691)
  0x0000028a3a3a9300: dc8a 4aff 

  0x0000028a3a3a9304: ;   {post_call_nop}
  0x0000028a3a3a9304: 0f1f 8400 | 0000 0000 | 4c8b d0eb | 154c 8bd0 | eb60 4c8b | d0e9 0902 | 0000 4c8b | d0eb 034c 
  0x0000028a3a3a9324: 8bd0 498b | fa45 8b5a | 0841 ba00 | 0000 8d4d | 03d3 e9b5 | 0100 0048 | 8bf8 8b58 | 08e9 ad02 
  0x0000028a3a3a9344: 0000 4c8b | d0eb 034c | 8bd0 498b | fa41 8b5a | 08e9 9902 | 0000 eb00 | 488b d0e9 | ae02 0000 
  0x0000028a3a3a9364: eb00 488b | d0e9 a402 | 0000 4c8b | d0eb 034c | 8bd0 498b | fa45 8b52 | 0841 bb00 | 0000 8d4d 
  0x0000028a3a3a9384: 03da e919 | 0200 0048 | 8bf8 448b | 5808 41ba | 0000 008d | 4d03 d34d | 8b52 504c | 3bd5 0f85 
  0x0000028a3a3a93a4: 4802 0000 | 4c8b c045 | 33c9 e9a8 | 0100 0048 | 8bf8 8b58 | 0841 ba00 | 0000 8d4c | 03d3 4d8b 
  0x0000028a3a3a93c4: ;   {metadata('java/io/IOException')}
  0x0000028a3a3a93c4: 5248 49bb | 60f7 1d8d | 0000 0000 | 4d3b d30f | 851a 0200 | 0048 8be8 | ba95 ffff | ff66 6690 
  0x0000028a3a3a93e4: ;   {runtime_call UncommonTrapBlob}
  0x0000028a3a3a93e4: c5f8 77e8 

  0x0000028a3a3a93e8: ; ImmutableOopMap {rbp=Oop [64]=Oop [72]=Oop [80]=Oop [112]=NarrowOop }
                      ;*astore_1 {reexecute=0 rethrow=0 return_oop=0}
                      ; - java.util.jar.JarFile$JarFileEntry::getCodeSigners@10 (line 649)
                      ; - jdk.internal.loader.URLClassPath$JarLoader$1::getCodeSigners@4 (line 726)
                      ; - jdk.internal.loader.BuiltinClassLoader::defineClass@90 (line 774)
                      ; - jdk.internal.loader.BuiltinClassLoader::findClassOnClassPathOrNull@30 (line 691)
  0x0000028a3a3a93e8: f489 4aff 

  0x0000028a3a3a93ec: ;   {post_call_nop}
  0x0000028a3a3a93ec: 0f1f 8400 | 0000 0000 | 488b f88b | 5808 41ba | 0000 008d | 4c03 d34d 

  0x0000028a3a3a9404: ;   {metadata('java/io/IOException')}
  0x0000028a3a3a9404: 8b52 4849 | bb60 f71d | 8d00 0000 | 004d 3bd3 | 0f84 7202 | 0000 4c8b | dd48 8d84 | 2410 0100 
  0x0000028a3a3a9424: 0041 8b87 | d806 0000 | 4d8b 134d | 3b5c 07f8 | 0f85 2e00 | 0000 4183 | afd8 0600 | 0008 4d3b 
  0x0000028a3a3a9444: 5c07 f00f | 845f 0000 | 0049 8bc2 | 4883 e0fc | 4983 ca01 | f04d 0fb1 | 130f 85fa | 0b00 00e9 
  0x0000028a3a3a9464: 4400 0000 | 4983 ba86 | 0000 0000 | 7533 49c7 | 423e 0000 | 0000 f083 | 4424 c000 | 4983 ba8e 
  0x0000028a3a3a9484: 0000 0000 | 7422 4983 | ba9e 0000 | 0000 7518 | 4983 e2fd | 4d89 97e8 | 0500 0041 | 83ca 01eb 
  0x0000028a3a3a94a4: 0a49 ff8a | 8600 0000 | 4533 d20f | 843e 0100 | 0049 8bcb | 488d 9424 | 1001 0000 | 4d8b c7c5 
  0x0000028a3a3a94c4: ;   {runtime_call}
  0x0000028a3a3a94c4: f877 49ba | 70f4 49e5 | fe7f 0000 

  0x0000028a3a3a94d0: ;   {post_call_nop}
  0x0000028a3a3a94d0: 41ff d20f | 1f84 0000 | 0000 00e9 | 1301 0000 | 488b f844 | 8b58 0841 | ba00 0000 | 8d4d 03d3 
  0x0000028a3a3a94f0: 4d8b 5248 

  0x0000028a3a3a94f4: ;   {metadata('java/io/IOException')}
  0x0000028a3a3a94f4: 49bb 60f7 | 1d8d 0000 | 0000 4d3b | d30f 8461 | 0100 008b | 5f08 e9e4 | 0000 0048 | 8bf8 8b58 
  0x0000028a3a3a9514: 08e9 d900 | 0000 4c8b | d0eb 084c | 8bd0 eb03 | 4c8b d049 | 8bfa 418b | 5a08 e9c0 | 0000 0048 
  0x0000028a3a3a9534: 8bf8 448b | 5008 41bb | 0000 008d | 4d03 da4d | 8b53 504c | 3bd5 0f85 | a000 0000 | 4c8b c04c 
  0x0000028a3a3a9554: 8b54 2420 | 4d8b caba | 95ff ffff | 488b 6c24 | 404c 8b54 | 2448 4c89 | 5424 204c | 8b54 2430 
  0x0000028a3a3a9574: 4c89 5424 | 284c 894c | 2448 4c89 | 4424 5090 

  0x0000028a3a3a9584: ;   {runtime_call UncommonTrapBlob}
  0x0000028a3a3a9584: c5f8 77e8 

  0x0000028a3a3a9588: ; ImmutableOopMap {rbp=Oop [32]=Oop [40]=Oop [72]=Oop [80]=Oop [112]=NarrowOop [128]=Oop }
                      ;*astore {reexecute=0 rethrow=0 return_oop=0}
                      ; - jdk.internal.loader.BuiltinClassLoader::defineOrCheckPackage@47 (line 799)
                      ; - jdk.internal.loader.ClassLoaders$AppClassLoader::defineOrCheckPackage@4 (line 185)
                      ; - jdk.internal.loader.BuiltinClassLoader::defineClass@40 (line 763)
                      ; - jdk.internal.loader.BuiltinClassLoader::findClassOnClassPathOrNull@30 (line 691)
  0x0000028a3a3a9588: 5488 4aff 

  0x0000028a3a3a958c: ;   {post_call_nop}
  0x0000028a3a3a958c: 0f1f 8400 | 0000 0000 | 488b f844 | 8b50 0841 | bb00 0000 | 8d4d 03da | 4d8b 5348 

  0x0000028a3a3a95a8: ;   {metadata('java/io/IOException')}
  0x0000028a3a3a95a8: 49bb 60f7 | 1d8d 0000 | 0000 4d3b | d30f 8481 | 0000 008b | 5f08 eb33 | 488b f88b | 5808 eb2b 
  0x0000028a3a3a95c8: 488b f88b | 5808 eb23 | 488b f88b | 5808 eb1b | 488b f88b | 5808 eb13 | 488b d0eb | 2d4c 8bd0 
  0x0000028a3a3a95e8: eb03 4c8b | d049 8bfa | 8b5f 0841 | ba00 0000 | 8d4c 03d3 | 4d8b 5248 

  0x0000028a3a3a9600: ;   {metadata('java/io/IOException')}
  0x0000028a3a3a9600: 49bb 60f7 | 1d8d 0000 | 0000 4d3b | d374 1348 | 8bd7 c5f8 | 7748 81c4 | 3001 0000 

  0x0000028a3a3a961c: ;   {runtime_call C2 Runtime rethrow}
  0x0000028a3a3a961c: 5de9 be4b | 4bff 488b | efba 95ff | ffff 6690 

  0x0000028a3a3a962c: ;   {runtime_call UncommonTrapBlob}
  0x0000028a3a3a962c: c5f8 77e8 

  0x0000028a3a3a9630: ; ImmutableOopMap {rbp=Oop }
                      ;*astore {reexecute=0 rethrow=0 return_oop=0}
                      ; - jdk.internal.loader.BuiltinClassLoader::findClassOnClassPathOrNull@34 (line 692)
  0x0000028a3a3a9630: ac87 4aff 

  0x0000028a3a3a9634: ;   {post_call_nop}
  0x0000028a3a3a9634: 0f1f 8400 | 0000 0000 | 488b efba | 95ff ffff | 4c8b 5424 | 404c 8954 | 2420 4c8b | 5424 484c 
  0x0000028a3a3a9654: 8954 2428 

  0x0000028a3a3a9658: ;   {runtime_call UncommonTrapBlob}
  0x0000028a3a3a9658: c5f8 77e8 

  0x0000028a3a3a965c: ; ImmutableOopMap {rbp=Oop [32]=Oop [40]=Oop [80]=Oop [88]=Oop [112]=NarrowOop }
                      ;*astore_3 {reexecute=0 rethrow=0 return_oop=0}
                      ; - jdk.internal.loader.Resource::getBytes@150 (line 122)
                      ; - jdk.internal.loader.URLClassPath$JarLoader$1::getBytes@1 (line 730)
                      ; - jdk.internal.loader.BuiltinClassLoader::defineClass@84 (line 773)
                      ; - jdk.internal.loader.BuiltinClassLoader::findClassOnClassPathOrNull@30 (line 691)
  0x0000028a3a3a965c: 8087 4aff 

  0x0000028a3a3a9660: ;   {post_call_nop}
  0x0000028a3a3a9660: 0f1f 8400 | 0000 0000 | 488b efba | 95ff ffff | 4c8b 5424 | 404c 8954 | 2420 6690 

  0x0000028a3a3a967c: ;   {runtime_call UncommonTrapBlob}
  0x0000028a3a3a967c: c5f8 77e8 

  0x0000028a3a3a9680: ; ImmutableOopMap {rbp=Oop [32]=Oop [56]=Oop [72]=Oop [80]=Oop [112]=NarrowOop }
                      ;*astore_3 {reexecute=0 rethrow=0 return_oop=0}
                      ; - jdk.internal.loader.Resource::getBytes@150 (line 122)
                      ; - jdk.internal.loader.BuiltinClassLoader::defineClass@84 (line 773)
                      ; - jdk.internal.loader.BuiltinClassLoader::findClassOnClassPathOrNull@30 (line 691)
  0x0000028a3a3a9680: 5c87 4aff 

  0x0000028a3a3a9684: ;   {post_call_nop}
  0x0000028a3a3a9684: 0f1f 8400 | 0000 0000 | 488b e8ba | 95ff ffff 

  0x0000028a3a3a9694: ;   {runtime_call UncommonTrapBlob}
  0x0000028a3a3a9694: c5f8 77e8 

  0x0000028a3a3a9698: ; ImmutableOopMap {rbp=Oop [32]=Oop [40]=Oop [68]=NarrowOop [72]=Oop [112]=NarrowOop [128]=Oop }
                      ;*astore_1 {reexecute=0 rethrow=0 return_oop=0}
                      ; - java.util.jar.JarFile::ensureInitialization@7 (line 1043)
                      ; - java.util.jar.JavaUtilJarAccessImpl::ensureInitialization@1 (line 42)
                      ; - jdk.internal.loader.URLClassPath$JarLoader$1::getManifest@10 (line 720)
                      ; - jdk.internal.loader.BuiltinClassLoader::defineClass@29 (line 762)
                      ; - jdk.internal.loader.BuiltinClassLoader::findClassOnClassPathOrNull@30 (line 691)
  0x0000028a3a3a9698: 4487 4aff 

  0x0000028a3a3a969c: ;   {post_call_nop}
  0x0000028a3a3a969c: 0f1f 8400 | 0000 0000 | 458b 0249 | c1e0 0349 | 83f8 000f | 84b9 58ff | ff4d 8b5f | 384d 85db 
  0x0000028a3a3a96bc: 0f84 1400 | 0000 4983 | eb08 4d89 | 5f38 4d03 | 5f40 4d89 | 03e9 9858 | ffff 4883 | ec30 4c89 
  0x0000028a3a3a96dc: 5424 2849 | 8bc8 498b 

  0x0000028a3a3a96e4: ;   {runtime_call}
  0x0000028a3a3a96e4: d748 b800 | 9503 e5fe | 7f00 00ff | d04c 8b54 | 2428 c5f8 | 7748 83c4 | 30e9 6c58 | ffff f083 
  0x0000028a3a3a9704: 4424 c000 | 4180 3b00 | 0f84 9e58 | ffff 41c6 | 0300 4d8b | 4750 4d85 | c00f 8414 | 0000 0049 
  0x0000028a3a3a9724: 83e8 084d | 8947 504d | 0347 584d | 8918 e979 | 58ff ff48 | 83ec 2049 | 8bcb 498b 

  0x0000028a3a3a9740: ;   {runtime_call}
  0x0000028a3a3a9740: d748 b8e0 | 9403 e5fe | 7f00 00ff | d0c5 f877 | 4883 c420 | e957 58ff | ff45 8b03 | 49c1 e003 
  0x0000028a3a3a9760: 4983 f800 | 0f84 385a | ffff 4d8b | 5738 4d85 | d20f 8414 | 0000 0049 | 83ea 084d | 8957 384d 
  0x0000028a3a3a9780: 0357 404d | 8902 e917 | 5aff ff48 | 83ec 404c | 895c 2438 | 4c89 4c24 | 3048 894c | 2428 498b 
  0x0000028a3a3a97a0: c849 8bd7 

  0x0000028a3a3a97a4: ;   {runtime_call}
  0x0000028a3a3a97a4: 48b8 0095 | 03e5 fe7f | 0000 ffd0 | 488b 4c24 | 284c 8b4c | 2430 4c8b | 5c24 38c5 | f877 4883 
  0x0000028a3a3a97c4: c440 e9d7 | 59ff fff0 | 8344 24c0 | 0041 803a | 000f 84ff | 59ff ff41 | c602 004d | 8b47 504d 
  0x0000028a3a3a97e4: 85c0 0f84 | 1400 0000 | 4983 e808 | 4d89 4750 | 4d03 4758 | 4d89 10e9 | da59 ffff | 4883 ec30 
  0x0000028a3a3a9804: 4889 4c24 | 2849 8bca 

  0x0000028a3a3a980c: ;   {runtime_call}
  0x0000028a3a3a980c: 498b d748 | b8e0 9403 | e5fe 7f00 | 00ff d048 | 8b4c 2428 | c5f8 7748 | 83c4 30e9 | ae59 ffff 
  0x0000028a3a3a982c: 458b 1849 | c1e3 0349 | 83fb 000f | 84b0 59ff | ff4d 8b57 | 384d 85d2 | 0f84 1400 | 0000 4983 
  0x0000028a3a3a984c: ea08 4d89 | 5738 4d03 | 5740 4d89 | 1ae9 8f59 | ffff 4883 | ec30 4c89 | 4424 284c | 894c 2420 
  0x0000028a3a3a986c: 498b cb49 

  0x0000028a3a3a9870: ;   {runtime_call}
  0x0000028a3a3a9870: 8bd7 48b8 | 0095 03e5 | fe7f 0000 | ffd0 4c8b | 4c24 204c | 8b44 2428 | c5f8 7748 | 83c4 30e9 
  0x0000028a3a3a9890: 5959 ffff | 458b 1349 | c1e2 0349 | 83fa 000f | 84ff 5bff | ff4d 8b47 | 384d 85c0 | 0f84 1400 
  0x0000028a3a3a98b0: 0000 4983 | e808 4d89 | 4738 4d03 | 4740 4d89 | 10e9 de5b | ffff 4883 | ec40 4c89 | 5c24 384c 
  0x0000028a3a3a98d0: 894c 2430 | 4889 7424 | 2848 8944 | 2420 498b | ca49 8bd7 

  0x0000028a3a3a98e4: ;   {runtime_call}
  0x0000028a3a3a98e4: 48b8 0095 | 03e5 fe7f | 0000 ffd0 | 488b 4424 | 2048 8b74 | 2428 4c8b | 4c24 304c | 8b5c 2438 
  0x0000028a3a3a9904: c5f8 7748 | 83c4 40e9 | 945b ffff | f083 4424 | c000 4180 | 3800 0f84 | c65b ffff | 41c6 0000 
  0x0000028a3a3a9924: 4d8b 5750 | 4d85 d20f | 8414 0000 | 0049 83ea | 084d 8957 | 504d 0357 | 584d 8902 | e9a1 5bff 
  0x0000028a3a3a9944: ff48 83ec | 304c 894c | 2428 4889 | 7424 2049 | 8bc8 498b 

  0x0000028a3a3a9958: ;   {runtime_call}
  0x0000028a3a3a9958: d748 b8e0 | 9403 e5fe | 7f00 00ff | d048 8b74 | 2420 4c8b | 4c24 28c5 | f877 4883 | c430 e96b 
  0x0000028a3a3a9978: 5bff ff45 | 8b10 49c1 | e203 4983 | fa00 0f84 | fc5c ffff | 4d8b 5f38 | 4d85 db0f | 8414 0000 
  0x0000028a3a3a9998: 0049 83eb | 084d 895f | 384d 035f | 404d 8913 | e9db 5cff | ff48 83ec | 304c 8944 | 2428 4889 
  0x0000028a3a3a99b8: 7424 2049 | 8bca 498b 

  0x0000028a3a3a99c0: ;   {runtime_call}
  0x0000028a3a3a99c0: d748 b800 | 9503 e5fe | 7f00 00ff | d048 8b74 | 2420 4c8b | 4424 28c5 | f877 4883 | c430 e9a5 
  0x0000028a3a3a99e0: 5cff fff0 | 8344 24c0 | 0041 803b | 000f 84cd | 5cff ff41 | c603 004d | 8b57 504d | 85d2 0f84 
  0x0000028a3a3a9a00: 1400 0000 | 4983 ea08 | 4d89 5750 | 4d03 5758 | 4d89 1ae9 | a85c ffff | 4883 ec30 | 4889 7424 
  0x0000028a3a3a9a20: 2849 8bcb 

  0x0000028a3a3a9a24: ;   {runtime_call}
  0x0000028a3a3a9a24: 498b d748 | b8e0 9403 | e5fe 7f00 | 00ff d048 | 8b74 2428 | c5f8 7748 | 83c4 30e9 | 7c5c ffff 
  0x0000028a3a3a9a44: 4983 f800 | 0f84 3a5e | ffff 4d8b | 5738 4d85 | d20f 8414 | 0000 0049 | 83ea 084d | 8957 384d 
  0x0000028a3a3a9a64: 0357 404d | 8902 e919 | 5eff ff48 | 83ec 404c | 895c 2438 | 4889 4c24 | 3048 897c | 2428 4889 
  0x0000028a3a3a9a84: 7424 2049 | 8bc8 498b 

  0x0000028a3a3a9a8c: ;   {runtime_call}
  0x0000028a3a3a9a8c: d748 b800 | 9503 e5fe | 7f00 00ff | d048 8b74 | 2420 488b | 7c24 2848 | 8b4c 2430 | 4c8b 5c24 
  0x0000028a3a3a9aac: 38c5 f877 | 4883 c440 | e9cf 5dff | ff45 8b02 | 49c1 e003 | 4983 f800 | 0f84 8577 | ffff 4d8b 
  0x0000028a3a3a9acc: 5f38 4d85 | db0f 8414 | 0000 0049 | 83eb 084d | 895f 384d | 035f 404d | 8903 e964 | 77ff ff48 
  0x0000028a3a3a9aec: 83ec 304c | 8954 2428 | 498b c849 

  0x0000028a3a3a9af8: ;   {runtime_call}
  0x0000028a3a3a9af8: 8bd7 48b8 | 0095 03e5 | fe7f 0000 | ffd0 4c8b | 5424 28c5 | f877 4883 | c430 e938 | 77ff fff0 
  0x0000028a3a3a9b18: 8344 24c0 | 0041 803b | 000f 846a | 77ff ff41 | c603 004d | 8b47 504d | 85c0 0f84 | 1400 0000 
  0x0000028a3a3a9b38: 4983 e808 | 4d89 4750 | 4d03 4758 | 4d89 18e9 | 4577 ffff | 4883 ec20 | 498b cb49 

  0x0000028a3a3a9b54: ;   {runtime_call}
  0x0000028a3a3a9b54: 8bd7 48b8 | e094 03e5 | fe7f 0000 | ffd0 c5f8 | 7748 83c4 | 20e9 2377 | ffff 458b | 0349 c1e0 
  0x0000028a3a3a9b74: 0349 83f8 | 000f 84f1 | 78ff ff4d | 8b57 384d | 85d2 0f84 | 1400 0000 | 4983 ea08 | 4d89 5738 
  0x0000028a3a3a9b94: 4d03 5740 | 4d89 02e9 | d078 ffff | 4883 ec40 | 4c89 5c24 | 384c 894c | 2430 4889 | 4c24 2849 
  0x0000028a3a3a9bb4: 8bc8 498b 

  0x0000028a3a3a9bb8: ;   {runtime_call}
  0x0000028a3a3a9bb8: d748 b800 | 9503 e5fe | 7f00 00ff | d048 8b4c | 2428 4c8b | 4c24 304c | 8b5c 2438 | c5f8 7748 
  0x0000028a3a3a9bd8: 83c4 40e9 | 9078 ffff | f083 4424 | c000 4180 | 3a00 0f84 | b878 ffff | 41c6 0200 | 4d8b 4750 
  0x0000028a3a3a9bf8: 4d85 c00f | 8414 0000 | 0049 83e8 | 084d 8947 | 504d 0347 | 584d 8910 | e993 78ff | ff48 83ec 
  0x0000028a3a3a9c18: 3048 894c | 2428 498b | ca49 8bd7 

  0x0000028a3a3a9c24: ;   {runtime_call}
  0x0000028a3a3a9c24: 48b8 e094 | 03e5 fe7f | 0000 ffd0 | 488b 4c24 | 28c5 f877 | 4883 c430 | e967 78ff | ff45 8b18 
  0x0000028a3a3a9c44: 49c1 e303 | 4983 fb00 | 0f84 6978 | ffff 4d8b | 5738 4d85 | d20f 8414 | 0000 0049 | 83ea 084d 
  0x0000028a3a3a9c64: 8957 384d | 0357 404d | 891a e948 | 78ff ff48 | 83ec 304c | 8944 2428 | 4c89 4c24 | 2049 8bcb 
  0x0000028a3a3a9c84: ;   {runtime_call}
  0x0000028a3a3a9c84: 498b d748 | b800 9503 | e5fe 7f00 | 00ff d04c | 8b4c 2420 | 4c8b 4424 | 28c5 f877 | 4883 c430 
  0x0000028a3a3a9ca4: e912 78ff | ff44 8b01 | 49c1 e003 | 4983 f800 | 0f84 5a83 | ffff 4d8b | 4f38 4d85 | c90f 8414 
  0x0000028a3a3a9cc4: 0000 0049 | 83e9 084d | 894f 384d | 034f 404d | 8901 e939 | 83ff ff48 | 83ec 404c | 8954 2438 
  0x0000028a3a3a9ce4: 4c89 5c24 | 3048 894c | 2428 4889 | 4424 2049 | 8bc8 498b 

  0x0000028a3a3a9cf8: ;   {runtime_call}
  0x0000028a3a3a9cf8: d748 b800 | 9503 e5fe | 7f00 00ff | d048 8b44 | 2420 488b | 4c24 284c | 8b5c 2430 | 4c8b 5424 
  0x0000028a3a3a9d18: 38c5 f877 | 4883 c440 | e9ef 82ff | fff0 8344 | 24c0 0041 | 8039 000f | 8421 83ff | ff41 c601 
  0x0000028a3a3a9d38: 004d 8b47 | 504d 85c0 | 0f84 1400 | 0000 4983 | e808 4d89 | 4750 4d03 | 4758 4d89 | 08e9 fc82 
  0x0000028a3a3a9d58: ffff 4883 | ec30 4c89 | 5c24 2848 | 8944 2420 | 498b c949 

  0x0000028a3a3a9d6c: ;   {runtime_call}
  0x0000028a3a3a9d6c: 8bd7 48b8 | e094 03e5 | fe7f 0000 | ffd0 488b | 4424 204c | 8b5c 2428 | c5f8 7748 | 83c4 30e9 
  0x0000028a3a3a9d8c: c682 ffff | 458b 0149 | c1e0 0349 | 83f8 000f | 84c9 82ff | ff4d 8b57 | 384d 85d2 | 0f84 1400 
  0x0000028a3a3a9dac: 0000 4983 | ea08 4d89 | 5738 4d03 | 5740 4d89 | 02e9 a882 | ffff 4883 | ec40 4c89 | 5c24 384c 
  0x0000028a3a3a9dcc: 894c 2430 | 4889 4424 | 2849 8bc8 

  0x0000028a3a3a9dd8: ;   {runtime_call}
  0x0000028a3a3a9dd8: 498b d748 | b800 9503 | e5fe 7f00 | 00ff d048 | 8b44 2428 | 4c8b 4c24 | 304c 8b5c | 2438 c5f8 
  0x0000028a3a3a9df8: 7748 83c4 | 40e9 6882 | ffff f083 | 4424 c000 | 4180 3a00 | 0f84 9082 | ffff 41c6 | 0200 4d8b 
  0x0000028a3a3a9e18: 4750 4d85 | c00f 8414 | 0000 0049 | 83e8 084d | 8947 504d | 0347 584d | 8910 e96b | 82ff ff48 
  0x0000028a3a3a9e38: 83ec 304c | 895c 2428 | 4889 4424 | 2049 8bca 

  0x0000028a3a3a9e48: ;   {runtime_call}
  0x0000028a3a3a9e48: 498b d748 | b8e0 9403 | e5fe 7f00 | 00ff d048 | 8b44 2420 | 4c8b 5c24 | 28c5 f877 | 4883 c430 
  0x0000028a3a3a9e68: e935 82ff | ff45 8b03 | 49c1 e003 | 4983 f800 | 0f84 8682 | ffff 4d8b | 5738 4d85 | d20f 8414 
  0x0000028a3a3a9e88: 0000 0049 | 83ea 084d | 8957 384d | 0357 404d | 8902 e965 | 82ff ff48 | 83ec 404c | 895c 2438 
  0x0000028a3a3a9ea8: 4c89 4c24 | 3048 8944 | 2428 498b | c849 8bd7 

  0x0000028a3a3a9eb8: ;   {runtime_call}
  0x0000028a3a3a9eb8: 48b8 0095 | 03e5 fe7f | 0000 ffd0 | 488b 4424 | 284c 8b4c | 2430 4c8b | 5c24 38c5 | f877 4883 
  0x0000028a3a3a9ed8: c440 e925 | 82ff fff0 | 8344 24c0 | 0041 803a | 000f 844d | 82ff ff41 | c602 004d | 8b47 504d 
  0x0000028a3a3a9ef8: 85c0 0f84 | 1400 0000 | 4983 e808 | 4d89 4750 | 4d03 4758 | 4d89 10e9 | 2882 ffff | 4883 ec30 
  0x0000028a3a3a9f18: 4c89 4c24 | 2849 8bca 

  0x0000028a3a3a9f20: ;   {runtime_call}
  0x0000028a3a3a9f20: 498b d748 | b8e0 9403 | e5fe 7f00 | 00ff d04c | 8b4c 2428 | c5f8 7748 | 83c4 30e9 | fc81 ffff 
  0x0000028a3a3a9f40: 458b 0a49 | c1e1 0349 | 83f9 000f | 8422 82ff | ff4d 8b47 | 384d 85c0 | 0f84 1400 | 0000 4983 
  0x0000028a3a3a9f60: e808 4d89 | 4738 4d03 | 4740 4d89 | 08e9 0182 | ffff 4883 | ec30 4c89 | 5424 2849 | 8bc9 498b 
  0x0000028a3a3a9f80: ;   {runtime_call}
  0x0000028a3a3a9f80: d748 b800 | 9503 e5fe | 7f00 00ff | d04c 8b54 | 2428 c5f8 | 7748 83c4 | 30e9 d581 | ffff 458b 
  0x0000028a3a3a9fa0: 1049 c1e2 | 0349 83fa | 000f 847f | 82ff ff4d | 8b5f 384d | 85db 0f84 | 1400 0000 | 4983 eb08 
  0x0000028a3a3a9fc0: 4d89 5f38 | 4d03 5f40 | 4d89 13e9 | 5e82 ffff | 4883 ec30 | 4c89 4424 | 2848 8944 | 2420 498b 
  0x0000028a3a3a9fe0: ca49 8bd7 

  0x0000028a3a3a9fe4: ;   {runtime_call}
  0x0000028a3a3a9fe4: 48b8 0095 | 03e5 fe7f | 0000 ffd0 | 488b 4424 | 204c 8b44 | 2428 c5f8 | 7748 83c4 | 30e9 2882 
  0x0000028a3a3aa004: ffff f083 | 4424 c000 | 4180 3b00 | 0f84 5082 | ffff 41c6 | 0300 4d8b | 5750 4d85 | d20f 8414 
  0x0000028a3a3aa024: 0000 0049 | 83ea 084d | 8957 504d | 0357 584d | 891a e92b | 82ff ff48 | 83ec 2049 | 8bcb 498b 
  0x0000028a3a3aa044: ;   {runtime_call}
  0x0000028a3a3aa044: d748 b8e0 | 9403 e5fe | 7f00 00ff | d0c5 f877 | 4883 c420 | e909 82ff | ff41 8387 | d806 0000 
  0x0000028a3a3aa064: 08e9 45f4 | ffff 4183 | 87d8 0600 | 0008 e96e | 92ff ff41 | 8387 d806 | 0000 08e9 | 698b ffff 
  0x0000028a3a3aa084: 4183 87d8 | 0600 0008 | e918 8aff | ff41 8387 | d806 0000 | 08e9 5b88 | ffff 4183 | 87d8 0600 
  0x0000028a3a3aa0a4: 0008 e9a7 | 84ff ff41 | 8387 d806 | 0000 08e9 | 327c ffff | 4183 87d8 | 0600 0008 | e99f 7aff 
  0x0000028a3a3aa0c4: ff41 8387 | d806 0000 | 08e9 4079 | ffff 4183 | 87d8 0600 | 0008 e979 | 74ff ff41 | 8387 d806 
  0x0000028a3a3aa0e4: 0000 08e9 | 3f72 ffff | 4183 87d8 | 0600 0008 | e900 6fff | ff41 8387 | d806 0000 | 08e9 166e 
  0x0000028a3a3aa104: ffff 4183 | 87d8 0600 | 0008 e960 | 6bff ff41 | 8387 d806 | 0000 08e9 | 2e66 ffff | 4183 87d8 
  0x0000028a3a3aa124: 0600 0008 | e980 64ff | ff41 8387 | d806 0000 | 08e9 4762 | ffff 4183 | 87d8 0600 | 0008 e922 
  0x0000028a3a3aa144: ;   {other}
  0x0000028a3a3aa144: 5fff ff41 | 8387 d806 | 0000 08e9 | 825d ffff | 4183 87d8 | 0600 0008 | e922 5cff | ff41 8387 
  0x0000028a3a3aa164: d806 0000 | 08e9 ce56 

  0x0000028a3a3aa16c: ;   {internal_word}
  0x0000028a3a3aa16c: ffff 49ba | 13f5 393a | 8a02 0000 | 4d89 97e0 

  0x0000028a3a3aa17c: ;   {runtime_call SafepointBlob}
  0x0000028a3a3aa17c: 0400 00e9 | dc6d 3dff | 4183 87d8 | 0600 0008 | e9f6 50ff | ff41 8387 | d806 0000 | 08e9 a94e 
  0x0000028a3a3aa19c: ffff 4183 | 87d8 0600 | 0008 e98b | 4bff ff41 | 8387 d806 | 0000 08e9 | a64a ffff | 4183 87d8 
  0x0000028a3a3aa1bc: 0600 0008 | e9fb 47ff 

  0x0000028a3a3aa1c4: ;   {runtime_call Stub::method_entry_barrier}
  0x0000028a3a3aa1c4: ffe8 76a0 | 3bff e95f | 3dff fff4 
[Stub Code]
  0x0000028a3a3aa1d0: ;   {static_stub}
  0x0000028a3a3aa1d0: 48bb 0000 | 0000 0000 

  0x0000028a3a3aa1d8: ;   {runtime_call nmethod}
  0x0000028a3a3aa1d8: 0000 e9fb 

  0x0000028a3a3aa1dc: ;   {static_stub}
  0x0000028a3a3aa1dc: ffff ff48 | bb00 0000 | 0000 0000 

  0x0000028a3a3aa1e8: ;   {runtime_call nmethod}
  0x0000028a3a3aa1e8: 00e9 fbff 

  0x0000028a3a3aa1ec: ;   {static_stub}
  0x0000028a3a3aa1ec: ffff 48bb | 0000 0000 | 0000 0000 

  0x0000028a3a3aa1f8: ;   {runtime_call nmethod}
  0x0000028a3a3aa1f8: e9fb ffff 

  0x0000028a3a3aa1fc: ;   {static_stub}
  0x0000028a3a3aa1fc: ff48 bba0 | 892a 8d00 

  0x0000028a3a3aa204: ;   {runtime_call I2C/C2I adapters}
  0x0000028a3a3aa204: 0000 00e9 | 2662 3dff 

  0x0000028a3a3aa20c: ;   {static_stub}
  0x0000028a3a3aa20c: 48bb 0000 | 0000 0000 

  0x0000028a3a3aa214: ;   {runtime_call nmethod}
  0x0000028a3a3aa214: 0000 e9fb 

  0x0000028a3a3aa218: ;   {static_stub}
  0x0000028a3a3aa218: ffff ff48 | bb00 0000 | 0000 0000 

  0x0000028a3a3aa224: ;   {runtime_call nmethod}
  0x0000028a3a3aa224: 00e9 fbff 

  0x0000028a3a3aa228: ;   {static_stub}
  0x0000028a3a3aa228: ffff 48bb | 6863 1d8d | 0000 0000 

  0x0000028a3a3aa234: ;   {runtime_call I2C/C2I adapters}
  0x0000028a3a3aa234: e9f9 613d 

  0x0000028a3a3aa238: ;   {static_stub}
  0x0000028a3a3aa238: ff48 bb00 | 0000 0000 

  0x0000028a3a3aa240: ;   {runtime_call nmethod}
  0x0000028a3a3aa240: 0000 00e9 | fbff ffff 

  0x0000028a3a3aa248: ;   {static_stub}
  0x0000028a3a3aa248: 48bb 0000 | 0000 0000 

  0x0000028a3a3aa250: ;   {runtime_call nmethod}
  0x0000028a3a3aa250: 0000 e9fb 

  0x0000028a3a3aa254: ;   {static_stub}
  0x0000028a3a3aa254: ffff ff48 | bb00 0000 | 0000 0000 

  0x0000028a3a3aa260: ;   {runtime_call nmethod}
  0x0000028a3a3aa260: 00e9 fbff 

  0x0000028a3a3aa264: ;   {static_stub}
  0x0000028a3a3aa264: ffff 48bb | 0000 0000 | 0000 0000 

  0x0000028a3a3aa270: ;   {runtime_call nmethod}
  0x0000028a3a3aa270: e9fb ffff 

  0x0000028a3a3aa274: ;   {static_stub}
  0x0000028a3a3aa274: ff48 bb00 | 0000 0000 

  0x0000028a3a3aa27c: ;   {runtime_call nmethod}
  0x0000028a3a3aa27c: 0000 00e9 | fbff ffff 

  0x0000028a3a3aa284: ;   {static_stub}
  0x0000028a3a3aa284: 48bb 20c5 | 1c8d 0000 

  0x0000028a3a3aa28c: ;   {runtime_call I2C/C2I adapters}
  0x0000028a3a3aa28c: 0000 e9a7 

  0x0000028a3a3aa290: ;   {static_stub}
  0x0000028a3a3aa290: 303d ff48 | bbd0 e324 | 8d00 0000 

  0x0000028a3a3aa29c: ;   {runtime_call I2C/C2I adapters}
  0x0000028a3a3aa29c: 00e9 8f5d 

  0x0000028a3a3aa2a0: ;   {static_stub}
  0x0000028a3a3aa2a0: 3dff 48bb | 0000 0000 | 0000 0000 

  0x0000028a3a3aa2ac: ;   {runtime_call nmethod}
  0x0000028a3a3aa2ac: e9fb ffff 

  0x0000028a3a3aa2b0: ;   {static_stub}
  0x0000028a3a3aa2b0: ff48 bb00 | 0000 0000 

  0x0000028a3a3aa2b8: ;   {runtime_call nmethod}
  0x0000028a3a3aa2b8: 0000 00e9 | fbff ffff 

  0x0000028a3a3aa2c0: ;   {static_stub}
  0x0000028a3a3aa2c0: 48bb 0000 | 0000 0000 

  0x0000028a3a3aa2c8: ;   {runtime_call nmethod}
  0x0000028a3a3aa2c8: 0000 e9fb 

  0x0000028a3a3aa2cc: ;   {static_stub}
  0x0000028a3a3aa2cc: ffff ff48 | bb00 0000 | 0000 0000 

  0x0000028a3a3aa2d8: ;   {runtime_call nmethod}
  0x0000028a3a3aa2d8: 00e9 fbff 

  0x0000028a3a3aa2dc: ;   {static_stub}
  0x0000028a3a3aa2dc: ffff 48bb | 0000 0000 | 0000 0000 

  0x0000028a3a3aa2e8: ;   {runtime_call nmethod}
  0x0000028a3a3aa2e8: e9fb ffff 

  0x0000028a3a3aa2ec: ;   {static_stub}
  0x0000028a3a3aa2ec: ff48 bb00 | 0000 0000 

  0x0000028a3a3aa2f4: ;   {runtime_call nmethod}
  0x0000028a3a3aa2f4: 0000 00e9 | fbff ffff 

  0x0000028a3a3aa2fc: ;   {static_stub}
  0x0000028a3a3aa2fc: 48bb 0000 | 0000 0000 

  0x0000028a3a3aa304: ;   {runtime_call nmethod}
  0x0000028a3a3aa304: 0000 e9fb 

  0x0000028a3a3aa308: ;   {static_stub}
  0x0000028a3a3aa308: ffff ff48 | bb00 0000 | 0000 0000 

  0x0000028a3a3aa314: ;   {runtime_call nmethod}
  0x0000028a3a3aa314: 00e9 fbff 

  0x0000028a3a3aa318: ;   {static_stub}
  0x0000028a3a3aa318: ffff 48bb | 0000 0000 | 0000 0000 

  0x0000028a3a3aa324: ;   {runtime_call nmethod}
  0x0000028a3a3aa324: e9fb ffff 

  0x0000028a3a3aa328: ;   {static_stub}
  0x0000028a3a3aa328: ff48 bb00 | 0000 0000 

  0x0000028a3a3aa330: ;   {runtime_call nmethod}
  0x0000028a3a3aa330: 0000 00e9 | fbff ffff 

  0x0000028a3a3aa338: ;   {static_stub}
  0x0000028a3a3aa338: 48bb 28a7 | 1c8d 0000 

  0x0000028a3a3aa340: ;   {runtime_call I2C/C2I adapters}
  0x0000028a3a3aa340: 0000 e9fd 

  0x0000028a3a3aa344: ;   {static_stub}
  0x0000028a3a3aa344: b53c ff48 | bb00 0000 | 0000 0000 

  0x0000028a3a3aa350: ;   {runtime_call nmethod}
  0x0000028a3a3aa350: 00e9 fbff 

  0x0000028a3a3aa354: ;   {static_stub}
  0x0000028a3a3aa354: ffff 48bb | 0000 0000 | 0000 0000 

  0x0000028a3a3aa360: ;   {runtime_call nmethod}
  0x0000028a3a3aa360: e9fb ffff 

  0x0000028a3a3aa364: ;   {static_stub}
  0x0000028a3a3aa364: ff48 bb00 | 0000 0000 

  0x0000028a3a3aa36c: ;   {runtime_call nmethod}
  0x0000028a3a3aa36c: 0000 00e9 | fbff ffff 
[Exception Handler]
  0x0000028a3a3aa374: ;   {runtime_call ExceptionBlob}
  0x0000028a3a3aa374: e967 7d4a | ffe8 0000 | 0000 4883 

  0x0000028a3a3aa380: ;   {runtime_call DeoptimizationBlob}
  0x0000028a3a3aa380: 2c24 05e9 | d86e 3dff 
[/MachCode]


---------------  P R O C E S S  ---------------

Threads class SMR info:
_java_thread_list=0x0000028a4f366f90, length=18, elements={
0x0000028a272e3830, 0x0000028a496018d0, 0x0000028a49602090, 0x0000028a49602af0,
0x0000028a49604810, 0x0000028a496073e0, 0x0000028a4960a750, 0x0000028a4962cb90,
0x0000028a4962e760, 0x0000028a4e091780, 0x0000028a4e0a1970, 0x0000028a4e12b0f0,
0x0000028a4e131300, 0x0000028a4e1f46f0, 0x0000028a4e9e1f20, 0x0000028a4e9024d0,
0x0000028a560a6cb0, 0x0000028a560aab30
}

Java Threads: ( => current thread )
=>0x0000028a272e3830 JavaThread "main"                              [_thread_in_vm, id=10912, stack(0x0000009955100000,0x0000009955200000) (1024K)]
  0x0000028a496018d0 JavaThread "Reference Handler"          daemon [_thread_blocked, id=30600, stack(0x0000009955900000,0x0000009955a00000) (1024K)]
  0x0000028a49602090 JavaThread "Finalizer"                  daemon [_thread_blocked, id=23032, stack(0x0000009955a00000,0x0000009955b00000) (1024K)]
  0x0000028a49602af0 JavaThread "Signal Dispatcher"          daemon [_thread_blocked, id=31224, stack(0x0000009955b00000,0x0000009955c00000) (1024K)]
  0x0000028a49604810 JavaThread "Attach Listener"            daemon [_thread_blocked, id=26008, stack(0x0000009955c00000,0x0000009955d00000) (1024K)]
  0x0000028a496073e0 JavaThread "Service Thread"             daemon [_thread_blocked, id=26588, stack(0x0000009955d00000,0x0000009955e00000) (1024K)]
  0x0000028a4960a750 JavaThread "Monitor Deflation Thread"   daemon [_thread_blocked, id=16156, stack(0x0000009955e00000,0x0000009955f00000) (1024K)]
  0x0000028a4962cb90 JavaThread "C2 CompilerThread0"         daemon [_thread_blocked, id=15324, stack(0x0000009955f00000,0x0000009956000000) (1024K)]
  0x0000028a4962e760 JavaThread "C1 CompilerThread0"         daemon [_thread_blocked, id=20576, stack(0x0000009956000000,0x0000009956100000) (1024K)]
  0x0000028a4e091780 JavaThread "Notification Thread"        daemon [_thread_blocked, id=8568, stack(0x0000009956100000,0x0000009956200000) (1024K)]
  0x0000028a4e0a1970 JavaThread "Common-Cleaner"             daemon [_thread_blocked, id=18760, stack(0x0000009956200000,0x0000009956300000) (1024K)]
  0x0000028a4e12b0f0 JavaThread "C1 CompilerThread1"         daemon [_thread_blocked, id=27496, stack(0x0000009956300000,0x0000009956400000) (1024K)]
  0x0000028a4e131300 JavaThread "C1 CompilerThread2"         daemon [_thread_blocked, id=29228, stack(0x0000009956400000,0x0000009956500000) (1024K)]
  0x0000028a4e1f46f0 JavaThread "C1 CompilerThread3"         daemon [_thread_blocked, id=14608, stack(0x0000009956500000,0x0000009956600000) (1024K)]
  0x0000028a4e9e1f20 JavaThread "surefire-forkedjvm-stream-flusher" daemon [_thread_blocked, id=8380, stack(0x0000009956800000,0x0000009956900000) (1024K)]
  0x0000028a4e9024d0 JavaThread "surefire-forkedjvm-command-thread" daemon [_thread_in_native, id=26232, stack(0x0000009956900000,0x0000009956a00000) (1024K)]
  0x0000028a560a6cb0 JavaThread "Cleaner-0"                  daemon [_thread_blocked, id=28876, stack(0x0000009957f00000,0x0000009958000000) (1024K)]
  0x0000028a560aab30 JavaThread "HikariPool-1:housekeeper"   daemon [_thread_blocked, id=31048, stack(0x0000009957c00000,0x0000009957d00000) (1024K)]
Total: 18

Other Threads:
  0x0000028a495f2050 VMThread "VM Thread"                           [id=24064, stack(0x0000009955800000,0x0000009955900000) (1024K)]
  0x0000028a494b78d0 WatcherThread "VM Periodic Task Thread"        [id=19256, stack(0x0000009955700000,0x0000009955800000) (1024K)]
  0x0000028a29831290 WorkerThread "GC Thread#0"                     [id=9224, stack(0x0000009955200000,0x0000009955300000) (1024K)]
  0x0000028a4fb76a90 WorkerThread "GC Thread#1"                     [id=22268, stack(0x0000009956c00000,0x0000009956d00000) (1024K)]
  0x0000028a50d6f4d0 WorkerThread "GC Thread#2"                     [id=8748, stack(0x0000009956d00000,0x0000009956e00000) (1024K)]
  0x0000028a50d6f900 WorkerThread "GC Thread#3"                     [id=12532, stack(0x0000009956e00000,0x0000009956f00000) (1024K)]
  0x0000028a50c6d130 WorkerThread "GC Thread#4"                     [id=24404, stack(0x0000009956f00000,0x0000009957000000) (1024K)]
  0x0000028a50d34d10 WorkerThread "GC Thread#5"                     [id=17696, stack(0x0000009957000000,0x0000009957100000) (1024K)]
  0x0000028a4fc09250 WorkerThread "GC Thread#6"                     [id=28564, stack(0x0000009957200000,0x0000009957300000) (1024K)]
  0x0000028a4fc0b920 WorkerThread "GC Thread#7"                     [id=27836, stack(0x0000009957300000,0x0000009957400000) (1024K)]
  0x0000028a4fc096a0 WorkerThread "GC Thread#8"                     [id=2836, stack(0x0000009957400000,0x0000009957500000) (1024K)]
  0x0000028a4fc0b080 WorkerThread "GC Thread#9"                     [id=18692, stack(0x0000009957500000,0x0000009957600000) (1024K)]
  0x0000028a4fc0bd70 WorkerThread "GC Thread#10"                    [id=29056, stack(0x0000009957600000,0x0000009957700000) (1024K)]
  0x0000028a4fc0c1c0 WorkerThread "GC Thread#11"                    [id=17852, stack(0x0000009957700000,0x0000009957800000) (1024K)]
  0x0000028a4fc09f40 WorkerThread "GC Thread#12"                    [id=13196, stack(0x0000009957800000,0x0000009957900000) (1024K)]
  0x0000028a4f8b3f80 WorkerThread "GC Thread#13"                    [id=28192, stack(0x0000009956700000,0x0000009956800000) (1024K)]
  0x0000028a4f8b43d0 WorkerThread "GC Thread#14"                    [id=31080, stack(0x0000009956a00000,0x0000009956b00000) (1024K)]
  0x0000028a29849ac0 ConcurrentGCThread "G1 Main Marker"            [id=23612, stack(0x0000009955300000,0x0000009955400000) (1024K)]
  0x0000028a2984a660 WorkerThread "G1 Conc#0"                       [id=17880, stack(0x0000009955400000,0x0000009955500000) (1024K)]
  0x0000028a4fc0a390 WorkerThread "G1 Conc#1"                       [id=28148, stack(0x0000009957900000,0x0000009957a00000) (1024K)]
  0x0000028a4fc0a7e0 WorkerThread "G1 Conc#2"                       [id=536, stack(0x0000009957a00000,0x0000009957b00000) (1024K)]
  0x0000028a4fc0ac30 WorkerThread "G1 Conc#3"                       [id=26680, stack(0x0000009957b00000,0x0000009957c00000) (1024K)]
  0x0000028a2987e790 ConcurrentGCThread "G1 Refine#0"               [id=27008, stack(0x0000009955500000,0x0000009955600000) (1024K)]
  0x0000028a49499630 ConcurrentGCThread "G1 Service"                [id=7280, stack(0x0000009955600000,0x0000009955700000) (1024K)]
Total: 24

Threads with active compile tasks:
Total: 0

VM state: not at safepoint (normal execution)

VM Mutex/Monitor currently owned by a thread:  ([mutex/lock_event])
[0x00007ffee5abd558] Metaspace_lock - owner thread: 0x0000028a272e3830

Heap address: 0x0000000705c00000, size: 4004 MB, Compressed Oops mode: Zero based, Oop shift amount: 3

CDS archive(s) mapped at: [0x000000008d000000-0x000000008ddb0000-0x000000008ddb0000), size 14352384, SharedBaseAddress: 0x000000008d000000, ArchiveRelocationMode: 1.
Compressed class space mapped at: 0x000000008e000000-0x00000000ce000000, reserved size: 1073741824
UseCompressedClassPointers 1, UseCompactObjectHeaders 0
Narrow klass pointer bits 32, Max shift 3
Narrow klass base: 0x000000008d000000, Narrow klass shift: 0
Encoding Range: [0x000000008d000000 - 0x000000018d000000), (4294967296 bytes)
Klass Range:    [0x000000008d010000 - 0x00000000ce000000), (1090453504 bytes)
Klass ID Range:  [65536 - 1090519033) (1090453497)
Protection zone: [0x000000008d000000 - 0x000000008d010000), (65536 bytes)

GC Precious Log:
 CardTable entry size: 512
 Card Set container configuration: InlinePtr #cards 4 size 8 Array Of Cards #cards 16 size 48 Howl #buckets 8 coarsen threshold 3686 Howl Bitmap #cards 512 size 80 coarsen threshold 460 Card regions per heap region 1 cards per card region 4096
 CPUs: 20 total, 20 available
 Memory: 16010M
 Large Page Support: Disabled
 NUMA Support: Disabled
 Compressed Oops: Enabled (Zero based)
 Heap Region Size: 2M
 Heap Min Capacity: 8M
 Heap Initial Capacity: 252M
 Heap Max Capacity: 4004M
 Pre-touch: Disabled
 Parallel Workers: 15
 Concurrent Workers: 4
 Concurrent Refinement Workers: 15
 Periodic GC: Disabled

Heap:
 garbage-first heap   total reserved 4100096K, committed 198656K, used 123662K [0x0000000705c00000, 0x0000000800000000)
  region size 2048K, 36 young (73728K), 2 survivors (4096K)

Heap Regions: E=young(eden), S=young(survivor), O=old, HS=humongous(starts), HC=humongous(continues), CS=collection set, F=free, TAMS=top-at-mark-start, PB=parsable bottom
|   0|0x0000000705c00000, 0x0000000705e00000, 0x0000000705e00000|100%| O|  |TAMS 0x0000000705c00000| PB 0x0000000705c00000| Untracked |  0
|   1|0x0000000705e00000, 0x0000000706000000, 0x0000000706000000|100%| O|  |TAMS 0x0000000705e00000| PB 0x0000000705e00000| Untracked |  0
|   2|0x0000000706000000, 0x0000000706200000, 0x0000000706200000|100%| O|  |TAMS 0x0000000706000000| PB 0x0000000706000000| Untracked |  0
|   3|0x0000000706200000, 0x0000000706400000, 0x0000000706400000|100%| O|  |TAMS 0x0000000706200000| PB 0x0000000706200000| Untracked |  0
|   4|0x0000000706400000, 0x0000000706600000, 0x0000000706600000|100%| O|  |TAMS 0x0000000706400000| PB 0x0000000706400000| Untracked |  0
|   5|0x0000000706600000, 0x00000007067eb1c0, 0x0000000706800000| 95%| O|  |TAMS 0x0000000706600000| PB 0x0000000706600000| Untracked |  0
|   6|0x0000000706800000, 0x0000000706a00000, 0x0000000706a00000|100%| O|  |TAMS 0x0000000706800000| PB 0x0000000706800000| Untracked |  0
|   7|0x0000000706a00000, 0x0000000706c00000, 0x0000000706c00000|100%| O|  |TAMS 0x0000000706a00000| PB 0x0000000706a00000| Untracked |  0
|   8|0x0000000706c00000, 0x0000000706e00000, 0x0000000706e00000|100%| O|Cm|TAMS 0x0000000706c00000| PB 0x0000000706c00000| Complete |  0
|   9|0x0000000706e00000, 0x0000000707000000, 0x0000000707000000|100%| O|  |TAMS 0x0000000706e00000| PB 0x0000000706e00000| Untracked |  0
|  10|0x0000000707000000, 0x0000000707200000, 0x0000000707200000|100%| O|  |TAMS 0x0000000707000000| PB 0x0000000707000000| Untracked |  0
|  11|0x0000000707200000, 0x0000000707400000, 0x0000000707400000|100%| O|  |TAMS 0x0000000707200000| PB 0x0000000707200000| Untracked |  0
|  12|0x0000000707400000, 0x0000000707600000, 0x0000000707600000|100%| O|  |TAMS 0x0000000707400000| PB 0x0000000707400000| Untracked |  0
|  13|0x0000000707600000, 0x0000000707800000, 0x0000000707800000|100%| O|  |TAMS 0x0000000707600000| PB 0x0000000707600000| Untracked |  0
|  14|0x0000000707800000, 0x0000000707a00000, 0x0000000707a00000|100%| O|  |TAMS 0x0000000707800000| PB 0x0000000707800000| Untracked |  0
|  15|0x0000000707a00000, 0x0000000707c00000, 0x0000000707c00000|100%| O|  |TAMS 0x0000000707a00000| PB 0x0000000707a00000| Untracked |  0
|  16|0x0000000707c00000, 0x0000000707e00000, 0x0000000707e00000|100%| O|  |TAMS 0x0000000707c00000| PB 0x0000000707c00000| Untracked |  0
|  17|0x0000000707e00000, 0x0000000708000000, 0x0000000708000000|100%| O|  |TAMS 0x0000000707e00000| PB 0x0000000707e00000| Untracked |  0
|  18|0x0000000708000000, 0x0000000708200000, 0x0000000708200000|100%| O|  |TAMS 0x0000000708000000| PB 0x0000000708000000| Untracked |  0
|  19|0x0000000708200000, 0x0000000708200000, 0x0000000708400000|  0%| F|  |TAMS 0x0000000708200000| PB 0x0000000708200000| Untracked |  0
|  20|0x0000000708400000, 0x0000000708600000, 0x0000000708600000|100%| O|  |TAMS 0x0000000708400000| PB 0x0000000708400000| Untracked |  0
|  21|0x0000000708600000, 0x0000000708600000, 0x0000000708800000|  0%| F|  |TAMS 0x0000000708600000| PB 0x0000000708600000| Untracked |  0
|  22|0x0000000708800000, 0x0000000708800000, 0x0000000708a00000|  0%| F|  |TAMS 0x0000000708800000| PB 0x0000000708800000| Untracked |  0
|  23|0x0000000708a00000, 0x0000000708c00000, 0x0000000708c00000|100%| O|  |TAMS 0x0000000708a00000| PB 0x0000000708a00000| Untracked |  0
|  24|0x0000000708c00000, 0x0000000708cd8800, 0x0000000708e00000| 42%| S|CS|TAMS 0x0000000708c00000| PB 0x0000000708c00000| Complete |  0
|  25|0x0000000708e00000, 0x0000000709000000, 0x0000000709000000|100%| S|CS|TAMS 0x0000000708e00000| PB 0x0000000708e00000| Complete |  0
|  26|0x0000000709000000, 0x0000000709200000, 0x0000000709200000|100%| O|Cm|TAMS 0x0000000709000000| PB 0x0000000709000000| Complete |  0
|  27|0x0000000709200000, 0x0000000709400000, 0x0000000709400000|100%| O|  |TAMS 0x0000000709200000| PB 0x0000000709200000| Untracked |  0
|  28|0x0000000709400000, 0x0000000709400000, 0x0000000709600000|  0%| F|  |TAMS 0x0000000709400000| PB 0x0000000709400000| Untracked |  0
|  29|0x0000000709600000, 0x0000000709600000, 0x0000000709800000|  0%| F|  |TAMS 0x0000000709600000| PB 0x0000000709600000| Untracked |  0
|  30|0x0000000709800000, 0x0000000709800000, 0x0000000709a00000|  0%| F|  |TAMS 0x0000000709800000| PB 0x0000000709800000| Untracked |  0
|  31|0x0000000709a00000, 0x0000000709a00000, 0x0000000709c00000|  0%| F|  |TAMS 0x0000000709a00000| PB 0x0000000709a00000| Untracked |  0
|  32|0x0000000709c00000, 0x0000000709c00000, 0x0000000709e00000|  0%| F|  |TAMS 0x0000000709c00000| PB 0x0000000709c00000| Untracked |  0
|  33|0x0000000709e00000, 0x0000000709e00000, 0x000000070a000000|  0%| F|  |TAMS 0x0000000709e00000| PB 0x0000000709e00000| Untracked |  0
|  34|0x000000070a000000, 0x000000070a000000, 0x000000070a200000|  0%| F|  |TAMS 0x000000070a000000| PB 0x000000070a000000| Untracked |  0
|  35|0x000000070a200000, 0x000000070a200000, 0x000000070a400000|  0%| F|  |TAMS 0x000000070a200000| PB 0x000000070a200000| Untracked |  0
|  36|0x000000070a400000, 0x000000070a400000, 0x000000070a600000|  0%| F|  |TAMS 0x000000070a400000| PB 0x000000070a400000| Untracked |  0
|  37|0x000000070a600000, 0x000000070a600000, 0x000000070a800000|  0%| F|  |TAMS 0x000000070a600000| PB 0x000000070a600000| Untracked |  0
|  38|0x000000070a800000, 0x000000070a800000, 0x000000070aa00000|  0%| F|  |TAMS 0x000000070a800000| PB 0x000000070a800000| Untracked |  0
|  39|0x000000070aa00000, 0x000000070aa00000, 0x000000070ac00000|  0%| F|  |TAMS 0x000000070aa00000| PB 0x000000070aa00000| Untracked |  0
|  40|0x000000070ac00000, 0x000000070ac00000, 0x000000070ae00000|  0%| F|  |TAMS 0x000000070ac00000| PB 0x000000070ac00000| Untracked |  0
|  41|0x000000070ae00000, 0x000000070ae00000, 0x000000070b000000|  0%| F|  |TAMS 0x000000070ae00000| PB 0x000000070ae00000| Untracked |  0
|  42|0x000000070b000000, 0x000000070b000000, 0x000000070b200000|  0%| F|  |TAMS 0x000000070b000000| PB 0x000000070b000000| Untracked |  0
|  43|0x000000070b200000, 0x000000070b200000, 0x000000070b400000|  0%| F|  |TAMS 0x000000070b200000| PB 0x000000070b200000| Untracked |  0
|  44|0x000000070b400000, 0x000000070b400000, 0x000000070b600000|  0%| F|  |TAMS 0x000000070b400000| PB 0x000000070b400000| Untracked |  0
|  45|0x000000070b600000, 0x000000070b600000, 0x000000070b800000|  0%| F|  |TAMS 0x000000070b600000| PB 0x000000070b600000| Untracked |  0
|  46|0x000000070b800000, 0x000000070b800000, 0x000000070ba00000|  0%| F|  |TAMS 0x000000070b800000| PB 0x000000070b800000| Untracked |  0
|  47|0x000000070ba00000, 0x000000070ba00000, 0x000000070bc00000|  0%| F|  |TAMS 0x000000070ba00000| PB 0x000000070ba00000| Untracked |  0
|  48|0x000000070bc00000, 0x000000070bc00000, 0x000000070be00000|  0%| F|  |TAMS 0x000000070bc00000| PB 0x000000070bc00000| Untracked |  0
|  49|0x000000070be00000, 0x000000070be00000, 0x000000070c000000|  0%| F|  |TAMS 0x000000070be00000| PB 0x000000070be00000| Untracked |  0
|  50|0x000000070c000000, 0x000000070c000000, 0x000000070c200000|  0%| F|  |TAMS 0x000000070c000000| PB 0x000000070c000000| Untracked |  0
|  51|0x000000070c200000, 0x000000070c200000, 0x000000070c400000|  0%| F|  |TAMS 0x000000070c200000| PB 0x000000070c200000| Untracked |  0
|  52|0x000000070c400000, 0x000000070c400000, 0x000000070c600000|  0%| F|  |TAMS 0x000000070c400000| PB 0x000000070c400000| Untracked |  0
|  53|0x000000070c600000, 0x000000070c600000, 0x000000070c800000|  0%| F|  |TAMS 0x000000070c600000| PB 0x000000070c600000| Untracked |  0
|  54|0x000000070c800000, 0x000000070c800000, 0x000000070ca00000|  0%| F|  |TAMS 0x000000070c800000| PB 0x000000070c800000| Untracked |  0
|  55|0x000000070ca00000, 0x000000070ca00000, 0x000000070cc00000|  0%| F|  |TAMS 0x000000070ca00000| PB 0x000000070ca00000| Untracked |  0
|  56|0x000000070cc00000, 0x000000070cc00000, 0x000000070ce00000|  0%| F|  |TAMS 0x000000070cc00000| PB 0x000000070cc00000| Untracked |  0
|  57|0x000000070ce00000, 0x000000070ce00000, 0x000000070d000000|  0%| F|  |TAMS 0x000000070ce00000| PB 0x000000070ce00000| Untracked |  0
|  58|0x000000070d000000, 0x000000070d000000, 0x000000070d200000|  0%| F|  |TAMS 0x000000070d000000| PB 0x000000070d000000| Untracked |  0
|  59|0x000000070d200000, 0x000000070d341198, 0x000000070d400000| 62%| E|  |TAMS 0x000000070d200000| PB 0x000000070d200000| Complete |  0
|  60|0x000000070d400000, 0x000000070d600000, 0x000000070d600000|100%| E|CS|TAMS 0x000000070d400000| PB 0x000000070d400000| Complete |  0
|  61|0x000000070d600000, 0x000000070d800000, 0x000000070d800000|100%| E|CS|TAMS 0x000000070d600000| PB 0x000000070d600000| Complete |  0
|  62|0x000000070d800000, 0x000000070da00000, 0x000000070da00000|100%| E|CS|TAMS 0x000000070d800000| PB 0x000000070d800000| Complete |  0
|  63|0x000000070da00000, 0x000000070dc00000, 0x000000070dc00000|100%| E|CS|TAMS 0x000000070da00000| PB 0x000000070da00000| Complete |  0
|  64|0x000000070dc00000, 0x000000070de00000, 0x000000070de00000|100%| E|CS|TAMS 0x000000070dc00000| PB 0x000000070dc00000| Complete |  0
|  65|0x000000070de00000, 0x000000070e000000, 0x000000070e000000|100%| E|CS|TAMS 0x000000070de00000| PB 0x000000070de00000| Complete |  0
|  66|0x000000070e000000, 0x000000070e200000, 0x000000070e200000|100%| E|CS|TAMS 0x000000070e000000| PB 0x000000070e000000| Complete |  0
|  67|0x000000070e200000, 0x000000070e400000, 0x000000070e400000|100%| E|CS|TAMS 0x000000070e200000| PB 0x000000070e200000| Complete |  0
|  68|0x000000070e400000, 0x000000070e600000, 0x000000070e600000|100%| E|CS|TAMS 0x000000070e400000| PB 0x000000070e400000| Complete |  0
|  69|0x000000070e600000, 0x000000070e800000, 0x000000070e800000|100%| E|CS|TAMS 0x000000070e600000| PB 0x000000070e600000| Complete |  0
|  70|0x000000070e800000, 0x000000070ea00000, 0x000000070ea00000|100%| E|CS|TAMS 0x000000070e800000| PB 0x000000070e800000| Complete |  0
|  71|0x000000070ea00000, 0x000000070ec00000, 0x000000070ec00000|100%| E|CS|TAMS 0x000000070ea00000| PB 0x000000070ea00000| Complete |  0
|  72|0x000000070ec00000, 0x000000070ee00000, 0x000000070ee00000|100%| E|CS|TAMS 0x000000070ec00000| PB 0x000000070ec00000| Complete |  0
|  73|0x000000070ee00000, 0x000000070f000000, 0x000000070f000000|100%| E|CS|TAMS 0x000000070ee00000| PB 0x000000070ee00000| Complete |  0
|  74|0x000000070f000000, 0x000000070f200000, 0x000000070f200000|100%| E|CS|TAMS 0x000000070f000000| PB 0x000000070f000000| Complete |  0
|  75|0x000000070f200000, 0x000000070f400000, 0x000000070f400000|100%| E|CS|TAMS 0x000000070f200000| PB 0x000000070f200000| Complete |  0
|  76|0x000000070f400000, 0x000000070f600000, 0x000000070f600000|100%| E|CS|TAMS 0x000000070f400000| PB 0x000000070f400000| Complete |  0
|  77|0x000000070f600000, 0x000000070f800000, 0x000000070f800000|100%| E|CS|TAMS 0x000000070f600000| PB 0x000000070f600000| Complete |  0
|  78|0x000000070f800000, 0x000000070fa00000, 0x000000070fa00000|100%| E|CS|TAMS 0x000000070f800000| PB 0x000000070f800000| Complete |  0
|  79|0x000000070fa00000, 0x000000070fc00000, 0x000000070fc00000|100%| E|CS|TAMS 0x000000070fa00000| PB 0x000000070fa00000| Complete |  0
|  80|0x000000070fc00000, 0x000000070fe00000, 0x000000070fe00000|100%| E|  |TAMS 0x000000070fc00000| PB 0x000000070fc00000| Complete |  0
|  81|0x000000070fe00000, 0x0000000710000000, 0x0000000710000000|100%| E|CS|TAMS 0x000000070fe00000| PB 0x000000070fe00000| Complete |  0
|  82|0x0000000710000000, 0x0000000710200000, 0x0000000710200000|100%| E|CS|TAMS 0x0000000710000000| PB 0x0000000710000000| Complete |  0
|  83|0x0000000710200000, 0x0000000710400000, 0x0000000710400000|100%| E|CS|TAMS 0x0000000710200000| PB 0x0000000710200000| Complete |  0
|  84|0x0000000710400000, 0x0000000710600000, 0x0000000710600000|100%| E|CS|TAMS 0x0000000710400000| PB 0x0000000710400000| Complete |  0
|  85|0x0000000710600000, 0x0000000710800000, 0x0000000710800000|100%| E|CS|TAMS 0x0000000710600000| PB 0x0000000710600000| Complete |  0
|  86|0x0000000710800000, 0x0000000710a00000, 0x0000000710a00000|100%| E|CS|TAMS 0x0000000710800000| PB 0x0000000710800000| Complete |  0
|  87|0x0000000710a00000, 0x0000000710c00000, 0x0000000710c00000|100%| E|CS|TAMS 0x0000000710a00000| PB 0x0000000710a00000| Complete |  0
|  88|0x0000000710c00000, 0x0000000710e00000, 0x0000000710e00000|100%| E|CS|TAMS 0x0000000710c00000| PB 0x0000000710c00000| Complete |  0
|  89|0x0000000710e00000, 0x0000000711000000, 0x0000000711000000|100%| E|CS|TAMS 0x0000000710e00000| PB 0x0000000710e00000| Complete |  0
|  90|0x0000000711000000, 0x0000000711200000, 0x0000000711200000|100%| E|CS|TAMS 0x0000000711000000| PB 0x0000000711000000| Complete |  0
|  91|0x0000000711200000, 0x0000000711400000, 0x0000000711400000|100%| E|CS|TAMS 0x0000000711200000| PB 0x0000000711200000| Complete |  0
|1997|0x00000007ff600000, 0x00000007ff800000, 0x00000007ff800000|100%| O|  |TAMS 0x00000007ff600000| PB 0x00000007ff600000| Untracked |  0
|1998|0x00000007ff800000, 0x00000007ffa00000, 0x00000007ffa00000|100%| O|  |TAMS 0x00000007ff800000| PB 0x00000007ff800000| Untracked |  0
|1999|0x00000007ffa00000, 0x00000007ffc00000, 0x00000007ffc00000|100%| O|  |TAMS 0x00000007ffa00000| PB 0x00000007ffa00000| Untracked |  0
|2000|0x00000007ffc00000, 0x00000007ffe00000, 0x00000007ffe00000|100%| O|  |TAMS 0x00000007ffc00000| PB 0x00000007ffc00000| Untracked |  0
|2001|0x00000007ffe00000, 0x0000000800000000, 0x0000000800000000|100%| E|CS|TAMS 0x00000007ffe00000| PB 0x00000007ffe00000| Complete |  0

Card table byte_map: [0x0000028a42570000,0x0000028a42d50000] _byte_map_base: 0x0000028a3ed42000

Marking Bits: (CMBitMap*) 0x0000028a29831a20
 Bits: [0x0000028a42d50000, 0x0000028a46be0000)

Polling page: 0x0000028a275b0000

Metaspace:
Metaspace        used 101496K, committed 102144K, reserved 1179648K
 class space     used 15141K, committed 15424K, reserved 1048576K

Usage:
  Non-class:     84.33 MB used.
      Class:     14.79 MB used.
       Both:     99.12 MB used.

Virtual space:
  Non-class space:      128.00 MB reserved,      84.69 MB ( 66%) committed,  2 nodes.
      Class space:        1.00 GB reserved,      15.06 MB (  1%) committed,  1 nodes.
             Both:        1.12 GB reserved,      99.75 MB (  9%) committed. 

Chunk freelists:
   Non-Class:  11.19 MB
       Class:  944.00 KB
        Both:  12.11 MB

MaxMetaspaceSize: unlimited
CompressedClassSpaceSize: 1.00 GB
Initial GC threshold: 21.00 MB
Current GC threshold: 155.12 MB
CDS: on
 - commit_granule_bytes: 65536.
 - commit_granule_words: 8192.
 - virtual_space_node_default_size: 8388608.
 - enlarge_chunks_in_place: 1.
UseCompressedClassPointers 1, UseCompactObjectHeaders 0
Narrow klass pointer bits 32, Max shift 3
Narrow klass base: 0x000000008d000000, Narrow klass shift: 0
Encoding Range: [0x000000008d000000 - 0x000000018d000000), (4294967296 bytes)
Klass Range:    [0x000000008d010000 - 0x00000000ce000000), (1090453504 bytes)
Klass ID Range:  [65536 - 1090519033) (1090453497)
Protection zone: [0x000000008d000000 - 0x000000008d010000), (65536 bytes)


Internal statistics:

num_allocs_failed_limit: 9.
num_arena_births: 906.
num_arena_deaths: 0.
num_vsnodes_births: 3.
num_vsnodes_deaths: 0.
num_space_committed: 1596.
num_space_uncommitted: 0.
num_chunks_returned_to_freelist: 9.
num_chunks_taken_from_freelist: 4616.
num_chunk_merges: 6.
num_chunk_splits: 3449.
num_chunks_enlarged: 2921.
num_inconsistent_stats: 0.

CodeHeap 'non-profiled nmethods': size=119168Kb used=5270Kb max_used=5513Kb free=113897Kb
 bounds [0x0000028a39e80000, 0x0000028a3a3f0000, 0x0000028a412e0000]
CodeHeap 'profiled nmethods': size=119168Kb used=13663Kb max_used=14012Kb free=105504Kb
 bounds [0x0000028a322d0000, 0x0000028a33090000, 0x0000028a39730000]
CodeHeap 'non-nmethods': size=7488Kb used=3386Kb max_used=3526Kb free=4101Kb
 bounds [0x0000028a39730000, 0x0000028a39ac0000, 0x0000028a39e80000]
CodeCache: size=245824Kb, used=22319Kb, max_used=23051Kb, free=223502Kb
 total_blobs=10653, nmethods=9837, adapters=713, full_count=0
Compilation: enabled, stopped_count=0, restarted_count=0

Compilation events (20 events):
Event: 19.652 Thread 0x0000028a4e131300 13104       3       sun.security.provider.SHA5::lf_delta0 (20 bytes)
Event: 19.653 Thread 0x0000028a4e12b0f0 13105       3       sun.security.provider.SHA5::lf_sigma1 (21 bytes)
Event: 19.653 Thread 0x0000028a4962e760 13106       3       sun.security.provider.SHA5::lf_ch (13 bytes)
Event: 19.653 Thread 0x0000028a4e1f46f0 nmethod 13103 0x0000028a3284b008 code [0x0000028a3284b100, 0x0000028a3284b388]
Event: 19.653 Thread 0x0000028a4e1f46f0 13107       3       sun.security.provider.SHA5::lf_sigma0 (21 bytes)
Event: 19.653 Thread 0x0000028a4e131300 nmethod 13104 0x0000028a3284ac08 code [0x0000028a3284ad00, 0x0000028a3284af88]
Event: 19.653 Thread 0x0000028a4e12b0f0 nmethod 13105 0x0000028a3284a808 code [0x0000028a3284a900, 0x0000028a3284abb8]
Event: 19.653 Thread 0x0000028a4e12b0f0 13108       3       sun.security.provider.SHA5::lf_maj (14 bytes)
Event: 19.653 Thread 0x0000028a4962e760 nmethod 13106 0x0000028a3284a508 code [0x0000028a3284a600, 0x0000028a3284a700]
Event: 19.653 Thread 0x0000028a4962cb90 nmethod 13102 0x0000028a3a127008 code [0x0000028a3a127100, 0x0000028a3a127170]
Event: 19.653 Thread 0x0000028a4e12b0f0 nmethod 13108 0x0000028a32849f88 code [0x0000028a3284a080, 0x0000028a3284a178]
Event: 19.653 Thread 0x0000028a4e1f46f0 nmethod 13107 0x0000028a32bcbc88 code [0x0000028a32bcbd80, 0x0000028a32bcc038]
Event: 19.698 Thread 0x0000028a4e12b0f0 13109       3       io.jsonwebtoken.lang.Strings::hasText (46 bytes)
Event: 19.698 Thread 0x0000028a4e12b0f0 nmethod 13109 0x0000028a32bcb408 code [0x0000028a32bcb500, 0x0000028a32bcbc38]
Event: 19.699 Thread 0x0000028a4e131300 13110       3       io.jsonwebtoken.lang.Assert::hasText (18 bytes)
Event: 19.700 Thread 0x0000028a4e131300 nmethod 13110 0x0000028a32bcb088 code [0x0000028a32bcb180, 0x0000028a32bcb3a8]
Event: 19.713 Thread 0x0000028a4e12b0f0 13111   !   3       java.util.ServiceLoader$LazyClassPathLookupIterator::nextProviderClass (248 bytes)
Event: 19.715 Thread 0x0000028a4e12b0f0 nmethod 13111 0x0000028a32bc7a08 code [0x0000028a32bc7b00, 0x0000028a32bcafe8]
Event: 19.762 Thread 0x0000028a4e131300 13112       3       com.fasterxml.jackson.databind.util.internal.PrivateMaxEntriesMap::readBufferIndex (7 bytes)
Event: 19.762 Thread 0x0000028a4e131300 nmethod 13112 0x0000028a32bc7708 code [0x0000028a32bc7800, 0x0000028a32bc78f0]

GC Heap Usage History (20 events):
Event: 12.237 {heap Before GC invocations=14 (full 0):
 garbage-first heap   total reserved 4100096K, committed 94208K, used 81006K [0x0000000705c00000, 0x0000000800000000)
  region size 2048K, 20 young (40960K), 2 survivors (4096K)
}
Event: 12.246 {heap After GC invocations=15 (full 0):
 garbage-first heap   total reserved 4100096K, committed 94208K, used 46172K [0x0000000705c00000, 0x0000000800000000)
  region size 2048K, 2 young (4096K), 2 survivors (4096K)
}
Event: 12.837 {heap Before GC invocations=15 (full 0):
 garbage-first heap   total reserved 4100096K, committed 94208K, used 83036K [0x0000000705c00000, 0x0000000800000000)
  region size 2048K, 20 young (40960K), 2 survivors (4096K)
}
Event: 12.845 {heap After GC invocations=16 (full 0):
 garbage-first heap   total reserved 4100096K, committed 94208K, used 44107K [0x0000000705c00000, 0x0000000800000000)
  region size 2048K, 3 young (6144K), 3 survivors (6144K)
}
Event: 13.514 {heap Before GC invocations=16 (full 0):
 garbage-first heap   total reserved 4100096K, committed 94208K, used 78923K [0x0000000705c00000, 0x0000000800000000)
  region size 2048K, 21 young (43008K), 3 survivors (6144K)
}
Event: 13.523 {heap After GC invocations=17 (full 0):
 garbage-first heap   total reserved 4100096K, committed 94208K, used 45553K [0x0000000705c00000, 0x0000000800000000)
  region size 2048K, 2 young (4096K), 2 survivors (4096K)
}
Event: 14.155 {heap Before GC invocations=17 (full 0):
 garbage-first heap   total reserved 4100096K, committed 94208K, used 84465K [0x0000000705c00000, 0x0000000800000000)
  region size 2048K, 21 young (43008K), 2 survivors (4096K)
}
Event: 14.174 {heap After GC invocations=18 (full 0):
 garbage-first heap   total reserved 4100096K, committed 114688K, used 48364K [0x0000000705c00000, 0x0000000800000000)
  region size 2048K, 3 young (6144K), 3 survivors (6144K)
}
Event: 14.672 {heap Before GC invocations=19 (full 0):
 garbage-first heap   total reserved 4100096K, committed 114688K, used 103660K [0x0000000705c00000, 0x0000000800000000)
  region size 2048K, 30 young (61440K), 3 survivors (6144K)
}
Event: 14.697 {heap After GC invocations=20 (full 0):
 garbage-first heap   total reserved 4100096K, committed 116736K, used 54606K [0x0000000705c00000, 0x0000000800000000)
  region size 2048K, 4 young (8192K), 4 survivors (8192K)
}
Event: 14.899 {heap Before GC invocations=20 (full 0):
 garbage-first heap   total reserved 4100096K, committed 116736K, used 101710K [0x0000000705c00000, 0x0000000800000000)
  region size 2048K, 27 young (55296K), 4 survivors (8192K)
}
Event: 14.925 {heap After GC invocations=21 (full 0):
 garbage-first heap   total reserved 4100096K, committed 116736K, used 54590K [0x0000000705c00000, 0x0000000800000000)
  region size 2048K, 1 young (2048K), 1 survivors (2048K)
}
Event: 15.370 {heap Before GC invocations=21 (full 0):
 garbage-first heap   total reserved 4100096K, committed 116736K, used 103742K [0x0000000705c00000, 0x0000000800000000)
  region size 2048K, 25 young (51200K), 1 survivors (2048K)
}
Event: 15.377 {heap After GC invocations=22 (full 0):
 garbage-first heap   total reserved 4100096K, committed 116736K, used 55945K [0x0000000705c00000, 0x0000000800000000)
  region size 2048K, 2 young (4096K), 2 survivors (4096K)
}
Event: 15.797 {heap Before GC invocations=23 (full 0):
 garbage-first heap   total reserved 4100096K, committed 116736K, used 105097K [0x0000000705c00000, 0x0000000800000000)
  region size 2048K, 26 young (53248K), 2 survivors (4096K)
}
Event: 15.816 {heap After GC invocations=24 (full 0):
 garbage-first heap   total reserved 4100096K, committed 116736K, used 59276K [0x0000000705c00000, 0x0000000800000000)
  region size 2048K, 3 young (6144K), 3 survivors (6144K)
}
Event: 16.067 {heap Before GC invocations=24 (full 0):
 garbage-first heap   total reserved 4100096K, committed 116736K, used 106380K [0x0000000705c00000, 0x0000000800000000)
  region size 2048K, 26 young (53248K), 3 survivors (6144K)
}
Event: 16.082 {heap After GC invocations=25 (full 0):
 garbage-first heap   total reserved 4100096K, committed 116736K, used 57152K [0x0000000705c00000, 0x0000000800000000)
  region size 2048K, 1 young (2048K), 1 survivors (2048K)
}
Event: 16.378 {heap Before GC invocations=25 (full 0):
 garbage-first heap   total reserved 4100096K, committed 116736K, used 106304K [0x0000000705c00000, 0x0000000800000000)
  region size 2048K, 25 young (51200K), 1 survivors (2048K)
}
Event: 16.387 {heap After GC invocations=26 (full 0):
 garbage-first heap   total reserved 4100096K, committed 206848K, used 58126K [0x0000000705c00000, 0x0000000800000000)
  region size 2048K, 2 young (4096K), 2 survivors (4096K)
}

Metaspace Usage History (20 events):
Event: 12.237 {metaspace Before GC invocations=14 (full 0):
 Metaspace       used 67785K, committed 68416K, reserved 1114112K
  class space    used 9890K, committed 10176K, reserved 1048576K
}
Event: 12.246 {metaspace After GC invocations=15 (full 0):
 Metaspace       used 67785K, committed 68416K, reserved 1114112K
  class space    used 9890K, committed 10176K, reserved 1048576K
}
Event: 12.837 {metaspace Before GC invocations=15 (full 0):
 Metaspace       used 74731K, committed 75392K, reserved 1114112K
  class space    used 10664K, committed 10944K, reserved 1048576K
}
Event: 12.845 {metaspace After GC invocations=16 (full 0):
 Metaspace       used 74731K, committed 75392K, reserved 1114112K
  class space    used 10664K, committed 10944K, reserved 1048576K
}
Event: 13.514 {metaspace Before GC invocations=16 (full 0):
 Metaspace       used 81113K, committed 81728K, reserved 1179648K
  class space    used 11712K, committed 11968K, reserved 1048576K
}
Event: 13.523 {metaspace After GC invocations=17 (full 0):
 Metaspace       used 81113K, committed 81728K, reserved 1179648K
  class space    used 11712K, committed 11968K, reserved 1048576K
}
Event: 14.155 {metaspace Before GC invocations=17 (full 0):
 Metaspace       used 87657K, committed 88320K, reserved 1179648K
  class space    used 12654K, committed 12928K, reserved 1048576K
}
Event: 14.174 {metaspace After GC invocations=18 (full 0):
 Metaspace       used 87657K, committed 88320K, reserved 1179648K
  class space    used 12654K, committed 12928K, reserved 1048576K
}
Event: 14.672 {metaspace Before GC invocations=19 (full 0):
 Metaspace       used 89677K, committed 90240K, reserved 1179648K
  class space    used 13179K, committed 13440K, reserved 1048576K
}
Event: 14.697 {metaspace After GC invocations=20 (full 0):
 Metaspace       used 89677K, committed 90240K, reserved 1179648K
  class space    used 13179K, committed 13440K, reserved 1048576K
}
Event: 14.899 {metaspace Before GC invocations=20 (full 0):
 Metaspace       used 89690K, committed 90304K, reserved 1179648K
  class space    used 13179K, committed 13440K, reserved 1048576K
}
Event: 14.925 {metaspace After GC invocations=21 (full 0):
 Metaspace       used 89690K, committed 90304K, reserved 1179648K
  class space    used 13179K, committed 13440K, reserved 1048576K
}
Event: 15.370 {metaspace Before GC invocations=21 (full 0):
 Metaspace       used 92723K, committed 93312K, reserved 1179648K
  class space    used 13753K, committed 14016K, reserved 1048576K
}
Event: 15.377 {metaspace After GC invocations=22 (full 0):
 Metaspace       used 92723K, committed 93312K, reserved 1179648K
  class space    used 13753K, committed 14016K, reserved 1048576K
}
Event: 15.797 {metaspace Before GC invocations=23 (full 0):
 Metaspace       used 94311K, committed 94976K, reserved 1179648K
  class space    used 14081K, committed 14336K, reserved 1048576K
}
Event: 15.816 {metaspace After GC invocations=24 (full 0):
 Metaspace       used 94311K, committed 94976K, reserved 1179648K
  class space    used 14081K, committed 14336K, reserved 1048576K
}
Event: 16.067 {metaspace Before GC invocations=24 (full 0):
 Metaspace       used 94427K, committed 95040K, reserved 1179648K
  class space    used 14090K, committed 14336K, reserved 1048576K
}
Event: 16.082 {metaspace After GC invocations=25 (full 0):
 Metaspace       used 94427K, committed 95040K, reserved 1179648K
  class space    used 14090K, committed 14336K, reserved 1048576K
}
Event: 16.378 {metaspace Before GC invocations=25 (full 0):
 Metaspace       used 94617K, committed 95296K, reserved 1179648K
  class space    used 14103K, committed 14400K, reserved 1048576K
}
Event: 16.387 {metaspace After GC invocations=26 (full 0):
 Metaspace       used 94617K, committed 95296K, reserved 1179648K
  class space    used 14103K, committed 14400K, reserved 1048576K
}

Dll operation events (20 events):
Event: 0.032 Attempting to load shared library C:\Users\HASAN\AppData\Local\Programs\Eclipse Adoptium\jdk-25.0.4.7-hotspot\bin\nio.dll
Event: 0.032 Loaded shared library C:\Users\HASAN\AppData\Local\Programs\Eclipse Adoptium\jdk-25.0.4.7-hotspot\bin\nio.dll
Event: 0.033 Attempting to load shared library C:\Users\HASAN\AppData\Local\Programs\Eclipse Adoptium\jdk-25.0.4.7-hotspot\bin\zip.dll
Event: 0.034 Loaded shared library C:\Users\HASAN\AppData\Local\Programs\Eclipse Adoptium\jdk-25.0.4.7-hotspot\bin\zip.dll
Event: 0.087 Attempting to load shared library C:\Users\HASAN\AppData\Local\Programs\Eclipse Adoptium\jdk-25.0.4.7-hotspot\bin\management.dll
Event: 0.088 Loaded shared library C:\Users\HASAN\AppData\Local\Programs\Eclipse Adoptium\jdk-25.0.4.7-hotspot\bin\management.dll
Event: 0.089 Attempting to load shared library C:\Users\HASAN\AppData\Local\Programs\Eclipse Adoptium\jdk-25.0.4.7-hotspot\bin\management_ext.dll
Event: 0.089 Loaded shared library C:\Users\HASAN\AppData\Local\Programs\Eclipse Adoptium\jdk-25.0.4.7-hotspot\bin\management_ext.dll
Event: 0.099 Attempting to load shared library C:\Users\HASAN\AppData\Local\Programs\Eclipse Adoptium\jdk-25.0.4.7-hotspot\bin\jimage.dll
Event: 0.099 Loaded shared library C:\Users\HASAN\AppData\Local\Programs\Eclipse Adoptium\jdk-25.0.4.7-hotspot\bin\jimage.dll
Event: 1.605 Attempting to load shared library C:\Users\HASAN\AppData\Local\Programs\Eclipse Adoptium\jdk-25.0.4.7-hotspot\bin\sunmscapi.dll
Event: 1.609 Loaded shared library C:\Users\HASAN\AppData\Local\Programs\Eclipse Adoptium\jdk-25.0.4.7-hotspot\bin\sunmscapi.dll
Event: 2.382 Attempting to load shared library C:\Users\HASAN\AppData\Local\Programs\Eclipse Adoptium\jdk-25.0.4.7-hotspot\bin\extnet.dll
Event: 2.382 Loaded shared library C:\Users\HASAN\AppData\Local\Programs\Eclipse Adoptium\jdk-25.0.4.7-hotspot\bin\extnet.dll
Event: 3.877 Attempting to load shared library C:\Users\HASAN\AppData\Local\Programs\Eclipse Adoptium\jdk-25.0.4.7-hotspot\bin\instrument.dll
Event: 3.877 Loaded shared library C:\Users\HASAN\AppData\Local\Programs\Eclipse Adoptium\jdk-25.0.4.7-hotspot\bin\instrument.dll
Event: 3.879 Attempting to load shared library C:\Users\HASAN\AppData\Local\Programs\Eclipse Adoptium\jdk-25.0.4.7-hotspot\bin\zip.dll
Event: 3.879 Loaded shared library C:\Users\HASAN\AppData\Local\Programs\Eclipse Adoptium\jdk-25.0.4.7-hotspot\bin\zip.dll
Event: 3.884 Attempting to load shared library C:\Users\HASAN\AppData\Local\Programs\Eclipse Adoptium\jdk-25.0.4.7-hotspot\bin\instrument.dll
Event: 3.884 Loaded shared library C:\Users\HASAN\AppData\Local\Programs\Eclipse Adoptium\jdk-25.0.4.7-hotspot\bin\instrument.dll

Deoptimization events (20 events):
Event: 19.652 Thread 0x0000028a272e3830 Uncommon trap: trap_request=0xffffffde fr.pc=0x0000028a3a025774 relative=0x0000000000000074
Event: 19.652 Thread 0x0000028a272e3830 Uncommon trap: reason=class_check action=maybe_recompile pc=0x0000028a3a025774 method=java.security.MessageDigest$Delegate.engineDigest()[B @ 4 c2
Event: 19.652 Thread 0x0000028a272e3830 DEOPT PACKING pc=0x0000028a3a025774 sp=0x00000099551fb840
Event: 19.652 Thread 0x0000028a272e3830 DEOPT UNPACKING pc=0x0000028a39851e82 sp=0x00000099551fb778 mode 2
Event: 19.652 Thread 0x0000028a272e3830 Uncommon trap: trap_request=0xffffff5e fr.pc=0x0000028a3a35be5c relative=0x00000000000008dc
Event: 19.652 Thread 0x0000028a272e3830 Uncommon trap: reason=speculate_class_check action=maybe_recompile pc=0x0000028a3a35be5c method=sun.security.provider.DigestBase.engineDigest([BII)I @ 97 c2
Event: 19.652 Thread 0x0000028a272e3830 DEOPT PACKING pc=0x0000028a3a35be5c sp=0x00000099551fb710
Event: 19.652 Thread 0x0000028a272e3830 DEOPT UNPACKING pc=0x0000028a39851e82 sp=0x00000099551fb678 mode 2
Event: 19.652 Thread 0x0000028a272e3830 Uncommon trap: trap_request=0xffffff5e fr.pc=0x0000028a3a359444 relative=0x0000000000000744
Event: 19.652 Thread 0x0000028a272e3830 Uncommon trap: reason=speculate_class_check action=maybe_recompile pc=0x0000028a3a359444 method=sun.security.provider.DigestBase.engineReset()V @ 11 c2
Event: 19.652 Thread 0x0000028a272e3830 DEOPT PACKING pc=0x0000028a3a359444 sp=0x00000099551fb760
Event: 19.652 Thread 0x0000028a272e3830 DEOPT UNPACKING pc=0x0000028a39851e82 sp=0x00000099551fb6d8 mode 2
Event: 19.653 Thread 0x0000028a272e3830 Uncommon trap: trap_request=0xffffffde fr.pc=0x0000028a3a359fb8 relative=0x00000000000006b8
Event: 19.653 Thread 0x0000028a272e3830 Uncommon trap: reason=class_check action=maybe_recompile pc=0x0000028a3a359fb8 method=java.security.MessageDigest$Delegate.engineDigest([BII)I @ 7 c2
Event: 19.653 Thread 0x0000028a272e3830 DEOPT PACKING pc=0x0000028a3a359fb8 sp=0x00000099551fb7c0
Event: 19.653 Thread 0x0000028a272e3830 DEOPT UNPACKING pc=0x0000028a39851e82 sp=0x00000099551fb728 mode 2
Event: 19.653 Thread 0x0000028a272e3830 Uncommon trap: trap_request=0xffffffde fr.pc=0x0000028a3a35ec54 relative=0x0000000000000854
Event: 19.653 Thread 0x0000028a272e3830 Uncommon trap: reason=class_check action=maybe_recompile pc=0x0000028a3a35ec54 method=sun.security.provider.DigestBase.engineDigest([BII)I @ 97 c2
Event: 19.653 Thread 0x0000028a272e3830 DEOPT PACKING pc=0x0000028a3a35ec54 sp=0x00000099551fb6c0
Event: 19.653 Thread 0x0000028a272e3830 DEOPT UNPACKING pc=0x0000028a39851e82 sp=0x00000099551fb6b0 mode 2

Classes loaded (20 events):
Event: 19.755 Loading class com/fasterxml/jackson/databind/deser/impl/JDKValueInstantiators$ConcurrentHashMapInstantiator
Event: 19.755 Loading class com/fasterxml/jackson/databind/deser/impl/JDKValueInstantiators$ConcurrentHashMapInstantiator done
Event: 19.756 Loading class com/fasterxml/jackson/databind/deser/impl/JDKValueInstantiators$TreeMapInstantiator
Event: 19.756 Loading class com/fasterxml/jackson/databind/deser/impl/JDKValueInstantiators$TreeMapInstantiator done
Event: 19.756 Loading class com/fasterxml/jackson/databind/deser/impl/JDKValueInstantiators$PropertiesInstantiator
Event: 19.756 Loading class com/fasterxml/jackson/databind/deser/impl/JDKValueInstantiators$PropertiesInstantiator done
Event: 19.757 Loading class com/fasterxml/jackson/core/JsonLocation
Event: 19.757 Loading class com/fasterxml/jackson/core/JsonLocation done
Event: 19.758 Loading class com/fasterxml/jackson/databind/deser/impl/NullsConstantProvider
Event: 19.758 Loading class com/fasterxml/jackson/databind/deser/impl/NullsConstantProvider done
Event: 19.759 Loading class com/fasterxml/jackson/databind/util/AccessPattern
Event: 19.759 Loading class com/fasterxml/jackson/databind/util/AccessPattern done
Event: 19.760 Loading class com/fasterxml/jackson/databind/annotation/JacksonStdImpl
Event: 19.760 Loading class com/fasterxml/jackson/databind/annotation/JacksonStdImpl done
Event: 19.764 Loading class com/fasterxml/jackson/databind/deser/std/NumberDeserializers
Event: 19.764 Loading class com/fasterxml/jackson/databind/deser/std/NumberDeserializers done
Event: 19.765 Loading class com/fasterxml/jackson/databind/deser/std/NumberDeserializers$IntegerDeserializer
Event: 19.765 Loading class com/fasterxml/jackson/databind/deser/std/NumberDeserializers$IntegerDeserializer done
Event: 19.766 Loading class com/fasterxml/jackson/databind/deser/std/NumberDeserializers$PrimitiveOrWrapperDeserializer
Event: 19.766 Loading class com/fasterxml/jackson/databind/deser/std/NumberDeserializers$PrimitiveOrWrapperDeserializer done

Classes unloaded (0 events):
No events

Classes redefined (13 events):
Event: 5.134 Thread 0x0000028a495f2050 redefined class name=java.lang.Object, count=1
Event: 5.134 Thread 0x0000028a495f2050 redefined class name=com.food.foodapp.address.service.AddressService, count=2
Event: 17.647 Thread 0x0000028a495f2050 redefined class name=com.food.foodapp.address.repository.AddressRepository, count=2
Event: 17.647 Thread 0x0000028a495f2050 redefined class name=org.springframework.data.jpa.repository.JpaRepository, count=2
Event: 17.647 Thread 0x0000028a495f2050 redefined class name=org.springframework.data.repository.Repository, count=2
Event: 17.647 Thread 0x0000028a495f2050 redefined class name=org.springframework.data.repository.query.QueryByExampleExecutor, count=2
Event: 17.647 Thread 0x0000028a495f2050 redefined class name=org.springframework.data.repository.CrudRepository, count=2
Event: 17.647 Thread 0x0000028a495f2050 redefined class name=org.springframework.data.repository.PagingAndSortingRepository, count=2
Event: 17.647 Thread 0x0000028a495f2050 redefined class name=org.springframework.data.repository.ListCrudRepository, count=2
Event: 17.647 Thread 0x0000028a495f2050 redefined class name=org.springframework.data.repository.ListPagingAndSortingRepository, count=2
Event: 18.101 Thread 0x0000028a495f2050 redefined class name=org.springframework.data.jpa.repository.JpaSpecificationExecutor, count=2
Event: 18.101 Thread 0x0000028a495f2050 redefined class name=com.food.foodapp.auth.repository.UserRepository, count=2
Event: 18.687 Thread 0x0000028a495f2050 redefined class name=com.food.foodapp.auth.security.UserContext, count=2

Internal exceptions (20 events):
Event: 13.942 Thread 0x0000028a272e3830 Exception <a 'java/lang/IncompatibleClassChangeError'{0x0000000709b8e328}: Found class java.lang.Object, but interface was expected> (0x0000000709b8e328) 
thrown [s\src\hotspot\share\interpreter\linkResolver.cpp, line 871]
Event: 14.192 Thread 0x0000028a272e3830 Exception <a 'java/lang/IncompatibleClassChangeError'{0x00000007ffea29d8}: Found class java.lang.Object, but interface was expected> (0x00000007ffea29d8) 
thrown [s\src\hotspot\share\interpreter\linkResolver.cpp, line 871]
Event: 14.247 Thread 0x0000028a272e3830 Exception <a 'java/lang/IncompatibleClassChangeError'{0x00000007fff63ec0}: Found class java.lang.Object, but interface was expected> (0x00000007fff63ec0) 
thrown [s\src\hotspot\share\interpreter\linkResolver.cpp, line 871]
Event: 16.856 Thread 0x0000028a272e3830 Exception <a 'java/lang/NoSuchMethodError'{0x0000000710505020}: 'int java.lang.invoke.DirectMethodHandle$Holder.invokeStatic(java.lang.Object, java.lang.Object, int, int)'> (0x0000000710505020) 
thrown [s\src\hotspot\share\interpreter\linkResolver.cpp, line 804]
Event: 16.920 Thread 0x0000028a272e3830 Exception <a 'java/lang/NoSuchMethodError'{0x000000071027fa70}: 'int java.lang.invoke.Invokers$Holder.invokeExact_MT(java.lang.Object, java.lang.Object, java.lang.Object)'> (0x000000071027fa70) 
thrown [s\src\hotspot\share\interpreter\linkResolver.cpp, line 804]
Event: 17.040 Thread 0x0000028a272e3830 Exception <a 'java/lang/NoSuchMethodError'{0x000000070fef2328}: 'void java.lang.invoke.DirectMethodHandle$Holder.invokeSpecialIFC(java.lang.Object, java.lang.Object, int, java.lang.Object, java.lang.Object, java.lang.Object, java.lang.Object)'> (0x000000070fef2328) 
thrown [s\src\hotspot\share\interpreter\linkResolver.cpp, line 804]
Event: 17.130 Thread 0x0000028a272e3830 Exception <a 'java/lang/IncompatibleClassChangeError'{0x000000070fd72198}: Found class java.lang.Object, but interface was expected> (0x000000070fd72198) 
thrown [s\src\hotspot\share\interpreter\linkResolver.cpp, line 871]
Event: 17.137 Thread 0x0000028a272e3830 Exception <a 'java/lang/NoSuchMethodError'{0x000000070fd9daf8}: 'void java.lang.invoke.Invokers$Holder.invokeExact_MT(java.lang.Object, java.lang.Object, int, java.lang.Object)'> (0x000000070fd9daf8) 
thrown [s\src\hotspot\share\interpreter\linkResolver.cpp, line 804]
Event: 17.196 Thread 0x0000028a272e3830 Exception <a 'java/lang/NoSuchMethodError'{0x000000070fab38a8}: 'java.lang.Object java.lang.invoke.DirectMethodHandle$Holder.invokeStatic(java.lang.Object, java.lang.Object, java.lang.Object, java.lang.Object, java.lang.Object, java.lang.Object, java.lang.Object, java.lang.Object, java.lang.Object, int)'> (0x000000070fab38a8) 
thrown [s\src\hotspot\share\interpreter\linkResolver.cpp, line 804]
Event: 17.198 Thread 0x0000028a272e3830 Exception <a 'java/lang/NoSuchMethodError'{0x000000070fadaa60}: 'java.lang.Object java.lang.invoke.DirectMethodHandle$Holder.invokeStatic(java.lang.Object, java.lang.Object, java.lang.Object, java.lang.Object, java.lang.Object, java.lang.Object, java.lang.Object, java.lang.Object, int)'> (0x000000070fadaa60) 
thrown [s\src\hotspot\share\interpreter\linkResolver.cpp, line 804]
Event: 17.213 Thread 0x0000028a272e3830 Exception <a 'java/lang/NoSuchMethodError'{0x000000070fb561c0}: 'void java.lang.invoke.DirectMethodHandle$Holder.invokeSpecial(java.lang.Object, java.lang.Object, int, int, java.lang.Object)'> (0x000000070fb561c0) 
thrown [s\src\hotspot\share\interpreter\linkResolver.cpp, line 804]
Event: 17.214 Thread 0x0000028a272e3830 Exception <a 'java/lang/NoSuchMethodError'{0x000000070fb66838}: 'java.lang.Object java.lang.invoke.DirectMethodHandle$Holder.newInvokeSpecial(java.lang.Object, java.lang.Object, int, int)'> (0x000000070fb66838) 
thrown [s\src\hotspot\share\interpreter\linkResolver.cpp, line 804]
Event: 17.241 Thread 0x0000028a272e3830 Exception <a 'java/lang/IncompatibleClassChangeError'{0x000000070fbc8598}: Found class java.lang.Object, but interface was expected> (0x000000070fbc8598) 
thrown [s\src\hotspot\share\interpreter\linkResolver.cpp, line 871]
Event: 17.322 Thread 0x0000028a272e3830 Exception <a 'java/lang/NoSuchMethodError'{0x000000070f9c7128}: 'double java.lang.invoke.DirectMethodHandle$Holder.invokeStatic(java.lang.Object, double)'> (0x000000070f9c7128) 
thrown [s\src\hotspot\share\interpreter\linkResolver.cpp, line 804]
Event: 17.323 Thread 0x0000028a272e3830 Exception <a 'java/lang/NoSuchMethodError'{0x000000070f9d6538}: 'double java.lang.invoke.DirectMethodHandle$Holder.invokeStaticInit(java.lang.Object, double)'> (0x000000070f9d6538) 
thrown [s\src\hotspot\share\interpreter\linkResolver.cpp, line 804]
Event: 17.886 Thread 0x0000028a272e3830 Exception <a 'java/lang/IncompatibleClassChangeError'{0x000000070f156fc8}: Found class java.lang.Object, but interface was expected> (0x000000070f156fc8) 
thrown [s\src\hotspot\share\interpreter\linkResolver.cpp, line 871]
Event: 18.786 Thread 0x0000028a272e3830 Exception <a 'java/lang/IncompatibleClassChangeError'{0x000000070e81ea08}: Found class java.lang.Object, but interface was expected> (0x000000070e81ea08) 
thrown [s\src\hotspot\share\interpreter\linkResolver.cpp, line 871]
Event: 19.026 Thread 0x0000028a272e3830 Exception <a 'java/lang/NoClassDefFoundError'{0x000000070e343cf0}: org/springframework/boot/testcontainers/service/connection/ContainerConnectionDetailsFactory> (0x000000070e343cf0) 
thrown [s\src\hotspot\share\classfile\systemDictionary.cpp, line 317]
Event: 19.027 Thread 0x0000028a272e3830 Exception <a 'java/lang/NoClassDefFoundError'{0x000000070e348c50}: org/springframework/boot/testcontainers/service/connection/ContainerConnectionDetailsFactory> (0x000000070e348c50) 
thrown [s\src\hotspot\share\classfile\systemDictionary.cpp, line 317]
Event: 19.601 Thread 0x0000028a272e3830 Implicit null exception at 0x0000028a3a1822b9 to 0x0000028a3a182618

VM Operations (20 events):
Event: 17.631 Executing safepoint VM operation: RedefineClasses
Event: 17.673 Executing safepoint VM operation: RedefineClasses done
Event: 17.679 Executing non-safepoint VM operation: HandshakeAllThreads (Deoptimize)
Event: 17.680 Executing non-safepoint VM operation: HandshakeAllThreads (Deoptimize) done
Event: 17.682 Executing non-safepoint VM operation: HandshakeAllThreads (Deoptimize)
Event: 17.682 Executing non-safepoint VM operation: HandshakeAllThreads (Deoptimize) done
Event: 17.780 Executing non-safepoint VM operation: HandshakeAllThreads (Deoptimize)
Event: 17.780 Executing non-safepoint VM operation: HandshakeAllThreads (Deoptimize) done
Event: 17.798 Executing non-safepoint VM operation: HandshakeAllThreads (Deoptimize)
Event: 17.798 Executing non-safepoint VM operation: HandshakeAllThreads (Deoptimize) done
Event: 17.868 Executing non-safepoint VM operation: HandshakeAllThreads (Deoptimize)
Event: 17.868 Executing non-safepoint VM operation: HandshakeAllThreads (Deoptimize) done
Event: 18.089 Executing safepoint VM operation: RedefineClasses
Event: 18.129 Executing safepoint VM operation: RedefineClasses done
Event: 18.654 Executing safepoint VM operation: RedefineClasses
Event: 18.753 Executing safepoint VM operation: RedefineClasses done
Event: 19.433 Executing non-safepoint VM operation: HandshakeAllThreads (Deoptimize)
Event: 19.433 Executing non-safepoint VM operation: HandshakeAllThreads (Deoptimize) done
Event: 19.650 Executing non-safepoint VM operation: HandshakeAllThreads (Deoptimize)
Event: 19.650 Executing non-safepoint VM operation: HandshakeAllThreads (Deoptimize) done

Memory protections (0 events):
No events

Nmethod flushes (20 events):
Event: 16.446 Thread 0x0000028a495f2050 flushing  nmethod 0x0000028a3256dd88
Event: 16.446 Thread 0x0000028a495f2050 flushing  nmethod 0x0000028a32572388
Event: 16.446 Thread 0x0000028a495f2050 flushing  nmethod 0x0000028a325c1e08
Event: 16.446 Thread 0x0000028a495f2050 flushing  nmethod 0x0000028a32600c08
Event: 16.446 Thread 0x0000028a495f2050 flushing  nmethod 0x0000028a32602b08
Event: 16.446 Thread 0x0000028a495f2050 flushing  nmethod 0x0000028a3260e508
Event: 16.446 Thread 0x0000028a495f2050 flushing  nmethod 0x0000028a3262c308
Event: 16.446 Thread 0x0000028a495f2050 flushing  nmethod 0x0000028a32641908
Event: 16.446 Thread 0x0000028a495f2050 flushing  nmethod 0x0000028a32645888
Event: 16.446 Thread 0x0000028a495f2050 flushing  nmethod 0x0000028a32668e08
Event: 16.446 Thread 0x0000028a495f2050 flushing  nmethod 0x0000028a3266d188
Event: 16.446 Thread 0x0000028a495f2050 flushing  nmethod 0x0000028a3267b588
Event: 16.446 Thread 0x0000028a495f2050 flushing  nmethod 0x0000028a32778708
Event: 16.446 Thread 0x0000028a495f2050 flushing  nmethod 0x0000028a32878f88
Event: 16.446 Thread 0x0000028a495f2050 flushing  nmethod 0x0000028a328ab108
Event: 16.446 Thread 0x0000028a495f2050 flushing  nmethod 0x0000028a328e4a88
Event: 16.446 Thread 0x0000028a495f2050 flushing  nmethod 0x0000028a3298a608
Event: 16.446 Thread 0x0000028a495f2050 flushing  nmethod 0x0000028a3298cd88
Event: 16.446 Thread 0x0000028a495f2050 flushing  nmethod 0x0000028a32f45b88
Event: 16.446 Thread 0x0000028a495f2050 flushing  nmethod 0x0000028a32ff9d08

Events (20 events):
Event: 14.020 Thread 0x0000028a4e1f46f0 Thread added: 0x0000028a53a5c640
Event: 14.177 Thread 0x0000028a53a5c640 Thread exited: 0x0000028a53a5c640
Event: 14.190 Thread 0x0000028a53a57db0 Thread exited: 0x0000028a53a57db0
Event: 14.454 Thread 0x0000028a4e12b0f0 Thread added: 0x0000028a53a56d90
Event: 14.469 Thread 0x0000028a4962cb90 Thread added: 0x0000028a53a5ce50
Event: 15.192 Thread 0x0000028a53a5ce50 Thread exited: 0x0000028a53a5ce50
Event: 15.192 Thread 0x0000028a53a56d90 Thread exited: 0x0000028a53a56d90
Event: 15.209 Thread 0x0000028a4962e760 Thread added: 0x0000028a50a38230
Event: 15.584 Thread 0x0000028a4962e760 Thread added: 0x0000028a50a351d0
Event: 17.072 Thread 0x0000028a50a351d0 Thread exited: 0x0000028a50a351d0
Event: 17.101 Thread 0x0000028a50a38230 Thread exited: 0x0000028a50a38230
Event: 17.674 Thread 0x0000028a560ac2a0 Thread exited: 0x0000028a560ac2a0
Event: 17.889 Thread 0x0000028a4962e760 Thread added: 0x0000028a50a351d0
Event: 18.485 Thread 0x0000028a50a351d0 Thread exited: 0x0000028a50a351d0
Event: 19.083 Thread 0x0000028a272e3830 Thread added: 0x0000028a51977b50
Event: 19.083 Thread 0x0000028a272e3830 Thread added: 0x0000028a5197c970
Event: 19.144 Thread 0x0000028a51977b50 Thread exited: 0x0000028a51977b50
Event: 19.144 Thread 0x0000028a5197c970 Thread exited: 0x0000028a5197c970
Event: 19.228 Thread 0x0000028a4e131300 Thread added: 0x0000028a50a351d0
Event: 19.470 Thread 0x0000028a50a351d0 Thread exited: 0x0000028a50a351d0


Dynamic libraries:
0x00007ff6f09c0000 - 0x00007ff6f09ce000 	C:\Users\HASAN\AppData\Local\Programs\Eclipse Adoptium\jdk-25.0.4.7-hotspot\bin\java.exe
0x00007fffa5d00000 - 0x00007fffa5f67000 	C:\WINDOWS\SYSTEM32\ntdll.dll
0x00007fffa41a0000 - 0x00007fffa426b000 	C:\WINDOWS\System32\KERNEL32.DLL
0x00007fffa3130000 - 0x00007fffa3532000 	C:\WINDOWS\System32\KERNELBASE.dll
0x00007fffa3670000 - 0x00007fffa37bc000 	C:\WINDOWS\System32\ucrtbase.dll
0x00007fff95cd0000 - 0x00007fff95ce6000 	C:\Users\HASAN\AppData\Local\Programs\Eclipse Adoptium\jdk-25.0.4.7-hotspot\bin\jli.dll
0x00007fff96280000 - 0x00007fff9629e000 	C:\Users\HASAN\AppData\Local\Programs\Eclipse Adoptium\jdk-25.0.4.7-hotspot\bin\VCRUNTIME140.dll
0x00007fffa3ab0000 - 0x00007fffa3c7f000 	C:\WINDOWS\System32\USER32.dll
0x00007fffa39f0000 - 0x00007fffa3a17000 	C:\WINDOWS\System32\win32u.dll
0x00007fff86430000 - 0x00007fff866c0000 	C:\WINDOWS\WinSxS\amd64_microsoft.windows.common-controls_6595b64144ccf1df_6.0.26100.9278_none_3e0d1ba8e3303201\COMCTL32.dll
0x00007fffa51c0000 - 0x00007fffa51eb000 	C:\WINDOWS\System32\GDI32.dll
0x00007fffa3ce0000 - 0x00007fffa3d89000 	C:\WINDOWS\System32\msvcrt.dll
0x00007fffa3540000 - 0x00007fffa3669000 	C:\WINDOWS\System32\gdi32full.dll
0x00007fffa2fc0000 - 0x00007fffa3063000 	C:\WINDOWS\System32\msvcp_win.dll
0x00007fffa4550000 - 0x00007fffa4581000 	C:\WINDOWS\System32\IMM32.DLL
0x00007fff9cb00000 - 0x00007fff9cb0c000 	C:\Users\HASAN\AppData\Local\Programs\Eclipse Adoptium\jdk-25.0.4.7-hotspot\bin\vcruntime140_1.dll
0x00007fff1baf0000 - 0x00007fff1bb7d000 	C:\Users\HASAN\AppData\Local\Programs\Eclipse Adoptium\jdk-25.0.4.7-hotspot\bin\msvcp140.dll
0x00007ffee4c80000 - 0x00007ffee5bb1000 	C:\Users\HASAN\AppData\Local\Programs\Eclipse Adoptium\jdk-25.0.4.7-hotspot\bin\server\jvm.dll
0x00007fffa4000000 - 0x00007fffa40bc000 	C:\WINDOWS\System32\ADVAPI32.dll
0x00007fffa4730000 - 0x00007fffa47d9000 	C:\WINDOWS\System32\sechost.dll
0x00007fffa5ba0000 - 0x00007fffa5cb8000 	C:\WINDOWS\System32\RPCRT4.dll
0x00007fffa3f70000 - 0x00007fffa3ff0000 	C:\WINDOWS\System32\WS2_32.dll
0x00007fffa1a30000 - 0x00007fffa1a8e000 	C:\WINDOWS\SYSTEM32\POWRPROF.dll
0x00007fff95bc0000 - 0x00007fff95bcb000 	C:\WINDOWS\SYSTEM32\VERSION.dll
0x00007fff93b90000 - 0x00007fff93bc6000 	C:\WINDOWS\SYSTEM32\WINMM.dll
0x00007fffa1a10000 - 0x00007fffa1a25000 	C:\WINDOWS\SYSTEM32\UMPDC.dll
0x00007fffa1cf0000 - 0x00007fffa1d0b000 	C:\WINDOWS\SYSTEM32\kernel.appcore.dll
0x00007fff968b0000 - 0x00007fff968ba000 	C:\Users\HASAN\AppData\Local\Programs\Eclipse Adoptium\jdk-25.0.4.7-hotspot\bin\jimage.dll
0x00007fffa0340000 - 0x00007fffa058c000 	C:\WINDOWS\SYSTEM32\DBGHELP.DLL
0x00007fffa5680000 - 0x00007fffa5a05000 	C:\WINDOWS\System32\combase.dll
0x00007fffa4f80000 - 0x00007fffa5059000 	C:\WINDOWS\System32\OLEAUT32.dll
0x00007fff81240000 - 0x00007fff8127b000 	C:\WINDOWS\SYSTEM32\dbgcore.DLL
0x00007fffa2f00000 - 0x00007fffa2fac000 	C:\WINDOWS\System32\bcryptPrimitives.dll
0x00007fff95bf0000 - 0x00007fff95c0e000 	C:\Users\HASAN\AppData\Local\Programs\Eclipse Adoptium\jdk-25.0.4.7-hotspot\bin\java.dll
0x00007fffa4590000 - 0x00007fffa472a000 	C:\WINDOWS\System32\ole32.dll
0x00007fffa47e0000 - 0x00007fffa4f78000 	C:\WINDOWS\System32\SHELL32.dll
0x00007fffa0960000 - 0x00007fffa120e000 	C:\WINDOWS\SYSTEM32\windows.storage.dll
0x00007fffa4330000 - 0x00007fffa442b000 	C:\WINDOWS\System32\SHCORE.dll
0x00007fffa4130000 - 0x00007fffa4196000 	C:\WINDOWS\System32\shlwapi.dll
0x00007fffa2e20000 - 0x00007fffa2e49000 	C:\WINDOWS\SYSTEM32\profapi.dll
0x00007fff8c8a0000 - 0x00007fff8c8b1000 	C:\Users\HASAN\AppData\Local\Programs\Eclipse Adoptium\jdk-25.0.4.7-hotspot\bin\net.dll
0x00007fffa22b0000 - 0x00007fffa231c000 	C:\WINDOWS\system32\mswsock.dll
0x00007fff87620000 - 0x00007fff87636000 	C:\Users\HASAN\AppData\Local\Programs\Eclipse Adoptium\jdk-25.0.4.7-hotspot\bin\nio.dll
0x00007fff87600000 - 0x00007fff87616000 	C:\Users\HASAN\AppData\Local\Programs\Eclipse Adoptium\jdk-25.0.4.7-hotspot\bin\zip.dll
0x00007fff8c890000 - 0x00007fff8c89a000 	C:\Users\HASAN\AppData\Local\Programs\Eclipse Adoptium\jdk-25.0.4.7-hotspot\bin\management.dll
0x00007fff86d10000 - 0x00007fff86d1c000 	C:\Users\HASAN\AppData\Local\Programs\Eclipse Adoptium\jdk-25.0.4.7-hotspot\bin\management_ext.dll
0x00007fffa5130000 - 0x00007fffa5138000 	C:\WINDOWS\System32\PSAPI.DLL
0x00007fff86a20000 - 0x00007fff86a2e000 	C:\Users\HASAN\AppData\Local\Programs\Eclipse Adoptium\jdk-25.0.4.7-hotspot\bin\sunmscapi.dll
0x00007fffa37d0000 - 0x00007fffa394e000 	C:\WINDOWS\System32\CRYPT32.dll
0x00007fffa27e0000 - 0x00007fffa2810000 	C:\WINDOWS\SYSTEM32\ncrypt.dll
0x00007fffa2790000 - 0x00007fffa27cf000 	C:\WINDOWS\SYSTEM32\NTASN1.dll
0x00007fff82e30000 - 0x00007fff82e39000 	C:\Users\HASAN\AppData\Local\Programs\Eclipse Adoptium\jdk-25.0.4.7-hotspot\bin\extnet.dll
0x00007fff81530000 - 0x00007fff8153f000 	C:\Users\HASAN\AppData\Local\Programs\Eclipse Adoptium\jdk-25.0.4.7-hotspot\bin\instrument.dll
0x00007fffa25a0000 - 0x00007fffa25bb000 	C:\WINDOWS\SYSTEM32\CRYPTSP.dll
0x00007fffa1c50000 - 0x00007fffa1c89000 	C:\WINDOWS\system32\rsaenh.dll
0x00007fffa2360000 - 0x00007fffa2394000 	C:\WINDOWS\SYSTEM32\USERENV.dll
0x00007fffa2df0000 - 0x00007fffa2e1a000 	C:\WINDOWS\SYSTEM32\bcrypt.dll
0x00007fffa25c0000 - 0x00007fffa25cc000 	C:\WINDOWS\SYSTEM32\CRYPTBASE.dll
0x00007fffa16c0000 - 0x00007fffa16f3000 	C:\WINDOWS\SYSTEM32\IPHLPAPI.DLL
0x00007fffa5b70000 - 0x00007fffa5b7a000 	C:\WINDOWS\System32\NSI.dll

JVMTI agents:
C:\Users\HASAN\.m2\repository\net\bytebuddy\byte-buddy-agent\1.18.10\byte-buddy-agent-1.18.10.jar path:C:\Users\HASAN\AppData\Local\Programs\Eclipse Adoptium\jdk-25.0.4.7-hotspot\bin\instrument.dll, loaded, initialized, dynamic instrumentlib options:none

dbghelp: loaded successfully - version: 4.0.5 - missing functions: none
symbol engine: initialized successfully - sym options: 0x614 - pdb path: .;C:\Users\HASAN\AppData\Local\Programs\Eclipse Adoptium\jdk-25.0.4.7-hotspot\bin;C:\WINDOWS\SYSTEM32;C:\WINDOWS\WinSxS\amd64_microsoft.windows.common-controls_6595b64144ccf1df_6.0.26100.9278_none_3e0d1ba8e3303201;C:\Users\HASAN\AppData\Local\Programs\Eclipse Adoptium\jdk-25.0.4.7-hotspot\bin\server

VM Arguments:
java_command: C:\Users\HASAN\AppData\Local\Temp\surefire6429961550371606851\surefirebooter-20260913025347724_3.jar C:\Users\HASAN\AppData\Local\Temp\surefire6429961550371606851 2026-09-13T02-53-47_597-jvmRun1 surefire-20260913025347724_1tmp surefire_0-20260913025347724_2tmp
java_class_path (initial): C:\Users\HASAN\AppData\Local\Temp\surefire6429961550371606851\surefirebooter-20260913025347724_3.jar
Launcher Type: SUN_STANDARD

[Global flags]
     intx CICompilerCount                          = 12                                        {product} {ergonomic}
     uint ConcGCThreads                            = 4                                         {product} {ergonomic}
     uint G1ConcRefinementThreads                  = 15                                        {product} {ergonomic}
   size_t G1HeapRegionSize                         = 2097152                                   {product} {ergonomic}
   size_t InitialHeapSize                          = 264241152                                 {product} {ergonomic}
   size_t MarkStackSize                            = 4194304                                   {product} {ergonomic}
   size_t MarkStackSizeMax                         = 536870912                                 {product} {ergonomic}
   size_t MaxHeapSize                              = 4198498304                                {product} {ergonomic}
   size_t MaxNewSize                               = 2518679552                                {product} {ergonomic}
   size_t MinHeapDeltaBytes                        = 2097152                                   {product} {ergonomic}
   size_t MinHeapSize                              = 8388608                                   {product} {ergonomic}
    uintx NonNMethodCodeHeapSize                   = 7667712                                {pd product} {ergonomic}
    uintx NonProfiledCodeHeapSize                  = 122028032                              {pd product} {ergonomic}
    uintx ProfiledCodeHeapSize                     = 122028032                              {pd product} {ergonomic}
    uintx ReservedCodeCacheSize                    = 251723776                              {pd product} {ergonomic}
     bool SegmentedCodeCache                       = true                                      {product} {ergonomic}
   size_t SoftMaxHeapSize                          = 4198498304                             {manageable} {ergonomic}
     bool UseCompressedOops                        = true                           {product lp64_product} {ergonomic}
     bool UseG1GC                                  = true                                      {product} {ergonomic}
     bool UseLargePagesIndividualAllocation        = false                                  {pd product} {ergonomic}

Logging:
Log output configuration:
 #0: stdout all=warning uptime,level,tags foldmultilines=false
 #1: stderr all=off uptime,level,tags foldmultilines=false

Release file:
IMPLEMENTOR="Eclipse Adoptium" 
IMPLEMENTOR_VERSION="Temurin-25.0.4+7" 
JAVA_RUNTIME_VERSION="25.0.4+7-LTS" 
JAVA_VERSION="25.0.4" 
JAVA_VERSION_DATE="2026-07-21" 
LIBC="default" 
MODULES="java.base java.compiler java.datatransfer java.xml java.prefs java.desktop java.instrument java.logging java.management java.security.sasl java.naming java.rmi java.management.rmi java.net.http java.scripting java.security.jgss java.transaction.xa java.sql java.sql.rowset java.xml.crypto java.se java.smartcardio jdk.accessibility jdk.internal.jvmstat jdk.attach jdk.charsets jdk.internal.opt jdk.zipfs jdk.compiler jdk.crypto.cryptoki jdk.crypto.ec jdk.crypto.mscapi jdk.dynalink jdk.internal.ed jdk.editpad jdk.internal.vm.ci jdk.graal.compiler jdk.graal.compiler.management jdk.hotspot.agent jdk.httpserver jdk.incubator.vector jdk.internal.le jdk.internal.md jdk.jartool jdk.javadoc jdk.jcmd jdk.management jdk.management.agent jdk.jconsole jdk.jdeps jdk.jdwp.agent jdk.jdi jdk.jfr jdk.jlink jdk.jpackage jdk.jshell jdk.jsobject jdk.jstatd jdk.localedata jdk.management.jfr jdk.naming.dns jdk.naming.rmi jdk.net jdk.nio.mapmode jdk.sctp jdk.security.auth jdk.security.jgss jdk.unsupported jdk.unsupported.desktop jdk.xml.dom" 
OS_ARCH="x86_64" 
OS_NAME="Windows" 
SOURCE=".:git:a2ce02c38bc9" 
BUILD_SOURCE="git:e6ba7dec3d07654074559310376a3ae89da5f4ac"
BUILD_SOURCE_REPO="https://github.com/adoptium/temurin-build.git"
SOURCE_REPO="https://github.com/adoptium/jdk25u.git"
FULL_VERSION="25.0.4+7-LTS"
SEMANTIC_VERSION="25.0.4+7"
BUILD_INFO="OS: Windows Server 2022 Version: 10.0"
JVM_VARIANT="Hotspot"
JVM_VERSION="25.0.4+7-LTS"
IMAGE_TYPE="JDK"

Environment Variables:
JAVA_HOME=C:\Users\HASAN\AppData\Local\Programs\Eclipse Adoptium\jdk-25.0.4.7-hotspot\
PATH=C:\Users\HASAN\bin;C:\Program Files\Git\mingw64\bin;C:\Program Files\Git\usr\local\bin;C:\Program Files\Git\usr\bin;C:\Program Files\Git\usr\bin;C:\Program Files\Git\mingw64\bin;C:\Program Files\Git\usr\bin;C:\Users\HASAN\bin;C:\Users\HASAN\OneDrive\Desktop\project python\Scripts;C:\Users\HASAN\OneDrive\Desktop\project python;C:\Windows\system32;C:\Windows;C:\Windows\System32\Wbem;C:\Windows\System32\WindowsPowerShell\v1.0;C:\Windows\System32\OpenSSH;C:\Program Files (x86)\NVIDIA Corporation\PhysX\Common;C:\WINDOWS\system32;C:\WINDOWS;C:\WINDOWS\System32\Wbem;C:\WINDOWS\System32\WindowsPowerShell\v1.0;C:\WINDOWS\System32\OpenSSH;C:\MinGW\bin;C:\Program Files\NVIDIA Corporation\NVIDIA app\NvDLISR;C:\Users\HASAN\OneDrive\Desktop\project python;C:\Users\HASAN\OneDrive\Desktop\project python\Scripts;C:\Program Files\Git\cmd;C:\Program Files (x86)\Microsoft SQL Server\160\Tools\Binn;C:\Program Files\Microsoft SQL Server\160\Tools\Binn;C:\Program Files\Microsoft SQL Server\Client SDK\ODBC\170\Tools\Binn;C:\Program Files\Microsoft SQL Server\160\DTS\Binn;C:\Program Files\nodejs;C:\ProgramData\Microsoft\Windows\Start Menu\Programs\JetBrains;C:\Program Files\Docker\Docker\resources\bin;C:\Program Files\GitHub CLI;C:\Users\HASAN\AppData\Local\Programs\Eclipse Adoptium\jdk-25.0.4.7-hotspot\bin;C:\Users\HASAN\AppData\Local\Microsoft\WindowsApps;C:\Users\HASAN\AppData\Local\Programs\Microsoft VS Code\bin;C:\Users\HASAN\AppData\Local\GitHubDesktop\bin;C:\Users\HASAN\AppData\Roaming\npm;C:\Users\HASAN\AppData\Local\Programs\Antigravity\bin;C:\Users\HASAN\.local\bin;C:\Program Files\Git\usr\bin\vendor_perl;C:\Program Files\Git\usr\bin\core_perl
USERNAME=HASAN
SHELL=C:\Program Files\Git\bin\bash.exe
TERM=xterm-256color
OS=Windows_NT
PROCESSOR_IDENTIFIER=Intel64 Family 6 Model 186 Stepping 2, GenuineIntel
TMP=C:\Users\HASAN\AppData\Local\Temp
TEMP=C:\Users\HASAN\AppData\Local\Temp




Compilation memory statistics disabled.

Periodic native trim disabled

---------------  S Y S T E M  ---------------

OS:
 Windows 11 , 64 bit Build 26100 (10.0.26100.9444)
OS uptime: 0 days 7:40 hours
Hyper-V role detected

CPU: total 20 (initial active 20) (10 cores per cpu, 2 threads per core) family 6 model 186 stepping 2 microcode 0x5105, cx8, cmov, fxsr, ht, mmx, 3dnowpref, sse, sse2, sse3, ssse3, sse4.1, sse4.2, popcnt, lzcnt, tsc, tscinvbit, avx, avx2, aes, erms, clmul, bmi1, bmi2, adx, sha, fma, vzeroupper, clflush, clflushopt, clwb, hv, serialize, rdtscp, rdpid, fsrm, gfni, f16c, cet_ibt, cet_ss
Processor Information for processor 0
  Max Mhz: 2400, Current Mhz: 2400, Mhz Limit: 2400
Processor Information for processor 1
  Max Mhz: 2400, Current Mhz: 2400, Mhz Limit: 2400
Processor Information for processor 2
  Max Mhz: 2400, Current Mhz: 2400, Mhz Limit: 2400
Processor Information for processor 3
  Max Mhz: 2400, Current Mhz: 2400, Mhz Limit: 2400
Processor Information for processor 4
  Max Mhz: 2400, Current Mhz: 2400, Mhz Limit: 2400
Processor Information for processor 5
  Max Mhz: 2400, Current Mhz: 2400, Mhz Limit: 2400
Processor Information for processor 6
  Max Mhz: 2400, Current Mhz: 1520, Mhz Limit: 2400
Processor Information for processor 7
  Max Mhz: 2400, Current Mhz: 2400, Mhz Limit: 2400
Processor Information for processor 8
  Max Mhz: 2400, Current Mhz: 2400, Mhz Limit: 2400
Processor Information for processor 9
  Max Mhz: 2400, Current Mhz: 2400, Mhz Limit: 2400
Processor Information for processor 10
  Max Mhz: 2400, Current Mhz: 2400, Mhz Limit: 2400
Processor Information for processor 11
  Max Mhz: 2400, Current Mhz: 2400, Mhz Limit: 2400
Processor Information for processor 12
  Max Mhz: 2400, Current Mhz: 1800, Mhz Limit: 1800
Processor Information for processor 13
  Max Mhz: 2400, Current Mhz: 1500, Mhz Limit: 1800
Processor Information for processor 14
  Max Mhz: 2400, Current Mhz: 1800, Mhz Limit: 1800
Processor Information for processor 15
  Max Mhz: 2400, Current Mhz: 1800, Mhz Limit: 1800
Processor Information for processor 16
  Max Mhz: 2400, Current Mhz: 1800, Mhz Limit: 1800
Processor Information for processor 17
  Max Mhz: 2400, Current Mhz: 1800, Mhz Limit: 1800
Processor Information for processor 18
  Max Mhz: 2400, Current Mhz: 1800, Mhz Limit: 1800
Processor Information for processor 19
  Max Mhz: 2400, Current Mhz: 1800, Mhz Limit: 1800

Memory: 4k page, system-wide physical 16010M (486M free)
TotalPageFile size 24202M (AvailPageFile size 106M)
current process WorkingSet (physical memory assigned to process): 442M, peak: 442M
current process commit charge ("private bytes"): 524M, peak: 531M

vm_info: OpenJDK 64-Bit Server VM (25.0.4+7-LTS) for windows-amd64 JRE (25.0.4+7-LTS), built on 2026-07-21T00:00:00Z with MS VC++ 17.12 (VS2022)

END.
